attribute_concept,masked_display_value,value_hash,global_frequency,frequency_by_source,source_count,rule2_status,reason,profiling_transformation,affected_records,potential_pair_incidences
device_id,KIO…-1,1d50e4f30531ec345a725e514a0c6dd06ce80e02fcbf49285f7aba8b73498378,40000,"{""app_users"": 14131, ""store_customers"": 25869}",2,worthless,"Observed on 40,000 physical records; strict Rule 2 threshold is greater than 40.",trim only,40000,799980000
city,R***,38aa0c81ee5fb143feae558a162875448150e3652223ca0b4acd372cd962a4fe,22259,"{""ticketing"": 22259}",1,worthless,"Observed on 22,259 physical records; strict Rule 2 threshold is greater than 40.",trim only,22259,247720411
country,I***,8b2c3391ea57fb4031878e60d7c5226276e2595c4e75561ff97fd55feed75b1d,12686,"{""app_users"": 6098, ""store_customers"": 4073, ""subscriptions"": 2515}",3,worthless,"Observed on 12,686 physical records; strict Rule 2 threshold is greater than 40.",trim only,12686,80460955
country,Uni…es,b2da265145e0198d75010467fcb670146ddc3b23a3432c078876c120fd24b336,12667,"{""app_users"": 6134, ""store_customers"": 4080, ""subscriptions"": 2453}",3,worthless,"Observed on 12,667 physical records; strict Rule 2 threshold is greater than 40.",trim only,12667,80220111
country,I**,54c3f4a303809fc998fae7b72d27c52f3fa1de068b27eb9e8ae1c0a8cf9bf6f7,12638,"{""app_users"": 6081, ""store_customers"": 3983, ""subscriptions"": 2574}",3,worthless,"Observed on 12,638 physical records; strict Rule 2 threshold is greater than 40.",trim only,12638,79853203
country,U***,55a405993b4c69eab7b62ef22f64b1037da38d67466645a8d78d06d0a8fe71c6,12636,"{""app_users"": 6040, ""store_customers"": 4047, ""subscriptions"": 2549}",3,worthless,"Observed on 12,636 physical records; strict Rule 2 threshold is greater than 40.",trim only,12636,79827930
country,Uni…om,d8244a2671d88d2b11ba7ee76b38a5eac8e7cef6a0f17a3b23f5394a48e57981,12613,"{""app_users"": 6032, ""store_customers"": 4054, ""subscriptions"": 2527}",3,worthless,"Observed on 12,613 physical records; strict Rule 2 threshold is greater than 40.",trim only,12613,79537578
country,G**,a0e25654456095d9b99bf8d23c29ee42db431ce6d6b661a7ffd7303896d85b7c,12556,"{""app_users"": 6115, ""store_customers"": 4004, ""subscriptions"": 2437}",3,worthless,"Observed on 12,556 physical records; strict Rule 2 threshold is greater than 40.",trim only,12556,78820290
country,A**,6f24b70609a682c1833552c293d440d94858a266785224be20385bddfe8eb2b2,12531,"{""app_users"": 6005, ""store_customers"": 4041, ""subscriptions"": 2485}",3,worthless,"Observed on 12,531 physical records; strict Rule 2 threshold is greater than 40.",trim only,12531,78506715
country,A**,4bf271bcb3ae5111f108dae00136d6a52f8167689393d70d71c4df4e949820f2,12513,"{""app_users"": 5989, ""store_customers"": 4048, ""subscriptions"": 2476}",3,worthless,"Observed on 12,513 physical records; strict Rule 2 threshold is greater than 40.",trim only,12513,78281328
country,I***,d04fd0f5bb9ae5ba2ffd258b2c272714acb4fdac163c7b8d8a49df18806fbad4,12502,"{""app_users"": 6060, ""store_customers"": 3988, ""subscriptions"": 2454}",3,worthless,"Observed on 12,502 physical records; strict Rule 2 threshold is greater than 40.",trim only,12502,78143751
country,U**,812ce1f7aa394259a3691a091d4203998c41b7edc3bc9a046ad4711371bc68e7,12486,"{""app_users"": 6031, ""store_customers"": 3934, ""subscriptions"": 2521}",3,worthless,"Observed on 12,486 physical records; strict Rule 2 threshold is greater than 40.",trim only,12486,77943855
country,I**,e5154e433f451354ee57e063963e492e2e295a691f32898e273a70640a9f37b2,12473,"{""app_users"": 5916, ""store_customers"": 4084, ""subscriptions"": 2473}",3,worthless,"Observed on 12,473 physical records; strict Rule 2 threshold is greater than 40.",trim only,12473,77781628
country,G**,6e0dda436f4cd58db2465c0f3493cef7774ffe7e822ff44d9b06fdfb9f15da81,12454,"{""app_users"": 5997, ""store_customers"": 3989, ""subscriptions"": 2468}",3,worthless,"Observed on 12,454 physical records; strict Rule 2 threshold is greater than 40.",trim only,12454,77544831
country,AUS…IA,218509bcbc5e1a1b0c2e8f0182c55e8d233f34495810d883c9c1ab7c2035a625,12446,"{""app_users"": 5921, ""store_customers"": 3981, ""subscriptions"": 2544}",3,worthless,"Observed on 12,446 physical records; strict Rule 2 threshold is greater than 40.",trim only,12446,77445235
country,aus…ia,ed8a5d8ce5f8e37e311b2d7634d3afe2d9a5272d036b865624deaa7fbeb29697,12444,"{""app_users"": 5985, ""store_customers"": 3964, ""subscriptions"": 2495}",3,worthless,"Observed on 12,444 physical records; strict Rule 2 threshold is greater than 40.",trim only,12444,77420346
country,U**,21faec49de8a12f1cde78ad333933c119e03cdf2f02040eecd2408eb3c69eb78,12438,"{""app_users"": 5946, ""store_customers"": 3988, ""subscriptions"": 2504}",3,worthless,"Observed on 12,438 physical records; strict Rule 2 threshold is greater than 40.",trim only,12438,77345703
country,uni…es,26a9aaf6ea06fbcbcb8dc668bc1428af53773fbfada31c1dee1f66ce069be338,12423,"{""app_users"": 5890, ""store_customers"": 3957, ""subscriptions"": 2576}",3,worthless,"Observed on 12,423 physical records; strict Rule 2 threshold is greater than 40.",trim only,12423,77159253
country,i***,dcc349c9fa1e4ef9a0a78fa3296932cf1501045f40740d403a80c72c7e7c99e6,12423,"{""app_users"": 6014, ""store_customers"": 3968, ""subscriptions"": 2441}",3,worthless,"Observed on 12,423 physical records; strict Rule 2 threshold is greater than 40.",trim only,12423,77159253
country,Aus…ia,3be056d8c8cf9f8d5de5d5d41fb5a9c59b6c7ab99ac5da4541e1c2f0756a0df9,12402,"{""app_users"": 5927, ""store_customers"": 3987, ""subscriptions"": 2488}",3,worthless,"Observed on 12,402 physical records; strict Rule 2 threshold is greater than 40.",trim only,12402,76898601
country,U**,94a5947f26eb02077e78c61dcee8dea5d4a8c5e077878ce48ceda24bbc4940a2,12402,"{""app_users"": 5940, ""store_customers"": 3981, ""subscriptions"": 2481}",3,worthless,"Observed on 12,402 physical records; strict Rule 2 threshold is greater than 40.",trim only,12402,76898601
country,uni…om,bfdb5e20ec6426ff1f21c01bb7e1e63bd51f60649de2be310cf1fab210913e33,12267,"{""app_users"": 5879, ""store_customers"": 3849, ""subscriptions"": 2539}",3,worthless,"Observed on 12,267 physical records; strict Rule 2 threshold is greater than 40.",trim only,12267,75233511
city,NEW…WN,fe523236afba566a22070434467005044ad80f1819469b1354c2008159887d5c,10464,"{""app_users"": 4858, ""store_customers"": 3313, ""ticketing"": 2293}",3,worthless,"Observed on 10,464 physical records; strict Rule 2 threshold is greater than 40.",trim only,10464,54742416
city,Lak…wn,8e7a588befa35dfe3bbbf8166a2c20bc207468ab280edab900b810ee8921fc8d,10414,"{""app_users"": 4861, ""store_customers"": 3284, ""ticketing"": 2269}",3,worthless,"Observed on 10,414 physical records; strict Rule 2 threshold is greater than 40.",trim only,10414,54220491
city,met…ty,66e54e165b9d638be4659f3bbcd4722ffeb12ee52242e628246b0db8dacd3e9d,10406,"{""app_users"": 4857, ""store_customers"": 3273, ""ticketing"": 2276}",3,worthless,"Observed on 10,406 physical records; strict Rule 2 threshold is greater than 40.",trim only,10406,54137215
city,MET…TY,7945294dbcebc6f24cb4c42b66d6fd8b98e72765504db49fb3f276c226760d93,10400,"{""app_users"": 4881, ""store_customers"": 3143, ""ticketing"": 2376}",3,worthless,"Observed on 10,400 physical records; strict Rule 2 threshold is greater than 40.",trim only,10400,54074800
city,hil…ew,d1a156990a7fe6dfbdfe01529a35bc6e567fc91ba03c44ea41b09c256e39c4ec,10391,"{""app_users"": 4811, ""store_customers"": 3196, ""ticketing"": 2384}",3,worthless,"Observed on 10,391 physical records; strict Rule 2 threshold is greater than 40.",trim only,10391,53981245
city,GRE…LD,15e2051f10cf087a514c9dbbd0896f5f5cfa3fbe925731cda6326e5df2958386,10370,"{""app_users"": 4835, ""store_customers"": 3236, ""ticketing"": 2299}",3,worthless,"Observed on 10,370 physical records; strict Rule 2 threshold is greater than 40.",trim only,10370,53763265
city,Hil…ew,5dedb06ea24524cc7cf7757c22645800c6c5e81c117e6ce6db5b8ae0cdc3f240,10368,"{""app_users"": 4829, ""store_customers"": 3232, ""ticketing"": 2307}",3,worthless,"Observed on 10,368 physical records; strict Rule 2 threshold is greater than 40.",trim only,10368,53742528
city,New…wn,dd065a563d7107763df27d709710e7b67acdbaab1b053aee2490b7783f97a4e0,10368,"{""app_users"": 4775, ""store_customers"": 3264, ""ticketing"": 2329}",3,worthless,"Observed on 10,368 physical records; strict Rule 2 threshold is greater than 40.",trim only,10368,53742528
city,Gre…ld,e8ab97fdb215731b38e8a06bf11aeb8c7594d507bbf5d8abd3bd536928d70c24,10362,"{""app_users"": 4837, ""store_customers"": 3204, ""ticketing"": 2321}",3,worthless,"Observed on 10,362 physical records; strict Rule 2 threshold is greater than 40.",trim only,10362,53680341
city,new…wn,c55850dd14892679a4ebef0e521a282e291535d9d246e9462235ee39526f64aa,10350,"{""app_users"": 4797, ""store_customers"": 3183, ""ticketing"": 2370}",3,worthless,"Observed on 10,350 physical records; strict Rule 2 threshold is greater than 40.",trim only,10350,53556075
city,Met…ty,a821159629cf795318cf2d75e80f0f9507d873b610297550bd9b8c71e190a057,10349,"{""app_users"": 4812, ""store_customers"": 3166, ""ticketing"": 2371}",3,worthless,"Observed on 10,349 physical records; strict Rule 2 threshold is greater than 40.",trim only,10349,53545726
city,Met…ty,2ffe7c5930c7bbc2eded811631b588fc719dd019be4867db08d3888e8c0bc709,10346,"{""app_users"": 4806, ""store_customers"": 3183, ""ticketing"": 2357}",3,worthless,"Observed on 10,346 physical records; strict Rule 2 threshold is greater than 40.",trim only,10346,53514685
city,Gre…ld,7d335aacfc56f4d1ee00ba5a3866e4b9e1d6c0f3f4815e3cbc9f446ce7b6031d,10340,"{""app_users"": 4814, ""store_customers"": 3209, ""ticketing"": 2317}",3,worthless,"Observed on 10,340 physical records; strict Rule 2 threshold is greater than 40.",trim only,10340,53452630
city,met…ty,4890d91c2c29d482821c2e41c68483a7556f3479d74a1c4de1781dff730fd3b9,10338,"{""app_users"": 4762, ""store_customers"": 3262, ""ticketing"": 2314}",3,worthless,"Observed on 10,338 physical records; strict Rule 2 threshold is greater than 40.",trim only,10338,53431953
city,LAK…WN,34e367d4cff70aa438ebbb633954881d51e7ad7d4482b815d4db221d68351d94,10334,"{""app_users"": 4823, ""store_customers"": 3151, ""ticketing"": 2360}",3,worthless,"Observed on 10,334 physical records; strict Rule 2 threshold is greater than 40.",trim only,10334,53390611
city,Gre…ld,591d2052ea59f6b635a8665555adec8dcfde6c28dbb3811b1af51f78abe0904b,10281,"{""app_users"": 4752, ""store_customers"": 3262, ""ticketing"": 2267}",3,worthless,"Observed on 10,281 physical records; strict Rule 2 threshold is greater than 40.",trim only,10281,52844340
city,HIL…EW,9e2af982cea8baf004c113e27745f1fde73a55fa6ccf48c8566b8b783f286c20,10278,"{""app_users"": 4826, ""store_customers"": 3144, ""ticketing"": 2308}",3,worthless,"Observed on 10,278 physical records; strict Rule 2 threshold is greater than 40.",trim only,10278,52813503
city,Hil…ew,4afaaeb9ba6dc835ced582773caa3d5b6ede0506d499afb4b2bfc197172c40c1,10252,"{""app_users"": 4775, ""store_customers"": 3165, ""ticketing"": 2312}",3,worthless,"Observed on 10,252 physical records; strict Rule 2 threshold is greater than 40.",trim only,10252,52546626
city,Lak…wn,378ca08bb92691a630c77827a32eb69d6fb32598b066413ef955dfacc04947af,10238,"{""app_users"": 4781, ""store_customers"": 3219, ""ticketing"": 2238}",3,worthless,"Observed on 10,238 physical records; strict Rule 2 threshold is greater than 40.",trim only,10238,52403203
city,Hil…ew,2a3c4896169a2a74e894ccb237f9ef66d279420bf7a75f22dea389f142116fc2,10233,"{""app_users"": 4838, ""store_customers"": 3101, ""ticketing"": 2294}",3,worthless,"Observed on 10,233 physical records; strict Rule 2 threshold is greater than 40.",trim only,10233,52352028
city,gre…ld,c5456cf6be74be4189d750700bf97993e5207026231dd39ae36049081b1cb92e,10214,"{""app_users"": 4726, ""store_customers"": 3216, ""ticketing"": 2272}",3,worthless,"Observed on 10,214 physical records; strict Rule 2 threshold is greater than 40.",trim only,10214,52157791
city,New…wn,2b26fe6e9a43e70c46b9580abc014cfbda4d2e2ef559fcac88b1435a4e30e7ab,10212,"{""app_users"": 4757, ""store_customers"": 3143, ""ticketing"": 2312}",3,worthless,"Observed on 10,212 physical records; strict Rule 2 threshold is greater than 40.",trim only,10212,52137366
city,lak…wn,779407dd265e11daa4e43ada89fc855de8dc6c12211fa90402bdda3bc767946b,10204,"{""app_users"": 4771, ""store_customers"": 3206, ""ticketing"": 2227}",3,worthless,"Observed on 10,204 physical records; strict Rule 2 threshold is greater than 40.",trim only,10204,52055706
city,Lak…wn,23b4e1b858e6e1f258ced21458e129309fe5768ab42e3db304217cd206002e0b,10115,"{""app_users"": 4718, ""store_customers"": 3149, ""ticketing"": 2248}",3,worthless,"Observed on 10,115 physical records; strict Rule 2 threshold is greater than 40.",trim only,10115,51151555
city,New…wn,aa8e107d1edc6ad6f7c6e9760ee1083f7cf1b35882033e60ec1c0bb4d5bc4a0e,10114,"{""app_users"": 4698, ""store_customers"": 3096, ""ticketing"": 2320}",3,worthless,"Observed on 10,114 physical records; strict Rule 2 threshold is greater than 40.",trim only,10114,51141441
date_of_birth,1970-**-**,ab8aeecf04882452cda147972778df18975711838c40fdff675eb0fd05b9cd08,4191,"{""app_users"": 1517, ""store_customers"": 2674}",2,worthless,"Observed on 4,191 physical records; strict Rule 2 threshold is greater than 40.",trim only,4191,8780145
phone,********00,6b040bddb8fe0f58f2ccd541790996515ac8f141aa5df74637589bf16d33c30f,3000,"{""app_users"": 1072, ""store_customers"": 1928}",2,worthless,"Observed on 3,000 physical records; strict Rule 2 threshold is greater than 40.",trim + safe punctuation removal,3000,4498500
email,q***@s***.test,70440e8309e62157bca3bfdcc6f143dc406d0ff0565060fbb3efd42607b51c8d,1500,"{""app_users"": 533, ""store_customers"": 967}",2,worthless,"Observed on 1,500 physical records; strict Rule 2 threshold is greater than 40.",trim + case-fold,1500,1124250
address_line2,Flo… 7,8a23b6af075947e3c40a3db4a4ec7bfe1baad59eb282e3c9d8e1998c487e842e,1231,"{""store_customers"": 1231}",1,worthless,"Observed on 1,231 physical records; strict Rule 2 threshold is greater than 40.",trim only,1231,757065
address_line2,Flo…10,054352ad94e326c878fc663b6b8208064e6412193f69b04685486ee1f571d7fe,1218,"{""store_customers"": 1218}",1,worthless,"Observed on 1,218 physical records; strict Rule 2 threshold is greater than 40.",trim only,1218,741153
address_line2,Flo…11,5b2b012368c371957c880dd02f6ea4c44d9f71bae11e00f516d653c9b0f09a2e,1210,"{""store_customers"": 1210}",1,worthless,"Observed on 1,210 physical records; strict Rule 2 threshold is greater than 40.",trim only,1210,731445
address_line2,Flo… 2,1988d2809cfbeb8e4307da1e4b5027d642ce53788b05ffcb3455c4c6c34bfc9b,1182,"{""store_customers"": 1182}",1,worthless,"Observed on 1,182 physical records; strict Rule 2 threshold is greater than 40.",trim only,1182,697971
address_line2,Flo…12,10673140db1a744c5600f1fc77c4eeaf0d416489cff159c770a3766b314586d4,1181,"{""store_customers"": 1181}",1,worthless,"Observed on 1,181 physical records; strict Rule 2 threshold is greater than 40.",trim only,1181,696790
address_line2,Flo… 5,3cab8359a94c7afbf9c76af79ab2e5f80f43ac815c27b2df58aaa6a95079f758,1179,"{""store_customers"": 1179}",1,worthless,"Observed on 1,179 physical records; strict Rule 2 threshold is greater than 40.",trim only,1179,694431
address_line2,Flo… 3,5e1f8c0f01a8ceeb5101c0fe9589e2776a94f1a60cd7abaa14334159b56efb47,1174,"{""store_customers"": 1174}",1,worthless,"Observed on 1,174 physical records; strict Rule 2 threshold is greater than 40.",trim only,1174,688551
address_line2,Flo… 8,b47931792e5f82003cdf2034de815807fe2ff5d395386053c25394ec7087880a,1171,"{""store_customers"": 1171}",1,worthless,"Observed on 1,171 physical records; strict Rule 2 threshold is greater than 40.",trim only,1171,685035
address_line2,Flo… 1,6436355de4ec004930c77af3c5cdc340c8daf91bd0af2368b946de4bab27235e,1155,"{""store_customers"": 1155}",1,worthless,"Observed on 1,155 physical records; strict Rule 2 threshold is greater than 40.",trim only,1155,666435
address_line2,Flo… 4,a67192c5fc8e5271e0d672b6da1cd6602d96aca791939c1f0da4d47f720a33ed,1145,"{""store_customers"": 1145}",1,worthless,"Observed on 1,145 physical records; strict Rule 2 threshold is greater than 40.",trim only,1145,654940
address_line2,Flo… 6,5bf3c81b0ae2afbcf94d7d01c8b4548d1d45096786e95b0a797785cd76a15a58,1120,"{""store_customers"": 1120}",1,worthless,"Observed on 1,120 physical records; strict Rule 2 threshold is greater than 40.",trim only,1120,626640
address_line2,Flo… 9,c2692ca4547614aa67b0ca7b15d5cf1449f52447723b381093d795bf5c9a0e35,1104,"{""store_customers"": 1104}",1,worthless,"Observed on 1,104 physical records; strict Rule 2 threshold is greater than 40.",trim only,1104,608856
address_line2," ""q…a""",6a940caa3769e9d7d82d5e5601d6b61322692112e6043847ce1f5d96bb720d86,1095,"{""store_customers"": 1095}",1,worthless,"Observed on 1,095 physical records; strict Rule 2 threshold is greater than 40.",trim only,1095,598965
email,b***@e***.example,5fd77c4efc03ce5153d838448587a539c15441da66ab5700c51fb9732a1ce84c,900,"{""ticketing"": 900}",1,worthless,Observed on 900 physical records; strict Rule 2 threshold is greater than 40.,trim + case-fold,900,404550
address_line2,"
 m…te",a8da9ea6343456344c08dfe1ccd5ddd9f99935d4dc516ea331ab7d1e91228a56,841,"{""store_customers"": 841}",1,worthless,Observed on 841 physical records; strict Rule 2 threshold is greater than 40.,trim only,841,353220
address_line2, he…ार,4417805090400bd483f13f0c607c72a21d49deb3d4d44543b799c44a2fcfa937,584,"{""store_customers"": 584}",1,worthless,Observed on 584 physical records; strict Rule 2 threshold is greater than 40.,trim only,584,170236
first_name,loa…st,e7ef87ffe514f6bc341c0a76411c98dc572a7a8735a1caaaad74b3983db18fd4,533,"{""app_users"": 533}",1,worthless,Observed on 533 physical records; strict Rule 2 threshold is greater than 40.,trim only,533,141778
last_name,**,33620086f4f0f5227a588218c452c0b980240b771f853158fd71561bb347ce78,533,"{""app_users"": 533}",1,worthless,Observed on 533 physical records; strict Rule 2 threshold is greater than 40.,trim only,533,141778
address_line2,**,6f8096368966bd9ca78fc3645047042a6e771e74c501ab30e196b9b02166d364,411,"{""store_customers"": 411}",1,worthless,Observed on 411 physical records; strict Rule 2 threshold is greater than 40.,trim only,411,84255
date_of_birth,2002-**-**,0a500f4fd759c58fbc7bdc57e6fd88236a51b97fa29675892f373c891defc2be,360,"{""app_users"": 35, ""store_customers"": 325}",2,worthless,Observed on 360 physical records; strict Rule 2 threshold is greater than 40.,trim only,360,64620
date_of_birth,2002-**-**,ab1f556ca9e58f3837c362af698730a96212f34e34d998b0d629be12807613fe,358,"{""app_users"": 30, ""store_customers"": 328}",2,worthless,Observed on 358 physical records; strict Rule 2 threshold is greater than 40.,trim only,358,63903
date_of_birth,2002-**-**,f1481ec00c1b3e829ea4dae429845686d2516d67291398a2219a2c10f2477aaa,355,"{""app_users"": 25, ""store_customers"": 330}",2,worthless,Observed on 355 physical records; strict Rule 2 threshold is greater than 40.,trim only,355,62835
date_of_birth,2002-**-**,51eaa3e652c852f7fafadf8755ed5baf0e2ef181beefb1d096a22f06ccda101a,353,"{""app_users"": 27, ""store_customers"": 326}",2,worthless,Observed on 353 physical records; strict Rule 2 threshold is greater than 40.,trim only,353,62128
date_of_birth,2002-**-**,48175ec5db9006e890ee461ffe7a53f19e97551d7f752404716c7e49e3ac3cb7,348,"{""app_users"": 25, ""store_customers"": 323}",2,worthless,Observed on 348 physical records; strict Rule 2 threshold is greater than 40.,trim only,348,60378
date_of_birth,2002-**-**,863faa09546b4bc962224b32252721fce03bc919a06e6e0ae5e1091874d72e19,348,"{""app_users"": 26, ""store_customers"": 322}",2,worthless,Observed on 348 physical records; strict Rule 2 threshold is greater than 40.,trim only,348,60378
date_of_birth,2002-**-**,72288dace1721bf987c28bf83f2eb1e01724ec08b8d04feb77d0c771772d28fd,347,"{""app_users"": 25, ""store_customers"": 322}",2,worthless,Observed on 347 physical records; strict Rule 2 threshold is greater than 40.,trim only,347,60031
date_of_birth,2002-**-**,50b83e595db55d8a9e509f0173889de43b111e00b22235a9a09c67f68c84b5d9,346,"{""app_users"": 21, ""store_customers"": 325}",2,worthless,Observed on 346 physical records; strict Rule 2 threshold is greater than 40.,trim only,346,59685
date_of_birth,2002-**-**,a46f854f16a534e0aa4741d0a0e0bc9805481042cab05ef3def538b9397e30e3,344,"{""app_users"": 20, ""store_customers"": 324}",2,worthless,Observed on 344 physical records; strict Rule 2 threshold is greater than 40.,trim only,344,58996
date_of_birth,2002-**-**,40963c51ee7f5264d0a78d37608b5783102554b809c08369f33b5fa70d4db8e0,343,"{""app_users"": 25, ""store_customers"": 318}",2,worthless,Observed on 343 physical records; strict Rule 2 threshold is greater than 40.,trim only,343,58653
date_of_birth,2002-**-**,3c12b3fee1094d1b53a6ad25f28fb1891173af45bad1679f81b0cf95f8bd8edc,342,"{""app_users"": 21, ""store_customers"": 321}",2,worthless,Observed on 342 physical records; strict Rule 2 threshold is greater than 40.,trim only,342,58311
date_of_birth,2002-**-**,5e1eac43e6dad749d3d9b8d75333db1991298634374c8ea9fbf6079ccfb9107d,337,"{""app_users"": 21, ""store_customers"": 316}",2,worthless,Observed on 337 physical records; strict Rule 2 threshold is greater than 40.,trim only,337,56616
first_name,K***,38a81ba2433ced81a751c31b6f14d7a5ff0c49c2343ca872cadf57d8ef7f2c9b,261,"{""app_users"": 151, ""store_customers"": 110}",2,worthless,Observed on 261 physical records; strict Rule 2 threshold is greater than 40.,trim only,261,33930
date_of_birth,1900-**-**,a3a2e452db89e3c743a2b58d45722975cc347acf727bbbd845fd610ac1101c22,252,"{""app_users"": 160, ""store_customers"": 92}",2,worthless,Observed on 252 physical records; strict Rule 2 threshold is greater than 40.,trim only,252,31626
date_of_birth,2024-**-**,e2f63af5bdcb5694098ea490d11c191fe261b93de3f459e8c898bfbff41fe95e,252,"{""app_users"": 141, ""store_customers"": 111}",2,worthless,Observed on 252 physical records; strict Rule 2 threshold is greater than 40.,trim only,252,31626
first_name,V***,ac8d2343a5622eee246c337f241d05bd5d259b3111da707b1404012cb3393ef6,252,"{""app_users"": 157, ""store_customers"": 95}",2,worthless,Observed on 252 physical records; strict Rule 2 threshold is greater than 40.,trim only,252,31626
first_name,G***,960b92933a6a797d7b9bef43d2f3ad40a1b6f593d3a90e416e0df7c75d173cae,250,"{""app_users"": 149, ""store_customers"": 101}",2,worthless,Observed on 250 physical records; strict Rule 2 threshold is greater than 40.,trim only,250,31125
first_name,T***,acf4c7c90dd724a13b32868bde60fec565fec5ae518ef1d4dcbabc849928ba9a,250,"{""app_users"": 148, ""store_customers"": 102}",2,worthless,Observed on 250 physical records; strict Rule 2 threshold is greater than 40.,trim only,250,31125
last_name,S***,f60f3e7b32969ada4ba85845420c8123c958368f407ec6f7f319e0e7761179b0,248,"{""app_users"": 140, ""store_customers"": 108}",2,worthless,Observed on 248 physical records; strict Rule 2 threshold is greater than 40.,trim only,248,30628
first_name,L***,770ac7b85599bb76fc6ccb1cb77569dddc08fc2c1b1f595d0a7fa33e87f7de7f,246,"{""app_users"": 129, ""store_customers"": 117}",2,worthless,Observed on 246 physical records; strict Rule 2 threshold is greater than 40.,trim only,246,30135
last_name,S***,7fcf525a82d0c547e6146fcf41ffeff953c918c4d9414772f55faba4eb6be275,245,"{""app_users"": 133, ""store_customers"": 112}",2,worthless,Observed on 245 physical records; strict Rule 2 threshold is greater than 40.,trim only,245,29890
last_name,V***,cac5557adad8c9db213ab1e0112b9ddf2bd048c1afcec97109d378139b04fef4,245,"{""app_users"": 146, ""store_customers"": 99}",2,worthless,Observed on 245 physical records; strict Rule 2 threshold is greater than 40.,trim only,245,29890
first_name,R***,392c25ff562e3e3ccff7cc4126f3f312e7939821bd9ecd188552b56987175208,242,"{""app_users"": 147, ""store_customers"": 95}",2,worthless,Observed on 242 physical records; strict Rule 2 threshold is greater than 40.,trim only,242,29161
last_name,M***,4d475c6ac191d9971e6fc9bc6193a63b5bee2e6c95253804bf03c7000f4c4391,242,"{""app_users"": 152, ""store_customers"": 90}",2,worthless,Observed on 242 physical records; strict Rule 2 threshold is greater than 40.,trim only,242,29161
last_name,F***,b968b508fc9d2ce385e3d58cac33f0ecd7a0f86afde4d8c90238cbd418f8f108,242,"{""app_users"": 147, ""store_customers"": 95}",2,worthless,Observed on 242 physical records; strict Rule 2 threshold is greater than 40.,trim only,242,29161
last_name,Q***,bab995ca7c7104a1f65f97f67dc0480dcf3a0f061ee880a4c48ec82c8fb049c3,242,"{""app_users"": 142, ""store_customers"": 100}",2,worthless,Observed on 242 physical records; strict Rule 2 threshold is greater than 40.,trim only,242,29161
first_name,P***,842bed8b38b9f3fc56513bbd1694675781f92ae5e88de2d5a3f59b2993546da5,241,"{""app_users"": 144, ""store_customers"": 97}",2,worthless,Observed on 241 physical records; strict Rule 2 threshold is greater than 40.,trim only,241,28920
first_name,P***,a1b24b9068f7f30f720e6bb00cef892e84c8ebad58488ad29ce590a1c3d3c239,241,"{""app_users"": 142, ""store_customers"": 99}",2,worthless,Observed on 241 physical records; strict Rule 2 threshold is greater than 40.,trim only,241,28920
first_name,T***,e2d63b3d4e3fadffa0b1bde50d1f533016f7df0b75f30604df5c0518b9cbb705,241,"{""app_users"": 133, ""store_customers"": 108}",2,worthless,Observed on 241 physical records; strict Rule 2 threshold is greater than 40.,trim only,241,28920
last_name,G***,5b498cb0e1b9d20b62e9b195e72b6b7c7c340e1609e63fb467d99b2db28d197d,241,"{""app_users"": 132, ""store_customers"": 109}",2,worthless,Observed on 241 physical records; strict Rule 2 threshold is greater than 40.,trim only,241,28920
last_name,C***,fd6e556abaddd15f3b856c1b9ef7d51d49c2a35400fd3a51577fa6bce963e5ac,241,"{""app_users"": 140, ""store_customers"": 101}",2,worthless,Observed on 241 physical records; strict Rule 2 threshold is greater than 40.,trim only,241,28920
first_name,P***,547d42c66e09b1dff793e07803cf11adf8d01087c7dff371a11a6312663f98ff,240,"{""app_users"": 137, ""store_customers"": 103}",2,worthless,Observed on 240 physical records; strict Rule 2 threshold is greater than 40.,trim only,240,28680
first_name,B***,79f2ef9de88eb0c87fd3131ca4eb81a902fbc50a7dac47a8d20efda17e963f50,240,"{""app_users"": 122, ""store_customers"": 118}",2,worthless,Observed on 240 physical records; strict Rule 2 threshold is greater than 40.,trim only,240,28680
first_name,D***,9903259a927ad54bb6cc03dbbb5c8f06f57ea996579fd47499ec30aa0aa125b1,240,"{""app_users"": 150, ""store_customers"": 90}",2,worthless,Observed on 240 physical records; strict Rule 2 threshold is greater than 40.,trim only,240,28680
last_name,F***,aeb82a67fde2ae9d5826aee4013d0a45f3774119b7fb3e27d0d959aadbb485de,240,"{""app_users"": 143, ""store_customers"": 97}",2,worthless,Observed on 240 physical records; strict Rule 2 threshold is greater than 40.,trim only,240,28680
first_name,F***,2eb82e10fd7790e4d19a52ade3b6f9731d4807a8e1a2a0db0a8d1b063eb9a251,239,"{""app_users"": 141, ""store_customers"": 98}",2,worthless,Observed on 239 physical records; strict Rule 2 threshold is greater than 40.,trim only,239,28441
first_name,T***,88ad87afc9382bda6015beb28c7e4980ea5278f108078c1a34cb81726be8839f,239,"{""app_users"": 150, ""store_customers"": 89}",2,worthless,Observed on 239 physical records; strict Rule 2 threshold is greater than 40.,trim only,239,28441
last_name,R***,02aad37c3002d63563301b955dc512cf8521585a63d53a727f315615bdd50a8f,239,"{""app_users"": 153, ""store_customers"": 86}",2,worthless,Observed on 239 physical records; strict Rule 2 threshold is greater than 40.,trim only,239,28441
first_name,B***,4e76887204b32ef39fbae0786deb8ebcae2caf7be30a9ad678c7730d7768b484,238,"{""app_users"": 142, ""store_customers"": 96}",2,worthless,Observed on 238 physical records; strict Rule 2 threshold is greater than 40.,trim only,238,28203
first_name,S***,c692386fdfac145936b48da042d5d0450c782e7ca084f6cec63275ce2b1f887f,238,"{""app_users"": 133, ""store_customers"": 105}",2,worthless,Observed on 238 physical records; strict Rule 2 threshold is greater than 40.,trim only,238,28203
first_name,L***,fb3d7bb1d1a5e9200fcc92ce7b3bfac5df2de589b56e697faacd1259f745099d,238,"{""app_users"": 138, ""store_customers"": 100}",2,worthless,Observed on 238 physical records; strict Rule 2 threshold is greater than 40.,trim only,238,28203
last_name,V***,068f513144aa54e61903b7f503a9e7d00687805809ab1bbc34b01d369ed5a957,238,"{""app_users"": 145, ""store_customers"": 93}",2,worthless,Observed on 238 physical records; strict Rule 2 threshold is greater than 40.,trim only,238,28203
last_name,K***,99579e693df60c964d2800acdee5b3fbb5c2b799257b5b3a24217ab769e06d64,238,"{""app_users"": 137, ""store_customers"": 101}",2,worthless,Observed on 238 physical records; strict Rule 2 threshold is greater than 40.,trim only,238,28203
first_name,K***,5e4de148e91bf54fc987028cccb211bbf5f542d47af0cde5fce19968555c18ed,237,"{""app_users"": 139, ""store_customers"": 98}",2,worthless,Observed on 237 physical records; strict Rule 2 threshold is greater than 40.,trim only,237,27966
first_name,P***,a948f3276341177a40c1af97618664bba5465c3fdc457f89e8aadbc98d9f0d61,237,"{""app_users"": 136, ""store_customers"": 101}",2,worthless,Observed on 237 physical records; strict Rule 2 threshold is greater than 40.,trim only,237,27966
last_name,P***,355835216353894167b86f480b0d9e3413c0b970a0f543ae9d8302d0fc80ee99,237,"{""app_users"": 133, ""store_customers"": 104}",2,worthless,Observed on 237 physical records; strict Rule 2 threshold is greater than 40.,trim only,237,27966
last_name,K***,a8b30556c397a83784e1b8c0bb57961eb43a0d5143df2430b79d8eddc9cf4944,237,"{""app_users"": 135, ""store_customers"": 102}",2,worthless,Observed on 237 physical records; strict Rule 2 threshold is greater than 40.,trim only,237,27966
first_name,L***,7c21d241af33a26c2febb3654a943b5ea49df3b86ea2430517b39e817bcf83c0,236,"{""app_users"": 140, ""store_customers"": 96}",2,worthless,Observed on 236 physical records; strict Rule 2 threshold is greater than 40.,trim only,236,27730
first_name,W***,a5bac75aacd77bb5d9412a852ea9931761511605e2eb978868bc68bd0d06023f,236,"{""app_users"": 127, ""store_customers"": 109}",2,worthless,Observed on 236 physical records; strict Rule 2 threshold is greater than 40.,trim only,236,27730
first_name,C***,bc3cec4651066060c913f8baf21d64c65d2d841e26ef619eaf6bb94a25e0d293,236,"{""app_users"": 142, ""store_customers"": 94}",2,worthless,Observed on 236 physical records; strict Rule 2 threshold is greater than 40.,trim only,236,27730
last_name,L***,1f6c6381f5c51cf2ba241ed60a0eeaf4ac18871daca387ea07f5e7100c5f9995,236,"{""app_users"": 136, ""store_customers"": 100}",2,worthless,Observed on 236 physical records; strict Rule 2 threshold is greater than 40.,trim only,236,27730
last_name,G***,276027d615bf05fee896a01d53c582d649ff76b4757cf0e32dd6cd8558f50136,236,"{""app_users"": 156, ""store_customers"": 80}",2,worthless,Observed on 236 physical records; strict Rule 2 threshold is greater than 40.,trim only,236,27730
last_name,N***,82a262336fa6f713824d1ddb24806cd0d727ce29affcb4f57e18b3aed3c096bb,236,"{""app_users"": 135, ""store_customers"": 101}",2,worthless,Observed on 236 physical records; strict Rule 2 threshold is greater than 40.,trim only,236,27730
first_name,K***,0a972373f9310966df75ed8af7f0ffb2cc9762f353b45a7c7c4faa73c7c177d7,235,"{""app_users"": 127, ""store_customers"": 108}",2,worthless,Observed on 235 physical records; strict Rule 2 threshold is greater than 40.,trim only,235,27495
first_name,R***,7e9a02689f8e3bfe44770b787398c6568d31139b979f8bdae9b84f42b64a275c,235,"{""app_users"": 117, ""store_customers"": 118}",2,worthless,Observed on 235 physical records; strict Rule 2 threshold is greater than 40.,trim only,235,27495
first_name,R***,acf550c40b6d27ad6dc81048a71f756eb533669ef2b454c8ab89eceb30a552b8,235,"{""app_users"": 142, ""store_customers"": 93}",2,worthless,Observed on 235 physical records; strict Rule 2 threshold is greater than 40.,trim only,235,27495
last_name,D***,84153451aefe392c65c4af3098e5db889cad3163d5ecc82044ce2c07fc93aa83,235,"{""app_users"": 140, ""store_customers"": 95}",2,worthless,Observed on 235 physical records; strict Rule 2 threshold is greater than 40.,trim only,235,27495
last_name,B***,c67e852edfe21636d1b9e606d341ea2c398381d8fc191763bcd715c56494ee2b,235,"{""app_users"": 138, ""store_customers"": 97}",2,worthless,Observed on 235 physical records; strict Rule 2 threshold is greater than 40.,trim only,235,27495
first_name,W***,7c88131566fa333156d7eddae4a4140bdab2aeedcc8a736bf244dc8a23b7e9ee,234,"{""app_users"": 131, ""store_customers"": 103}",2,worthless,Observed on 234 physical records; strict Rule 2 threshold is greater than 40.,trim only,234,27261
first_name,P***,f65537c4c30ea6553e806942bb39f69e96c836278fa16c38c8d4eaec5ce1fe56,234,"{""app_users"": 128, ""store_customers"": 106}",2,worthless,Observed on 234 physical records; strict Rule 2 threshold is greater than 40.,trim only,234,27261
last_name,R***,5d81b2c4c1a282930063dc278e75faf12a8dc287076d2010e14bae191501bc6e,234,"{""app_users"": 136, ""store_customers"": 98}",2,worthless,Observed on 234 physical records; strict Rule 2 threshold is greater than 40.,trim only,234,27261
last_name,T***,83de382fcc4ec613cd01683341f0d739602dea8e39a7e326390c1d417ff7845f,234,"{""app_users"": 119, ""store_customers"": 115}",2,worthless,Observed on 234 physical records; strict Rule 2 threshold is greater than 40.,trim only,234,27261
last_name,K***,bd895eb58a3ab56e27c003e3ec14d15c75944cb39ae280585dbccd393fd7e2ad,234,"{""app_users"": 137, ""store_customers"": 97}",2,worthless,Observed on 234 physical records; strict Rule 2 threshold is greater than 40.,trim only,234,27261
first_name,T***,1bdc6c1fcac13b9e0590165252b1d4f7a4e23485d3de47149946f80bf5e35247,233,"{""app_users"": 128, ""store_customers"": 105}",2,worthless,Observed on 233 physical records; strict Rule 2 threshold is greater than 40.,trim only,233,27028
first_name,B***,2c5ca6fd95e78ccae8bfd269b9a2871af82e52e55c91fd9229a076f90378dde6,233,"{""app_users"": 142, ""store_customers"": 91}",2,worthless,Observed on 233 physical records; strict Rule 2 threshold is greater than 40.,trim only,233,27028
first_name,D***,7cbc7a2f5f0b728ee19e37427a24c6a5676b7b2b72094dd37c827015dbe18998,233,"{""app_users"": 125, ""store_customers"": 108}",2,worthless,Observed on 233 physical records; strict Rule 2 threshold is greater than 40.,trim only,233,27028
last_name,M***,2b2d97f7b52cf38437d90b415f919b323482f11182734fb1b2969400553e50b1,233,"{""app_users"": 141, ""store_customers"": 92}",2,worthless,Observed on 233 physical records; strict Rule 2 threshold is greater than 40.,trim only,233,27028
last_name,Y***,5326863db02ffbda7b4228a41b5a9867029fa6f5347643fab5460f345178ac10,233,"{""app_users"": 131, ""store_customers"": 102}",2,worthless,Observed on 233 physical records; strict Rule 2 threshold is greater than 40.,trim only,233,27028
last_name,T***,7a18118b7d2e082317ff7c6982756b0611a67467b489f2b777f6e23acbb7514b,233,"{""app_users"": 126, ""store_customers"": 107}",2,worthless,Observed on 233 physical records; strict Rule 2 threshold is greater than 40.,trim only,233,27028
last_name,R***,e879166b54ec291c85b59d25946ab779c5b69ba337cf14926cb6255436f98bcb,233,"{""app_users"": 145, ""store_customers"": 88}",2,worthless,Observed on 233 physical records; strict Rule 2 threshold is greater than 40.,trim only,233,27028
first_name,G***,3b1090d6d348544718c45c0e65a2035af719de979c2909e43b05faa88aeff64f,232,"{""app_users"": 130, ""store_customers"": 102}",2,worthless,Observed on 232 physical records; strict Rule 2 threshold is greater than 40.,trim only,232,26796
first_name,B***,5f041ecdfdc910ba3adc68b2c1db950eac48567f697b907a0ecadf40df9c47ad,232,"{""app_users"": 134, ""store_customers"": 98}",2,worthless,Observed on 232 physical records; strict Rule 2 threshold is greater than 40.,trim only,232,26796
first_name,V***,6b0daab57f030a955025d705513725450dee944d90bfd02e27fd878be5f4f610,232,"{""app_users"": 124, ""store_customers"": 108}",2,worthless,Observed on 232 physical records; strict Rule 2 threshold is greater than 40.,trim only,232,26796
first_name,Q***,b78b7aad3ca5a8fb6c882332ceb5ad90d2cb2bee31c00f8066423e0ee2214799,232,"{""app_users"": 139, ""store_customers"": 93}",2,worthless,Observed on 232 physical records; strict Rule 2 threshold is greater than 40.,trim only,232,26796
first_name,S***,ef329f1ea7bbab39cd06c0ce120e1b0f6b0dc969199f602891633f0a467fdaa9,232,"{""app_users"": 128, ""store_customers"": 104}",2,worthless,Observed on 232 physical records; strict Rule 2 threshold is greater than 40.,trim only,232,26796
last_name,K***,11a7553d6e3d819116f8ea5d5f196b45b00220e167429640a16bb74fd9405a12,232,"{""app_users"": 133, ""store_customers"": 99}",2,worthless,Observed on 232 physical records; strict Rule 2 threshold is greater than 40.,trim only,232,26796
last_name,P***,9e0c146621e8bb7ab4a136b27187d1ca5bcd690a240020df358f1eae33441a3c,232,"{""app_users"": 138, ""store_customers"": 94}",2,worthless,Observed on 232 physical records; strict Rule 2 threshold is greater than 40.,trim only,232,26796
first_name,S***,3a194df4c4e55a4a84f90247d825650546e0880a8f34fcd37611cb05a9690c44,231,"{""app_users"": 137, ""store_customers"": 94}",2,worthless,Observed on 231 physical records; strict Rule 2 threshold is greater than 40.,trim only,231,26565
first_name,F***,6d931e80035547f41b851614f121a8658f37945dd3d6adf4488cbd9442af8e1e,231,"{""app_users"": 135, ""store_customers"": 96}",2,worthless,Observed on 231 physical records; strict Rule 2 threshold is greater than 40.,trim only,231,26565
first_name,S***,abc0fe63528a49d83fd6e6fdc2f629f35923ddb721f95cc271a215f8d16d1702,231,"{""app_users"": 138, ""store_customers"": 93}",2,worthless,Observed on 231 physical records; strict Rule 2 threshold is greater than 40.,trim only,231,26565
first_name,C***,ce434662f280c26effd2091cf055c45e5f983fef782b26dc4fff26f6b5594b83,231,"{""app_users"": 129, ""store_customers"": 102}",2,worthless,Observed on 231 physical records; strict Rule 2 threshold is greater than 40.,trim only,231,26565
last_name,V***,feb710caf504092fd6a68bea386afa9c110deecea1f2e3ab3902e684f36e8c22,231,"{""app_users"": 124, ""store_customers"": 107}",2,worthless,Observed on 231 physical records; strict Rule 2 threshold is greater than 40.,trim only,231,26565
first_name,Y***,051421c4ef608d7942d97e7d6f39aa4bdbad032a95d00689f1a2c9fb284ea376,230,"{""app_users"": 129, ""store_customers"": 101}",2,worthless,Observed on 230 physical records; strict Rule 2 threshold is greater than 40.,trim only,230,26335
first_name,J***,359f5f79c5f8632d6633ecc02bac532745d25e2ceff34e991342107fbdaa73b4,230,"{""app_users"": 124, ""store_customers"": 106}",2,worthless,Observed on 230 physical records; strict Rule 2 threshold is greater than 40.,trim only,230,26335
first_name,Y***,44d5c12a99389d810c72d7ef60b5215a663c956892961210cde695b18440dcf4,230,"{""app_users"": 147, ""store_customers"": 83}",2,worthless,Observed on 230 physical records; strict Rule 2 threshold is greater than 40.,trim only,230,26335
first_name,P***,54c5bd75ea4dc0242e5de6480068ded37c2163926e2ceea3e028f58233d411d0,230,"{""app_users"": 121, ""store_customers"": 109}",2,worthless,Observed on 230 physical records; strict Rule 2 threshold is greater than 40.,trim only,230,26335
first_name,Y***,5deaa1c4b06b6da4cbdb526eeb7356ad7ef0f135317b3ed317574f592a0cd7ae,230,"{""app_users"": 138, ""store_customers"": 92}",2,worthless,Observed on 230 physical records; strict Rule 2 threshold is greater than 40.,trim only,230,26335
first_name,J***,b8e9ca0937dd5a3b5c61e4468904fb5c505b16e93d607b9d7c8219d9e3dc7981,230,"{""app_users"": 125, ""store_customers"": 105}",2,worthless,Observed on 230 physical records; strict Rule 2 threshold is greater than 40.,trim only,230,26335
first_name,T***,de74fd7625b24c10417235fde4b214e2a0ea24adc1d2412e90f2e192ba59874a,230,"{""app_users"": 135, ""store_customers"": 95}",2,worthless,Observed on 230 physical records; strict Rule 2 threshold is greater than 40.,trim only,230,26335
first_name,R***,e48960480d6b2bfdc191c1980245e7051a3e33b24aed7f6e6aa6bf05bf6476d9,230,"{""app_users"": 136, ""store_customers"": 94}",2,worthless,Observed on 230 physical records; strict Rule 2 threshold is greater than 40.,trim only,230,26335
last_name,P***,0227faf940d0d823641bd9bb331b8bbaea8019dc59d2bc0d788866760df5c738,230,"{""app_users"": 126, ""store_customers"": 104}",2,worthless,Observed on 230 physical records; strict Rule 2 threshold is greater than 40.,trim only,230,26335
last_name,L***,29464e32457bc34d7e0361546844598abb0e2957a0800ca0233deeb7b0c16b17,230,"{""app_users"": 135, ""store_customers"": 95}",2,worthless,Observed on 230 physical records; strict Rule 2 threshold is greater than 40.,trim only,230,26335
last_name,G***,35cb7b8d4e8635ed204c47efab0a55f77709c85280435fef3622c84537b83bf7,230,"{""app_users"": 148, ""store_customers"": 82}",2,worthless,Observed on 230 physical records; strict Rule 2 threshold is greater than 40.,trim only,230,26335
last_name,T***,e0374b9275c590158653ab42de9040a1d5761040adbb1bdfc411066123ee4813,230,"{""app_users"": 122, ""store_customers"": 108}",2,worthless,Observed on 230 physical records; strict Rule 2 threshold is greater than 40.,trim only,230,26335
first_name,F***,0019d4945ec66d3b4b6e35d8b302e1ac3991d1de561728f0c5244dd719b9e0df,229,"{""app_users"": 140, ""store_customers"": 89}",2,worthless,Observed on 229 physical records; strict Rule 2 threshold is greater than 40.,trim only,229,26106
first_name,Q***,7097c21721965af8616f3ceb8edfd4d14b1001b10002730ec5214fc711eb0fc3,229,"{""app_users"": 132, ""store_customers"": 97}",2,worthless,Observed on 229 physical records; strict Rule 2 threshold is greater than 40.,trim only,229,26106
first_name,N***,7c73bdaeaf97bc368ae9bd3b3486a95b1bcb4209a64927202e1ee702467a88fa,229,"{""app_users"": 127, ""store_customers"": 102}",2,worthless,Observed on 229 physical records; strict Rule 2 threshold is greater than 40.,trim only,229,26106
first_name,D***,985918c8b2bd16a56248eaf25aaaf261c6203d304864a51d53107ef85bdc3732,229,"{""app_users"": 117, ""store_customers"": 112}",2,worthless,Observed on 229 physical records; strict Rule 2 threshold is greater than 40.,trim only,229,26106
first_name,V***,a4765b78b4abb08533f137a156134794c3d26e1308c386cae71b10f225bdaeb3,229,"{""app_users"": 128, ""store_customers"": 101}",2,worthless,Observed on 229 physical records; strict Rule 2 threshold is greater than 40.,trim only,229,26106
last_name,L***,70b74eed8824800254d57fd539480a46b77bca66c999e26439d9e487b46b401a,229,"{""app_users"": 149, ""store_customers"": 80}",2,worthless,Observed on 229 physical records; strict Rule 2 threshold is greater than 40.,trim only,229,26106
last_name,R***,935820ff681b2dc8072413c908d91c46b1f3938993cfb623b2c4bde7f2179ad1,229,"{""app_users"": 131, ""store_customers"": 98}",2,worthless,Observed on 229 physical records; strict Rule 2 threshold is greater than 40.,trim only,229,26106
last_name,W***,b0db26d42e8de7598263ce9bac623a3731a01f7b62c39566aa11e1a30f255429,229,"{""app_users"": 133, ""store_customers"": 96}",2,worthless,Observed on 229 physical records; strict Rule 2 threshold is greater than 40.,trim only,229,26106
last_name,P***,c8a90ec98833dbd4316edbb4cb9506708b7628f1b3624ece9da10d1917b4f462,229,"{""app_users"": 134, ""store_customers"": 95}",2,worthless,Observed on 229 physical records; strict Rule 2 threshold is greater than 40.,trim only,229,26106
first_name,T***,12b972a4707da905e5a9ebe24e7e6bd805eb645b21d251baaf96f7b5ebe29eb6,228,"{""app_users"": 128, ""store_customers"": 100}",2,worthless,Observed on 228 physical records; strict Rule 2 threshold is greater than 40.,trim only,228,25878
first_name,N***,3c536ab234780d3dcf0aa247a9e35c2d54f42842065fcf7cdd67f52ae457cc6a,228,"{""app_users"": 150, ""store_customers"": 78}",2,worthless,Observed on 228 physical records; strict Rule 2 threshold is greater than 40.,trim only,228,25878
first_name,S***,68c1b2372246d05d9dfbea2de1c1c1683afedc6051f2c4b965023307e946dacd,228,"{""app_users"": 145, ""store_customers"": 83}",2,worthless,Observed on 228 physical records; strict Rule 2 threshold is greater than 40.,trim only,228,25878
first_name,P***,c2f04173b1f319d2fe4a7e06a084e31154c9018472b6e8a7d059d0e73e5682fb,228,"{""app_users"": 117, ""store_customers"": 111}",2,worthless,Observed on 228 physical records; strict Rule 2 threshold is greater than 40.,trim only,228,25878
first_name,P***,f07aea78b7a364673d986fd4e7b05de996c310201724ec850d275f2256f9524f,228,"{""app_users"": 132, ""store_customers"": 96}",2,worthless,Observed on 228 physical records; strict Rule 2 threshold is greater than 40.,trim only,228,25878
first_name,W***,fed11b978f8daf6ef32bc75d810c0148847b6871b2d40319bd68cdb81d643541,228,"{""app_users"": 116, ""store_customers"": 112}",2,worthless,Observed on 228 physical records; strict Rule 2 threshold is greater than 40.,trim only,228,25878
last_name,N***,45cabf3d7b147af2d278e7b605b49abdaaffb51af8922329758a2d7be89fb4c5,228,"{""app_users"": 134, ""store_customers"": 94}",2,worthless,Observed on 228 physical records; strict Rule 2 threshold is greater than 40.,trim only,228,25878
last_name,W***,84f7fcf54afcd11dc0d45657d82bf2848430756c4faf10b4eca63630b05f0446,228,"{""app_users"": 130, ""store_customers"": 98}",2,worthless,Observed on 228 physical records; strict Rule 2 threshold is greater than 40.,trim only,228,25878
last_name,P***,a5f245e14151d854aea090d8e9b36bef3c62d5e8bf6c894d2424c986d7500711,228,"{""app_users"": 142, ""store_customers"": 86}",2,worthless,Observed on 228 physical records; strict Rule 2 threshold is greater than 40.,trim only,228,25878
last_name,N***,daea09889d308990000ed32a913315944c9a355b93121e54317470d65184b61a,228,"{""app_users"": 137, ""store_customers"": 91}",2,worthless,Observed on 228 physical records; strict Rule 2 threshold is greater than 40.,trim only,228,25878
last_name,P***,feeb3ed70e2842a39f2ac84db41d004517beb76c3306b9217f42a0fbb71e5d0c,228,"{""app_users"": 128, ""store_customers"": 100}",2,worthless,Observed on 228 physical records; strict Rule 2 threshold is greater than 40.,trim only,228,25878
first_name,X***,007653a29ce539234c40b7fb546e54e236118e6e5655ba25d8266e54504c5088,227,"{""app_users"": 138, ""store_customers"": 89}",2,worthless,Observed on 227 physical records; strict Rule 2 threshold is greater than 40.,trim only,227,25651
first_name,N***,85fb5af1ea1d766813c4d1f1918ea935669b0ca64181ff8b2891ce886ad99cbc,227,"{""app_users"": 128, ""store_customers"": 99}",2,worthless,Observed on 227 physical records; strict Rule 2 threshold is greater than 40.,trim only,227,25651
first_name,Q***,8bdbeb8c30589d8e500160fadf9736e78d6723d4ce5c6341bc89908ee76d1ae2,227,"{""app_users"": 142, ""store_customers"": 85}",2,worthless,Observed on 227 physical records; strict Rule 2 threshold is greater than 40.,trim only,227,25651
first_name,Z***,9a7ef89576a71762fcfb8761b32474d2fc955a06c0d3a8e6bb40379e52a91b7d,227,"{""app_users"": 143, ""store_customers"": 84}",2,worthless,Observed on 227 physical records; strict Rule 2 threshold is greater than 40.,trim only,227,25651
last_name,T***,22539c975ffc73e55a6df6cd0fbb1ef8be8657c3d8ce77fae871d28fd6687aeb,227,"{""app_users"": 128, ""store_customers"": 99}",2,worthless,Observed on 227 physical records; strict Rule 2 threshold is greater than 40.,trim only,227,25651
last_name,N***,4498e5a28d9450f7fb874ec3727b6996176ecacc37e8f8cb992231cebf66e725,227,"{""app_users"": 124, ""store_customers"": 103}",2,worthless,Observed on 227 physical records; strict Rule 2 threshold is greater than 40.,trim only,227,25651
last_name,C***,ae9bc145a143e1328af7d08ff142453969b0be882636a9900f1a064e0132db5b,227,"{""app_users"": 139, ""store_customers"": 88}",2,worthless,Observed on 227 physical records; strict Rule 2 threshold is greater than 40.,trim only,227,25651
last_name,Z***,c66481060e0de6ea9b101a2400e0b91ad0ab68cd2020636fb494e881ac860928,227,"{""app_users"": 135, ""store_customers"": 92}",2,worthless,Observed on 227 physical records; strict Rule 2 threshold is greater than 40.,trim only,227,25651
first_name,B***,0ca0325cf68f27a3d527ce238c205a147f09d5374d8380912f84656528669022,226,"{""app_users"": 124, ""store_customers"": 102}",2,worthless,Observed on 226 physical records; strict Rule 2 threshold is greater than 40.,trim only,226,25425
first_name,B***,2ed2112d7d165785a2c9dcc4d5f1dbcf4d86ba6eb91cd3f5c469782b70eac168,226,"{""app_users"": 131, ""store_customers"": 95}",2,worthless,Observed on 226 physical records; strict Rule 2 threshold is greater than 40.,trim only,226,25425
first_name,V***,9e91d6980cb5ecf57621fe7f4c56c9ea912908690c3f9b911640a8eb6987d271,226,"{""app_users"": 138, ""store_customers"": 88}",2,worthless,Observed on 226 physical records; strict Rule 2 threshold is greater than 40.,trim only,226,25425
first_name,X***,cf21072bdfb94c227de7d4cb4727ce29e84d14e19fb6d4025d37ec4bb1849dd5,226,"{""app_users"": 116, ""store_customers"": 110}",2,worthless,Observed on 226 physical records; strict Rule 2 threshold is greater than 40.,trim only,226,25425
first_name,T***,d172d23b0207eb97303ff55c78bcaf54709bb6960d27761eb14f7abb81f85a74,226,"{""app_users"": 132, ""store_customers"": 94}",2,worthless,Observed on 226 physical records; strict Rule 2 threshold is greater than 40.,trim only,226,25425
first_name,S***,d8bcf15e43cdc3464e58b720ff1224087e771367635830b7ced6c3d92e964518,226,"{""app_users"": 135, ""store_customers"": 91}",2,worthless,Observed on 226 physical records; strict Rule 2 threshold is greater than 40.,trim only,226,25425
first_name,L***,fdee8e6a6b6945e70d4ec50ad6a4d434be17819381eec4738d4d99a079d0c5ca,226,"{""app_users"": 131, ""store_customers"": 95}",2,worthless,Observed on 226 physical records; strict Rule 2 threshold is greater than 40.,trim only,226,25425
first_name,S***,feed639bafa4b220c8ac3f1c78dd20a502d4b97947039ff4904f287934df5bc7,226,"{""app_users"": 133, ""store_customers"": 93}",2,worthless,Observed on 226 physical records; strict Rule 2 threshold is greater than 40.,trim only,226,25425
last_name,J***,009ae8b645108183d06b6d493a64a44676eb18caeacd36b498bf58a9b77f1e29,226,"{""app_users"": 140, ""store_customers"": 86}",2,worthless,Observed on 226 physical records; strict Rule 2 threshold is greater than 40.,trim only,226,25425
last_name,M***,0d344031cafc589f824a747e0aef086be4ed243e06a015fd56c7156464ddf4f6,226,"{""app_users"": 121, ""store_customers"": 105}",2,worthless,Observed on 226 physical records; strict Rule 2 threshold is greater than 40.,trim only,226,25425
last_name,L***,2cbcec50b27700597b8d6efb7f092ea6204d87c0ce9fb4541e4f091c8d698aa2,226,"{""app_users"": 131, ""store_customers"": 95}",2,worthless,Observed on 226 physical records; strict Rule 2 threshold is greater than 40.,trim only,226,25425
last_name,J***,53b717f52bac4ae5923006e8c60f142402c33fe84a6affee7771aeac0d127dd6,226,"{""app_users"": 113, ""store_customers"": 113}",2,worthless,Observed on 226 physical records; strict Rule 2 threshold is greater than 40.,trim only,226,25425
last_name,V***,f957193bb34ac5373ddcdc2f6bfb78dc30453c3bf17c5ee647d28c5000d0eeda,226,"{""app_users"": 128, ""store_customers"": 98}",2,worthless,Observed on 226 physical records; strict Rule 2 threshold is greater than 40.,trim only,226,25425
first_name,L***,01eb267b6d77410ba357336e170a46eff7529d7fa7f39b38f7fc82e78bd7a4d2,225,"{""app_users"": 129, ""store_customers"": 96}",2,worthless,Observed on 225 physical records; strict Rule 2 threshold is greater than 40.,trim only,225,25200
first_name,C***,0c822a0efe631e26d7104159e0a0ff98a06c04d8b1b7aaefc864e0b962082f7f,225,"{""app_users"": 125, ""store_customers"": 100}",2,worthless,Observed on 225 physical records; strict Rule 2 threshold is greater than 40.,trim only,225,25200
first_name,G***,7ee1254eb26a927d923f49e4fc5bbd22d9f4cd32c69f592e6162e2bdb12f3244,225,"{""app_users"": 122, ""store_customers"": 103}",2,worthless,Observed on 225 physical records; strict Rule 2 threshold is greater than 40.,trim only,225,25200
first_name,L***,99469ec40cb622cfe651989e4fceff15fd21c38542152241af6f82078daaf51d,225,"{""app_users"": 132, ""store_customers"": 93}",2,worthless,Observed on 225 physical records; strict Rule 2 threshold is greater than 40.,trim only,225,25200
first_name,W***,9c6da7d193bb4e3c92640d7a2211bde1083386714ff16c20a7339d2f90128d78,225,"{""app_users"": 133, ""store_customers"": 92}",2,worthless,Observed on 225 physical records; strict Rule 2 threshold is greater than 40.,trim only,225,25200
first_name,R***,c8aba179284c9399d1c508f7a7b9ff6a7a361a49bf2f77abd6e6b3e11c63e075,225,"{""app_users"": 132, ""store_customers"": 93}",2,worthless,Observed on 225 physical records; strict Rule 2 threshold is greater than 40.,trim only,225,25200
first_name,Y***,dd9d0d2eb48aa267e92fb3bdf86e25d1f2283b2707b3ed7f6afaa4362f753a10,225,"{""app_users"": 144, ""store_customers"": 81}",2,worthless,Observed on 225 physical records; strict Rule 2 threshold is greater than 40.,trim only,225,25200
last_name,T***,16cadd975e303bfc418c066a128fc93420246329f1a5f5fa15a28ed35ce748dd,225,"{""app_users"": 134, ""store_customers"": 91}",2,worthless,Observed on 225 physical records; strict Rule 2 threshold is greater than 40.,trim only,225,25200
last_name,K***,1b085846a8516337f82bb60d9cae31185b83410ea55c98669bd00bd243cfa652,225,"{""app_users"": 147, ""store_customers"": 78}",2,worthless,Observed on 225 physical records; strict Rule 2 threshold is greater than 40.,trim only,225,25200
last_name,D***,23d5491ff0f48d0a110d61524a3ef1c8b99204f8a0051cd4839f8be4f12db75c,225,"{""app_users"": 118, ""store_customers"": 107}",2,worthless,Observed on 225 physical records; strict Rule 2 threshold is greater than 40.,trim only,225,25200
last_name,F***,29a1a70c5841e4b91d501331e352fe56e5548edfffaf1a96c7925df3622a7636,225,"{""app_users"": 128, ""store_customers"": 97}",2,worthless,Observed on 225 physical records; strict Rule 2 threshold is greater than 40.,trim only,225,25200
last_name,X***,4b63eca1e30287725f5579a252244ea9c1dcd16296d7392a405bb0c9e562b893,225,"{""app_users"": 127, ""store_customers"": 98}",2,worthless,Observed on 225 physical records; strict Rule 2 threshold is greater than 40.,trim only,225,25200
last_name,K***,6fe4805408fe87a2cc74896354c6db1f488d797e7629982ad1431a3996d5c834,225,"{""app_users"": 136, ""store_customers"": 89}",2,worthless,Observed on 225 physical records; strict Rule 2 threshold is greater than 40.,trim only,225,25200
last_name,P***,7afb14160a38173992a4d4b79b6207db1ff7d2b2675040e889ff60aaaa25be68,225,"{""app_users"": 128, ""store_customers"": 97}",2,worthless,Observed on 225 physical records; strict Rule 2 threshold is greater than 40.,trim only,225,25200
last_name,D***,9211b0c066760cdb78390dc88c49ce957316ac228a432f620e7ffaf2a06644f3,225,"{""app_users"": 126, ""store_customers"": 99}",2,worthless,Observed on 225 physical records; strict Rule 2 threshold is greater than 40.,trim only,225,25200
last_name,N***,9fd37959c7c8173eaa85fb2cf2cff8117c8fea3715bda865c3cc6256ecf66454,225,"{""app_users"": 126, ""store_customers"": 99}",2,worthless,Observed on 225 physical records; strict Rule 2 threshold is greater than 40.,trim only,225,25200
last_name,S***,c6098991d04226026ed2def23a2f5c9d39036601b2ef6aec56f0cc784d97f986,225,"{""app_users"": 134, ""store_customers"": 91}",2,worthless,Observed on 225 physical records; strict Rule 2 threshold is greater than 40.,trim only,225,25200
last_name,R***,ebd8051295b419af3f228aaee60db0b79b9ca29cd6c944a2c192c2689d47c694,225,"{""app_users"": 143, ""store_customers"": 82}",2,worthless,Observed on 225 physical records; strict Rule 2 threshold is greater than 40.,trim only,225,25200
first_name,N***,36ca1299ce57b613c759f77cce76d3935acc04eaee6198cd9edc9b5305acad9f,224,"{""app_users"": 136, ""store_customers"": 88}",2,worthless,Observed on 224 physical records; strict Rule 2 threshold is greater than 40.,trim only,224,24976
first_name,Y***,4c02dad70beab3a58439228f325938266f906dda44b81050fec8e555ed334033,224,"{""app_users"": 134, ""store_customers"": 90}",2,worthless,Observed on 224 physical records; strict Rule 2 threshold is greater than 40.,trim only,224,24976
first_name,P***,5f91a2d57bfeac1d8f1a736f64dcf5e347501bd136b4d4ba4a0d3d8567149007,224,"{""app_users"": 122, ""store_customers"": 102}",2,worthless,Observed on 224 physical records; strict Rule 2 threshold is greater than 40.,trim only,224,24976
first_name,S***,a500d7e8e6ad24979e2dbe6f06c576b44098387eabfcebefb5c41b137c1377df,224,"{""app_users"": 141, ""store_customers"": 83}",2,worthless,Observed on 224 physical records; strict Rule 2 threshold is greater than 40.,trim only,224,24976
last_name,M***,13206e163be38a68b5fd1f0e2ebfb9a9a511541a276c7326b6fd5cfc29a71fbf,224,"{""app_users"": 127, ""store_customers"": 97}",2,worthless,Observed on 224 physical records; strict Rule 2 threshold is greater than 40.,trim only,224,24976
last_name,Y***,19f0ff9271e8a169dd4be11394091a2b46125ee251801b3549216c96f1be7c18,224,"{""app_users"": 137, ""store_customers"": 87}",2,worthless,Observed on 224 physical records; strict Rule 2 threshold is greater than 40.,trim only,224,24976
last_name,R***,2d050802bcf3e91884ca20f7c62395f234837bab027eb507e19064ec5e1ab828,224,"{""app_users"": 131, ""store_customers"": 93}",2,worthless,Observed on 224 physical records; strict Rule 2 threshold is greater than 40.,trim only,224,24976
last_name,X***,340b74b7b20f6520a6b31bfcf304fd7df5b6cefabc635d524b76b9d5067e5e44,224,"{""app_users"": 124, ""store_customers"": 100}",2,worthless,Observed on 224 physical records; strict Rule 2 threshold is greater than 40.,trim only,224,24976
last_name,P***,76ea02fcceea16ebe8651020e44a5891ac3ccee93026751fe3287f8b8df47549,224,"{""app_users"": 124, ""store_customers"": 100}",2,worthless,Observed on 224 physical records; strict Rule 2 threshold is greater than 40.,trim only,224,24976
last_name,L***,7a60a92be6e343cf4fb89f24bc0808344fdac221fac0a9ee97fb6f514a308cdb,224,"{""app_users"": 130, ""store_customers"": 94}",2,worthless,Observed on 224 physical records; strict Rule 2 threshold is greater than 40.,trim only,224,24976
last_name,D***,96437de44f2c4d52ea89db88ce321b93687396261125f53554b8e37e7d989d10,224,"{""app_users"": 125, ""store_customers"": 99}",2,worthless,Observed on 224 physical records; strict Rule 2 threshold is greater than 40.,trim only,224,24976
last_name,P***,9fff422ca715966147f5a7bb5424852f97c64382c48735e9b439852c710f2e6e,224,"{""app_users"": 132, ""store_customers"": 92}",2,worthless,Observed on 224 physical records; strict Rule 2 threshold is greater than 40.,trim only,224,24976
last_name,T***,a6a95bcdae5a5ec8e08b86f9a2f1461c1eefaea59e80da23fafd47dc6171f65a,224,"{""app_users"": 142, ""store_customers"": 82}",2,worthless,Observed on 224 physical records; strict Rule 2 threshold is greater than 40.,trim only,224,24976
last_name,Z***,a7ec7904903234a76998035a7c4acfcef1497e726a085bfd6a36d2d9ec24f1a0,224,"{""app_users"": 126, ""store_customers"": 98}",2,worthless,Observed on 224 physical records; strict Rule 2 threshold is greater than 40.,trim only,224,24976
last_name,L***,afb03a204fa1c6c54da56c97c016c7071f98b2f5fd454ebe11fc212552a424bb,224,"{""app_users"": 132, ""store_customers"": 92}",2,worthless,Observed on 224 physical records; strict Rule 2 threshold is greater than 40.,trim only,224,24976
last_name,B***,b3be8c6d7258cede6115b2f88a67150f155fab174de22816d8ee6810a67bb556,224,"{""app_users"": 145, ""store_customers"": 79}",2,worthless,Observed on 224 physical records; strict Rule 2 threshold is greater than 40.,trim only,224,24976
last_name,S***,d4afb868702adb099a66d96415dbe23bc3258f0a8e8bdbf2f84cdf827c28c344,224,"{""app_users"": 136, ""store_customers"": 88}",2,worthless,Observed on 224 physical records; strict Rule 2 threshold is greater than 40.,trim only,224,24976
last_name,Q***,d74fb7f8081a4432b9433b7b306bb46ee973af462ac7bd36d5209a1a891651da,224,"{""app_users"": 128, ""store_customers"": 96}",2,worthless,Observed on 224 physical records; strict Rule 2 threshold is greater than 40.,trim only,224,24976
last_name,F***,e48b0dfedc9dd68c251298f2f9655cedec6205e62b71fb90df73e3a5559ffa90,224,"{""app_users"": 130, ""store_customers"": 94}",2,worthless,Observed on 224 physical records; strict Rule 2 threshold is greater than 40.,trim only,224,24976
last_name,X***,ec89cf8e744699234b96b1b93112722b9560b7ab5f1d894cc5888df6481ca604,224,"{""app_users"": 135, ""store_customers"": 89}",2,worthless,Observed on 224 physical records; strict Rule 2 threshold is greater than 40.,trim only,224,24976
first_name,F***,43857ba720b62b386a4ec6e220a3df9e854e98a989768a12b689ea6d98dd8fc3,223,"{""app_users"": 129, ""store_customers"": 94}",2,worthless,Observed on 223 physical records; strict Rule 2 threshold is greater than 40.,trim only,223,24753
first_name,J***,4447ca0eaefc02e52eff0de606121b1974105e777ae8e469ef241b23efc94672,223,"{""app_users"": 134, ""store_customers"": 89}",2,worthless,Observed on 223 physical records; strict Rule 2 threshold is greater than 40.,trim only,223,24753
first_name,B***,47ad8ee15ccac900fa6c24a522462aad27802dfec2c6f6d55ad46a4626348165,223,"{""app_users"": 128, ""store_customers"": 95}",2,worthless,Observed on 223 physical records; strict Rule 2 threshold is greater than 40.,trim only,223,24753
first_name,D***,7ee75ad7ca39c9e567e64a58cb116b2a021a90f434b4c61b9ee732fed85fd390,223,"{""app_users"": 131, ""store_customers"": 92}",2,worthless,Observed on 223 physical records; strict Rule 2 threshold is greater than 40.,trim only,223,24753
first_name,T***,8ad55eba4c88160d322b3a63178ed113aa9e172ff2f9bbc7d7094b96c49c659a,223,"{""app_users"": 122, ""store_customers"": 101}",2,worthless,Observed on 223 physical records; strict Rule 2 threshold is greater than 40.,trim only,223,24753
first_name,M***,b28bece7c04b30a7cabb072679e31decae8b6fb722709a18e902ef55c57cf3e1,223,"{""app_users"": 133, ""store_customers"": 90}",2,worthless,Observed on 223 physical records; strict Rule 2 threshold is greater than 40.,trim only,223,24753
first_name,P***,bda7d6db6be3d78040b7a65df1145997ccc87b56f3394846fc488ccf84c6de4c,223,"{""app_users"": 132, ""store_customers"": 91}",2,worthless,Observed on 223 physical records; strict Rule 2 threshold is greater than 40.,trim only,223,24753
first_name,K***,e6b0ae58d684cfba823a7533eabdeb065ee691d053f6219b1fabc4bbb27dfbc0,223,"{""app_users"": 136, ""store_customers"": 87}",2,worthless,Observed on 223 physical records; strict Rule 2 threshold is greater than 40.,trim only,223,24753
first_name,Y***,fe1430d4b0217ebb76e2bbf99ad0c015eeb32db8b1a26115bc6df6a8a30384e0,223,"{""app_users"": 128, ""store_customers"": 95}",2,worthless,Observed on 223 physical records; strict Rule 2 threshold is greater than 40.,trim only,223,24753
last_name,X***,075eef1d0aeff1366bea9a7a118fd1d8c9215d1493c3ebdacfd2dbbcdb6dbd3e,223,"{""app_users"": 137, ""store_customers"": 86}",2,worthless,Observed on 223 physical records; strict Rule 2 threshold is greater than 40.,trim only,223,24753
last_name,T***,1972c4aa5d7ee4e2b81190976e6cb84b87c4a5bf0387baad1de851b96276ef00,223,"{""app_users"": 135, ""store_customers"": 88}",2,worthless,Observed on 223 physical records; strict Rule 2 threshold is greater than 40.,trim only,223,24753
last_name,Y***,1bdd342c138ff8813ddd2643c7b814216daeee39056d648264e4efd41d542e0d,223,"{""app_users"": 126, ""store_customers"": 97}",2,worthless,Observed on 223 physical records; strict Rule 2 threshold is greater than 40.,trim only,223,24753
last_name,P***,95ca124e2f977d0aa12afaef2282ae62665c49eb2b25e902ceb0b0984d937584,223,"{""app_users"": 143, ""store_customers"": 80}",2,worthless,Observed on 223 physical records; strict Rule 2 threshold is greater than 40.,trim only,223,24753
last_name,P***,9d3aa1b2799b134c4c7a102f80a0b022b6858a69c3401c48b5780c2a1af441c3,223,"{""app_users"": 123, ""store_customers"": 100}",2,worthless,Observed on 223 physical records; strict Rule 2 threshold is greater than 40.,trim only,223,24753
last_name,D***,a7bd893d3ed50b8b1ea5100c4689e02c5730f0e68d0e72a4bdcc6d04262ff026,223,"{""app_users"": 129, ""store_customers"": 94}",2,worthless,Observed on 223 physical records; strict Rule 2 threshold is greater than 40.,trim only,223,24753
last_name,B***,c47ec08e94b73c0aed8f99311edeadbb5cd6f514c2c36b7307d2f920e0113686,223,"{""app_users"": 130, ""store_customers"": 93}",2,worthless,Observed on 223 physical records; strict Rule 2 threshold is greater than 40.,trim only,223,24753
first_name,Z***,1172baebadb0936b6e022447d3c1b6f58c109c854b912564d4416dd00bca36ba,222,"{""app_users"": 141, ""store_customers"": 81}",2,worthless,Observed on 222 physical records; strict Rule 2 threshold is greater than 40.,trim only,222,24531
first_name,G***,133b12bfc96a4adcfca8a15d612442f9d674bbe5e415cfa934ba950ecd072452,222,"{""app_users"": 142, ""store_customers"": 80}",2,worthless,Observed on 222 physical records; strict Rule 2 threshold is greater than 40.,trim only,222,24531
first_name,W***,1f0d01fcc0af5239ffdeff1ac22c01feebeb5c1538923f338f912ff83de07323,222,"{""app_users"": 131, ""store_customers"": 91}",2,worthless,Observed on 222 physical records; strict Rule 2 threshold is greater than 40.,trim only,222,24531
first_name,L***,3e3a1bb430a9ce324a573a12366ffea57e80a7ecc3b87abc10f0eb5caa836b36,222,"{""app_users"": 123, ""store_customers"": 99}",2,worthless,Observed on 222 physical records; strict Rule 2 threshold is greater than 40.,trim only,222,24531
first_name,N***,66449dda266b3edd812c335721e47d12f9600d1816e13d908ebf463ca1e2d195,222,"{""app_users"": 125, ""store_customers"": 97}",2,worthless,Observed on 222 physical records; strict Rule 2 threshold is greater than 40.,trim only,222,24531
first_name,V***,845d93f7a0d28a1dae6b8e25ef51b35d98b5ba457bd642228f527014bd128ff8,222,"{""app_users"": 131, ""store_customers"": 91}",2,worthless,Observed on 222 physical records; strict Rule 2 threshold is greater than 40.,trim only,222,24531
first_name,N***,c8f743fc96ad1b93ec8705b0d36fe78d5ef235038903f725b32986485bad3860,222,"{""app_users"": 139, ""store_customers"": 83}",2,worthless,Observed on 222 physical records; strict Rule 2 threshold is greater than 40.,trim only,222,24531
last_name,P***,0827c4599ecb014f56c2270cbcc4fb022889ad3c3e2beb49efcaf01a45fc6b9a,222,"{""app_users"": 106, ""store_customers"": 116}",2,worthless,Observed on 222 physical records; strict Rule 2 threshold is greater than 40.,trim only,222,24531
last_name,L***,1bca3351e48c12e88851a4b874ba3bb12ee548c9dc40403e95d297b075166d74,222,"{""app_users"": 140, ""store_customers"": 82}",2,worthless,Observed on 222 physical records; strict Rule 2 threshold is greater than 40.,trim only,222,24531
last_name,F***,1c74c8a3b7f3395a6fc3738656866bee4bcf61560879eb4508fd0b50c4f240d7,222,"{""app_users"": 124, ""store_customers"": 98}",2,worthless,Observed on 222 physical records; strict Rule 2 threshold is greater than 40.,trim only,222,24531
last_name,S***,6bcce8c2162dd154553592ae6cb34016c70509e634e9432d7c9afcefc1c9b82b,222,"{""app_users"": 136, ""store_customers"": 86}",2,worthless,Observed on 222 physical records; strict Rule 2 threshold is greater than 40.,trim only,222,24531
last_name,P***,6ffee4d8bafa9bf544196cecbfa999db5f8cfbe2ffc9431a78373dbff3731804,222,"{""app_users"": 129, ""store_customers"": 93}",2,worthless,Observed on 222 physical records; strict Rule 2 threshold is greater than 40.,trim only,222,24531
last_name,J***,8bf6be76b32ec55141deb3a11641105fde83cded2ea8614bb637e938dec3e60a,222,"{""app_users"": 129, ""store_customers"": 93}",2,worthless,Observed on 222 physical records; strict Rule 2 threshold is greater than 40.,trim only,222,24531
last_name,N***,96cb953c64cbacf03f7f98ede0c16347a4574f40938337beeb830cc764300577,222,"{""app_users"": 134, ""store_customers"": 88}",2,worthless,Observed on 222 physical records; strict Rule 2 threshold is greater than 40.,trim only,222,24531
last_name,L***,bcc57e161ae51875a93a1ab432b13d7b3853311569c7dbc65e27f471d399a308,222,"{""app_users"": 125, ""store_customers"": 97}",2,worthless,Observed on 222 physical records; strict Rule 2 threshold is greater than 40.,trim only,222,24531
last_name,D***,f94f63b5290aad76ba9f2d0c82ea95d9bd93d10ba745ad89e4f7f8369afcd0b7,222,"{""app_users"": 139, ""store_customers"": 83}",2,worthless,Observed on 222 physical records; strict Rule 2 threshold is greater than 40.,trim only,222,24531
first_name,L***,01dfc5d169950f584a2149be13f1d234370c70d1154c5b7d2ac3b1746decb489,221,"{""app_users"": 134, ""store_customers"": 87}",2,worthless,Observed on 221 physical records; strict Rule 2 threshold is greater than 40.,trim only,221,24310
first_name,L***,0b64e7a35e72e6e45a7108e82029fc0f06935bce386ed78fc72986b24fae38db,221,"{""app_users"": 123, ""store_customers"": 98}",2,worthless,Observed on 221 physical records; strict Rule 2 threshold is greater than 40.,trim only,221,24310
first_name,K***,0ffc9f589ede47325f29fd124053c490e9778df123893176c37b87438c7194e3,221,"{""app_users"": 130, ""store_customers"": 91}",2,worthless,Observed on 221 physical records; strict Rule 2 threshold is greater than 40.,trim only,221,24310
first_name,N***,294a5da43fc710fcacdff33ef3641a38a021022ff0d38f5ffd73153a9c474bdb,221,"{""app_users"": 131, ""store_customers"": 90}",2,worthless,Observed on 221 physical records; strict Rule 2 threshold is greater than 40.,trim only,221,24310
first_name,P***,2cd6d55f9853a435f495feaebe36b01f5bdb840848726b3f0dcea3327e3f90ca,221,"{""app_users"": 119, ""store_customers"": 102}",2,worthless,Observed on 221 physical records; strict Rule 2 threshold is greater than 40.,trim only,221,24310
first_name,Y***,4b2f8360eac5b29a0b3d35b0f4b69211369ff79b959375119b174c48034b3095,221,"{""app_users"": 131, ""store_customers"": 90}",2,worthless,Observed on 221 physical records; strict Rule 2 threshold is greater than 40.,trim only,221,24310
first_name,N***,5ef87fb107cae8a506a82275227e0ba58cbc909993c3fd809702910f103bba0d,221,"{""app_users"": 131, ""store_customers"": 90}",2,worthless,Observed on 221 physical records; strict Rule 2 threshold is greater than 40.,trim only,221,24310
first_name,S***,643082766e2ffb04fbdecfa98ac6b15c718c1eb112c801e8313367dd781b2b6f,221,"{""app_users"": 134, ""store_customers"": 87}",2,worthless,Observed on 221 physical records; strict Rule 2 threshold is greater than 40.,trim only,221,24310
first_name,N***,64cdd9bd402787df48cc5a1feb3f56f71e8181b4b4d2354f9360d7ec4dcd416c,221,"{""app_users"": 129, ""store_customers"": 92}",2,worthless,Observed on 221 physical records; strict Rule 2 threshold is greater than 40.,trim only,221,24310
first_name,W***,700b3be614ff6ee7711c4ccccbbade44645f94d30a24399176794ada4fbc47fd,221,"{""app_users"": 124, ""store_customers"": 97}",2,worthless,Observed on 221 physical records; strict Rule 2 threshold is greater than 40.,trim only,221,24310
first_name,D***,c3187b6e163efbc7ce5155260c06ba29fc6ff968e3f6414acd6352f4f853c2b6,221,"{""app_users"": 120, ""store_customers"": 101}",2,worthless,Observed on 221 physical records; strict Rule 2 threshold is greater than 40.,trim only,221,24310
first_name,B***,e0a94b075566b37c62117d3445d5eaefd5c0b3d62aeee655a31edf5ae8cbbb04,221,"{""app_users"": 133, ""store_customers"": 88}",2,worthless,Observed on 221 physical records; strict Rule 2 threshold is greater than 40.,trim only,221,24310
first_name,S***,ea93cd7c42ff916fcaf48394b5e31857f8894a91bbad966f6960c7013ec2c730,221,"{""app_users"": 118, ""store_customers"": 103}",2,worthless,Observed on 221 physical records; strict Rule 2 threshold is greater than 40.,trim only,221,24310
first_name,B***,edb5537960a62fb86a6d50cb7cb2a3fbe733646afcd008c48540c2f154a6c76c,221,"{""app_users"": 133, ""store_customers"": 88}",2,worthless,Observed on 221 physical records; strict Rule 2 threshold is greater than 40.,trim only,221,24310
first_name,R***,f07149f0d32efe614e526b26f3c4fbb4a19cdf2af226d5bd3993cdd14938945f,221,"{""app_users"": 132, ""store_customers"": 89}",2,worthless,Observed on 221 physical records; strict Rule 2 threshold is greater than 40.,trim only,221,24310
first_name,J***,f593780c036da19bf95bfde466f9ba4db418a1a4e3a384ad0213960789f3d665,221,"{""app_users"": 132, ""store_customers"": 89}",2,worthless,Observed on 221 physical records; strict Rule 2 threshold is greater than 40.,trim only,221,24310
last_name,S***,03263d6459a0c01f20d97a89ecb74fd500b061ce473200cce9a9afde5282e69d,221,"{""app_users"": 120, ""store_customers"": 101}",2,worthless,Observed on 221 physical records; strict Rule 2 threshold is greater than 40.,trim only,221,24310
last_name,S***,099d3c2f303d5d68081558c5f9724c3bc9f1878677d2d07dccc51f9669f11450,221,"{""app_users"": 138, ""store_customers"": 83}",2,worthless,Observed on 221 physical records; strict Rule 2 threshold is greater than 40.,trim only,221,24310
last_name,P***,103b3c071e377764d16ae5bc7a742a005375c37ce5d7252f4f98bf9e712bb6be,221,"{""app_users"": 134, ""store_customers"": 87}",2,worthless,Observed on 221 physical records; strict Rule 2 threshold is greater than 40.,trim only,221,24310
last_name,W***,1d471dd286e27cb4065007d63fc0db63136a53f307580ed2939fca730b53f460,221,"{""app_users"": 121, ""store_customers"": 100}",2,worthless,Observed on 221 physical records; strict Rule 2 threshold is greater than 40.,trim only,221,24310
last_name,S***,3bc498f839827b5d177371d6ecb0bac2da2f3ea0126a925c97253d367c041dbc,221,"{""app_users"": 123, ""store_customers"": 98}",2,worthless,Observed on 221 physical records; strict Rule 2 threshold is greater than 40.,trim only,221,24310
last_name,N***,50fa1810deefd4974c038b6c3c5474c8f5cdc61123f37b2f0f5af35dca5dc088,221,"{""app_users"": 140, ""store_customers"": 81}",2,worthless,Observed on 221 physical records; strict Rule 2 threshold is greater than 40.,trim only,221,24310
last_name,R***,61c5f5a51b7e1d0bffe021354c5e30864cf329cf994cfc2e11e13fc003b3db38,221,"{""app_users"": 117, ""store_customers"": 104}",2,worthless,Observed on 221 physical records; strict Rule 2 threshold is greater than 40.,trim only,221,24310
last_name,F***,75261647138ca4fa38442d6a12ec7a5a932558cfb35878566663d85aa924f661,221,"{""app_users"": 127, ""store_customers"": 94}",2,worthless,Observed on 221 physical records; strict Rule 2 threshold is greater than 40.,trim only,221,24310
last_name,T***,93921feb1681e63ed4d8226c1324dd8ea43e75dcd44ffeffb8bc35b04715dcb1,221,"{""app_users"": 127, ""store_customers"": 94}",2,worthless,Observed on 221 physical records; strict Rule 2 threshold is greater than 40.,trim only,221,24310
last_name,G***,a2f27cdcdbf057ed57c3a7310266f427a85abd6f0dd0d97dec8f502a22699423,221,"{""app_users"": 132, ""store_customers"": 89}",2,worthless,Observed on 221 physical records; strict Rule 2 threshold is greater than 40.,trim only,221,24310
last_name,C***,a59e57dc0341b3e14b7d00cd5ff24ccc62907d4899b39bb3d71db40fc7d7f6fe,221,"{""app_users"": 133, ""store_customers"": 88}",2,worthless,Observed on 221 physical records; strict Rule 2 threshold is greater than 40.,trim only,221,24310
last_name,Z***,a9c7e313ff210094b69a06e239d8a1c47f05d71cd4eacefcc070fc8b713ae803,221,"{""app_users"": 126, ""store_customers"": 95}",2,worthless,Observed on 221 physical records; strict Rule 2 threshold is greater than 40.,trim only,221,24310
last_name,S***,b4ae174b24a317f95ef865cd4be2e63e62f1dd1c724c981960d9372960e64458,221,"{""app_users"": 125, ""store_customers"": 96}",2,worthless,Observed on 221 physical records; strict Rule 2 threshold is greater than 40.,trim only,221,24310
last_name,T***,bf824542ca0e743b48556d175f47e00e93232096856d6bee8f8a42657e66e51b,221,"{""app_users"": 111, ""store_customers"": 110}",2,worthless,Observed on 221 physical records; strict Rule 2 threshold is greater than 40.,trim only,221,24310
last_name,N***,c650828365bf9dd4cae1f4b4699a54522e7ad8daaf1c7330b7b041a73d2d2d21,221,"{""app_users"": 126, ""store_customers"": 95}",2,worthless,Observed on 221 physical records; strict Rule 2 threshold is greater than 40.,trim only,221,24310
last_name,M***,e9bce26848cc824e01fccca0f13a1bed1f74fc8b7e73fc0c175c385ff7b5011f,221,"{""app_users"": 139, ""store_customers"": 82}",2,worthless,Observed on 221 physical records; strict Rule 2 threshold is greater than 40.,trim only,221,24310
first_name,B***,1b0b6cfcd7cfd34a994212f2f83288f2bddbecb8a4621a20925337b3fff28115,220,"{""app_users"": 132, ""store_customers"": 88}",2,worthless,Observed on 220 physical records; strict Rule 2 threshold is greater than 40.,trim only,220,24090
first_name,N***,7a1d336590b67b43c17ca1af08e7ec70f7245d4f0176753a14858c3ee8ab5459,220,"{""app_users"": 124, ""store_customers"": 96}",2,worthless,Observed on 220 physical records; strict Rule 2 threshold is greater than 40.,trim only,220,24090
first_name,S***,8ad906d3a37081854f250bb160f39f97582ac1568cee651fc79744435da434ec,220,"{""app_users"": 126, ""store_customers"": 94}",2,worthless,Observed on 220 physical records; strict Rule 2 threshold is greater than 40.,trim only,220,24090
first_name,Q***,b6df3a1244e7478feb9daa2a69496196afd3207f96c6b87d497e200bc684d397,220,"{""app_users"": 127, ""store_customers"": 93}",2,worthless,Observed on 220 physical records; strict Rule 2 threshold is greater than 40.,trim only,220,24090
first_name,C***,e80f798a7cf9675cfd7995749f258589d0229b7073d15d7f83bab64bd9c99180,220,"{""app_users"": 134, ""store_customers"": 86}",2,worthless,Observed on 220 physical records; strict Rule 2 threshold is greater than 40.,trim only,220,24090
last_name,R***,1912975fc02aad32c6b85eb13fcb1fade82cb2e1a4027d44fa490d8b57366595,220,"{""app_users"": 126, ""store_customers"": 94}",2,worthless,Observed on 220 physical records; strict Rule 2 threshold is greater than 40.,trim only,220,24090
last_name,C***,37c40892c17aafd6cfb51f347ec42ac238cfc3c77f16ad77eee4aa9aace1a720,220,"{""app_users"": 125, ""store_customers"": 95}",2,worthless,Observed on 220 physical records; strict Rule 2 threshold is greater than 40.,trim only,220,24090
last_name,C***,3a77a5ca6cdc51fa9478d809eb731825d56c94fe164d371cd18c7818950dd7ea,220,"{""app_users"": 126, ""store_customers"": 94}",2,worthless,Observed on 220 physical records; strict Rule 2 threshold is greater than 40.,trim only,220,24090
last_name,B***,7012b574e6b592943c9816582a28d309c55f11ebff7c5f689258c3052e9dc301,220,"{""app_users"": 139, ""store_customers"": 81}",2,worthless,Observed on 220 physical records; strict Rule 2 threshold is greater than 40.,trim only,220,24090
last_name,P***,b5ffbc90f8be1fbe51f40e5d5fc2e6ece954029af090f896298b797508b0d39c,220,"{""app_users"": 129, ""store_customers"": 91}",2,worthless,Observed on 220 physical records; strict Rule 2 threshold is greater than 40.,trim only,220,24090
last_name,N***,d6498bd031d61b6ef5927b6dd3da68b7bb31ea429aa0e4eaaa45890ea87eb5a1,220,"{""app_users"": 132, ""store_customers"": 88}",2,worthless,Observed on 220 physical records; strict Rule 2 threshold is greater than 40.,trim only,220,24090
last_name,B***,db16ad4a61310b3f4ed465d902c0109eba73c61f3375bf6c378a2192956fe09d,220,"{""app_users"": 119, ""store_customers"": 101}",2,worthless,Observed on 220 physical records; strict Rule 2 threshold is greater than 40.,trim only,220,24090
last_name,B***,dd3394e92c261d0e2125d792e390d0b406a54682bc851b4c1019ca9f936cd6fa,220,"{""app_users"": 116, ""store_customers"": 104}",2,worthless,Observed on 220 physical records; strict Rule 2 threshold is greater than 40.,trim only,220,24090
last_name,X***,de9b538041e9eb41b2085954f8eee6a747436f61ce7039e371facad1fc9f0f5f,220,"{""app_users"": 138, ""store_customers"": 82}",2,worthless,Observed on 220 physical records; strict Rule 2 threshold is greater than 40.,trim only,220,24090
last_name,C***,e0449367a0c3b21331e4bfc8357dc90aee9a36a1a5ec955e5e6a304f556a62af,220,"{""app_users"": 138, ""store_customers"": 82}",2,worthless,Observed on 220 physical records; strict Rule 2 threshold is greater than 40.,trim only,220,24090
last_name,B***,e5f0b8008e48085fd289e110da6b1eede5991c40c4447cb0ba664211528a9334,220,"{""app_users"": 133, ""store_customers"": 87}",2,worthless,Observed on 220 physical records; strict Rule 2 threshold is greater than 40.,trim only,220,24090
first_name,S***,2f477f3b30f0a11282f1c5ecf0d6fdb9fa46c93ee390f456270205cc7554c83d,219,"{""app_users"": 122, ""store_customers"": 97}",2,worthless,Observed on 219 physical records; strict Rule 2 threshold is greater than 40.,trim only,219,23871
first_name,B***,58602731696c206e27589ec855d3b2bd1ec4f3095d394598b98345ae2ed07e7a,219,"{""app_users"": 117, ""store_customers"": 102}",2,worthless,Observed on 219 physical records; strict Rule 2 threshold is greater than 40.,trim only,219,23871
first_name,P***,6d96ee788f8bc3e27cdebaa308f98debd780ad387711bf567729e179177ab882,219,"{""app_users"": 120, ""store_customers"": 99}",2,worthless,Observed on 219 physical records; strict Rule 2 threshold is greater than 40.,trim only,219,23871
first_name,P***,74595d2eeee51f77feb0e21b37182b216a5be41120c11924878770d326f140fb,219,"{""app_users"": 141, ""store_customers"": 78}",2,worthless,Observed on 219 physical records; strict Rule 2 threshold is greater than 40.,trim only,219,23871
first_name,B***,747560db36ba17dfe084d3a6297c1472b918c49270bd39642c25e999bb37075a,219,"{""app_users"": 138, ""store_customers"": 81}",2,worthless,Observed on 219 physical records; strict Rule 2 threshold is greater than 40.,trim only,219,23871
first_name,J***,88518a0a12451b975fd960ecf7ea416befa26555c911c10489b856f9e3546482,219,"{""app_users"": 123, ""store_customers"": 96}",2,worthless,Observed on 219 physical records; strict Rule 2 threshold is greater than 40.,trim only,219,23871
first_name,P***,d1896b158fe96e2f82f871724d8677f1d5f09948e8fbbc86591e9c4906418705,219,"{""app_users"": 134, ""store_customers"": 85}",2,worthless,Observed on 219 physical records; strict Rule 2 threshold is greater than 40.,trim only,219,23871
first_name,B***,deddf202cb10db56d370cedcd4e5a5baad605677de354e9da6569395a22c3ba4,219,"{""app_users"": 140, ""store_customers"": 79}",2,worthless,Observed on 219 physical records; strict Rule 2 threshold is greater than 40.,trim only,219,23871
first_name,T***,e550c62bf243f81e5e4e15f36b98bbf304d8220407736a2c263254c53ca0dbf1,219,"{""app_users"": 138, ""store_customers"": 81}",2,worthless,Observed on 219 physical records; strict Rule 2 threshold is greater than 40.,trim only,219,23871
last_name,P***,03efb8e6e2d7ae547b2f6a7ed39c03d478f879683d2f6de66bb86d63664f33a7,219,"{""app_users"": 135, ""store_customers"": 84}",2,worthless,Observed on 219 physical records; strict Rule 2 threshold is greater than 40.,trim only,219,23871
last_name,M***,226a752dc3888d3ca3c3b2e57d89ffd2ffa57a769729b3267d8eb5497a3b8155,219,"{""app_users"": 124, ""store_customers"": 95}",2,worthless,Observed on 219 physical records; strict Rule 2 threshold is greater than 40.,trim only,219,23871
last_name,S***,2c88e1e01897ef2c183725217af279afcd53e41f1e90c4c438ef7572125e97b9,219,"{""app_users"": 127, ""store_customers"": 92}",2,worthless,Observed on 219 physical records; strict Rule 2 threshold is greater than 40.,trim only,219,23871
last_name,D***,46ef0e137ab77d89c72225eb9b899f675ae2b8c0270349f78cbcb7c5964a9c13,219,"{""app_users"": 122, ""store_customers"": 97}",2,worthless,Observed on 219 physical records; strict Rule 2 threshold is greater than 40.,trim only,219,23871
last_name,M***,6f3b5d2d89531a1fbaf0e39dc199cc8f509b3c59b4954d9c59c04e86cda02239,219,"{""app_users"": 108, ""store_customers"": 111}",2,worthless,Observed on 219 physical records; strict Rule 2 threshold is greater than 40.,trim only,219,23871
last_name,N***,77c6cc40e1dde8fb43ecb72781b095eb14dd2b2d9497825f1d837b55bf4a8eb0,219,"{""app_users"": 149, ""store_customers"": 70}",2,worthless,Observed on 219 physical records; strict Rule 2 threshold is greater than 40.,trim only,219,23871
last_name,M***,7858d0c5ed165946e17daefecf2c27c6f80e3b6d4ac8683e1a7bd973f906ec41,219,"{""app_users"": 128, ""store_customers"": 91}",2,worthless,Observed on 219 physical records; strict Rule 2 threshold is greater than 40.,trim only,219,23871
last_name,R***,957e9e679ab2e9d578bd322934e16498636f89eb547ea2c6d69ff7081c54a501,219,"{""app_users"": 134, ""store_customers"": 85}",2,worthless,Observed on 219 physical records; strict Rule 2 threshold is greater than 40.,trim only,219,23871
last_name,R***,bbdee15568f54cff4c7346925c4626885958d7c95ee32a2a1dede85265fedc88,219,"{""app_users"": 137, ""store_customers"": 82}",2,worthless,Observed on 219 physical records; strict Rule 2 threshold is greater than 40.,trim only,219,23871
last_name,L***,e734a796fd44a9924884cbb5d151186367ce291263909b3a390dc773e006dd2a,219,"{""app_users"": 119, ""store_customers"": 100}",2,worthless,Observed on 219 physical records; strict Rule 2 threshold is greater than 40.,trim only,219,23871
first_name,M***,02741d7fe54de3ef7ef20db0d2024ee30d177502ff3b20777f80da522373e702,218,"{""app_users"": 127, ""store_customers"": 91}",2,worthless,Observed on 218 physical records; strict Rule 2 threshold is greater than 40.,trim only,218,23653
first_name,M***,107b6fc88d5f4309b8780d35f277deb8ca23d88b0a557061d2ae9c463fc35b7b,218,"{""app_users"": 126, ""store_customers"": 92}",2,worthless,Observed on 218 physical records; strict Rule 2 threshold is greater than 40.,trim only,218,23653
first_name,Z***,16779e060aa39a147d7d718d5cc16e527dd75b324a22485f6900f83a5a95245c,218,"{""app_users"": 133, ""store_customers"": 85}",2,worthless,Observed on 218 physical records; strict Rule 2 threshold is greater than 40.,trim only,218,23653
first_name,X***,186ae0b4562a7a54420efbdaa9d877add98e4dbf427c9643b0813109c7a11561,218,"{""app_users"": 122, ""store_customers"": 96}",2,worthless,Observed on 218 physical records; strict Rule 2 threshold is greater than 40.,trim only,218,23653
first_name,R***,2350bb0f0df5601167318c8a9ee89fcec22f8058d4f4a426b997c461f1c09903,218,"{""app_users"": 125, ""store_customers"": 93}",2,worthless,Observed on 218 physical records; strict Rule 2 threshold is greater than 40.,trim only,218,23653
first_name,Q***,271c1da71edbbb9d8733fe6ec746a56fb41ab9e019d1159b498e74507d6647b3,218,"{""app_users"": 132, ""store_customers"": 86}",2,worthless,Observed on 218 physical records; strict Rule 2 threshold is greater than 40.,trim only,218,23653
first_name,M***,3540f9c2d80d1773969a28cd11a8d9bb9f29d193e963be603e161f459b12b404,218,"{""app_users"": 129, ""store_customers"": 89}",2,worthless,Observed on 218 physical records; strict Rule 2 threshold is greater than 40.,trim only,218,23653
first_name,P***,4ddc7d1feb310fd31f0c2c34d8f6701b5031dd4b42f30d80b11a185f9abec5e4,218,"{""app_users"": 121, ""store_customers"": 97}",2,worthless,Observed on 218 physical records; strict Rule 2 threshold is greater than 40.,trim only,218,23653
first_name,R***,50c0e777fccadb0d80f232f40b2a85211bf96ccbb4f784db54481214eafc383e,218,"{""app_users"": 121, ""store_customers"": 97}",2,worthless,Observed on 218 physical records; strict Rule 2 threshold is greater than 40.,trim only,218,23653
first_name,L***,5283c7a117f23e386581c90f247e7ef50e7b4985d91a4cd906abd7c91c53be85,218,"{""app_users"": 125, ""store_customers"": 93}",2,worthless,Observed on 218 physical records; strict Rule 2 threshold is greater than 40.,trim only,218,23653
first_name,Q***,52c8e75a2857b87ce2c0adb5415ecfcd8a4245f1a830a499efa7e8e7d8d6efd8,218,"{""app_users"": 135, ""store_customers"": 83}",2,worthless,Observed on 218 physical records; strict Rule 2 threshold is greater than 40.,trim only,218,23653
first_name,W***,5d2e7dcc04c10e0bb7a289b7b445a3bbd743fa784463e2ac5705f24d9b0b6b5c,218,"{""app_users"": 127, ""store_customers"": 91}",2,worthless,Observed on 218 physical records; strict Rule 2 threshold is greater than 40.,trim only,218,23653
first_name,Z***,60b2affb803aa92481df7fecba1bb16ce80a82acccfc9374d04cf4dba13c3221,218,"{""app_users"": 141, ""store_customers"": 77}",2,worthless,Observed on 218 physical records; strict Rule 2 threshold is greater than 40.,trim only,218,23653
first_name,Z***,9774060ce658339971eb08cce9392c643fda1f777bb93d762fee0308e63312cb,218,"{""app_users"": 130, ""store_customers"": 88}",2,worthless,Observed on 218 physical records; strict Rule 2 threshold is greater than 40.,trim only,218,23653
first_name,L***,9ad92a13883338ad6e0e66a5dd07c86fd11d2a324efcfe7a3697f02b5e6f81e7,218,"{""app_users"": 129, ""store_customers"": 89}",2,worthless,Observed on 218 physical records; strict Rule 2 threshold is greater than 40.,trim only,218,23653
first_name,C***,9e85805f48ad6d808daa3c9e93d703293c10ffb1a8dbd1a06dae02e108d5363e,218,"{""app_users"": 115, ""store_customers"": 103}",2,worthless,Observed on 218 physical records; strict Rule 2 threshold is greater than 40.,trim only,218,23653
first_name,Z***,a632ed2dfe4649e1aee5dc73f43d68fee82be7322dcb9061abe0c33db3df553c,218,"{""app_users"": 130, ""store_customers"": 88}",2,worthless,Observed on 218 physical records; strict Rule 2 threshold is greater than 40.,trim only,218,23653
first_name,G***,a6bf58930869394eaaf3a020d1025c810a8d3c0c9a9f8358624b375e16f9c1a3,218,"{""app_users"": 127, ""store_customers"": 91}",2,worthless,Observed on 218 physical records; strict Rule 2 threshold is greater than 40.,trim only,218,23653
first_name,G***,aba46b77a84708b3f4e14ce2f832fc4845d824864fa9a52ff608185d3c618db7,218,"{""app_users"": 121, ""store_customers"": 97}",2,worthless,Observed on 218 physical records; strict Rule 2 threshold is greater than 40.,trim only,218,23653
first_name,X***,ec77ccabfef0cf64385410b9a69c0ff1734f33b508dd64e47ca3cbc4339dae0b,218,"{""app_users"": 121, ""store_customers"": 97}",2,worthless,Observed on 218 physical records; strict Rule 2 threshold is greater than 40.,trim only,218,23653
first_name,X***,f3237123e1d5c761ead2b039b4a0be11345423bd4565f1268a81edb249ea1221,218,"{""app_users"": 130, ""store_customers"": 88}",2,worthless,Observed on 218 physical records; strict Rule 2 threshold is greater than 40.,trim only,218,23653
first_name,T***,f84d3cf81b6f38602b7957bdca6765f86bd33b7cbb48a69bcf63d815af21e279,218,"{""app_users"": 138, ""store_customers"": 80}",2,worthless,Observed on 218 physical records; strict Rule 2 threshold is greater than 40.,trim only,218,23653
last_name,R***,134be61f2f8f1500aa617c900a62af7f41ba9d605619b85a5ff93dfb0f37089d,218,"{""app_users"": 120, ""store_customers"": 98}",2,worthless,Observed on 218 physical records; strict Rule 2 threshold is greater than 40.,trim only,218,23653
last_name,X***,334dd4a04c243ca7df77d022cf0f21270213b4acc5707da654331ccc9c856bd1,218,"{""app_users"": 138, ""store_customers"": 80}",2,worthless,Observed on 218 physical records; strict Rule 2 threshold is greater than 40.,trim only,218,23653
last_name,P***,4db7ca058f126bb2cb45d5137bbb89c07bf90f40fc63bf96792ae1a8f8eb03a2,218,"{""app_users"": 122, ""store_customers"": 96}",2,worthless,Observed on 218 physical records; strict Rule 2 threshold is greater than 40.,trim only,218,23653
last_name,N***,64c7704a7b99bd57a8a3840c834347967f13ac16cb3a3b7e5adf0a10a318c94d,218,"{""app_users"": 121, ""store_customers"": 97}",2,worthless,Observed on 218 physical records; strict Rule 2 threshold is greater than 40.,trim only,218,23653
last_name,N***,76fb8f2eafd1783e87bdb0bd7c844af44751c0921b1c2807cc94a147d1eb05f4,218,"{""app_users"": 133, ""store_customers"": 85}",2,worthless,Observed on 218 physical records; strict Rule 2 threshold is greater than 40.,trim only,218,23653
last_name,G***,82d4def47fdb5fa9621c5fff8f33d67efdb46b6c261ee639b56605715c02468d,218,"{""app_users"": 128, ""store_customers"": 90}",2,worthless,Observed on 218 physical records; strict Rule 2 threshold is greater than 40.,trim only,218,23653
last_name,Z***,8459780ea0e5eb70d03b38a5910eb808da1285bacf0c936e349a30b8d53ee64d,218,"{""app_users"": 127, ""store_customers"": 91}",2,worthless,Observed on 218 physical records; strict Rule 2 threshold is greater than 40.,trim only,218,23653
last_name,S***,8d7198d1d613ee476302ba2777f9588aa6676ed5b6763b2c3495f4707d9b4a9c,218,"{""app_users"": 135, ""store_customers"": 83}",2,worthless,Observed on 218 physical records; strict Rule 2 threshold is greater than 40.,trim only,218,23653
last_name,P***,c36cb3dfb97b464048251b3e1b416f8c4ec14b8ea0f410bd8c30b5ed2f04df82,218,"{""app_users"": 134, ""store_customers"": 84}",2,worthless,Observed on 218 physical records; strict Rule 2 threshold is greater than 40.,trim only,218,23653
last_name,B***,d0762b31d0407130194b20a825d36c47c8a2b4e2790e7758c3b0e555e3c4cd96,218,"{""app_users"": 128, ""store_customers"": 90}",2,worthless,Observed on 218 physical records; strict Rule 2 threshold is greater than 40.,trim only,218,23653
last_name,P***,e09037a44c2909cd643faf7f3d9438e54ee5b05357e0ec4b33e65dbf0902a8e9,218,"{""app_users"": 128, ""store_customers"": 90}",2,worthless,Observed on 218 physical records; strict Rule 2 threshold is greater than 40.,trim only,218,23653
last_name,L***,f0a0923faf7b5443c3af8c999a4a27cb44c90394a5793207b14c4407bb18497b,218,"{""app_users"": 121, ""store_customers"": 97}",2,worthless,Observed on 218 physical records; strict Rule 2 threshold is greater than 40.,trim only,218,23653
first_name,P***,04c931da8b824ef2ffc9f3b41a60b28e8b107a5de25215eb812ef0aed8bef631,217,"{""app_users"": 142, ""store_customers"": 75}",2,worthless,Observed on 217 physical records; strict Rule 2 threshold is greater than 40.,trim only,217,23436
first_name,Q***,36ec7a61a80ffc0fef065f75894fbc79978624b4c4376eb3ad6c99b3cfa06c70,217,"{""app_users"": 136, ""store_customers"": 81}",2,worthless,Observed on 217 physical records; strict Rule 2 threshold is greater than 40.,trim only,217,23436
first_name,M***,3e938626a4d4a4c2289bc94e859c9e3cbafce90e430ca2406d9e3593cd360dd9,217,"{""app_users"": 120, ""store_customers"": 97}",2,worthless,Observed on 217 physical records; strict Rule 2 threshold is greater than 40.,trim only,217,23436
first_name,Y***,4a5b3a18b1fbabdf4bfda9f15f70d3866fea206cca6112a4fdc6f0596deb6c38,217,"{""app_users"": 120, ""store_customers"": 97}",2,worthless,Observed on 217 physical records; strict Rule 2 threshold is greater than 40.,trim only,217,23436
first_name,P***,5852f1f132640cdd79505137eb7110502ed92e482386be2d41f2185aac60fd33,217,"{""app_users"": 120, ""store_customers"": 97}",2,worthless,Observed on 217 physical records; strict Rule 2 threshold is greater than 40.,trim only,217,23436
first_name,W***,5f02a8c940692e302644df5ee19a53e078aaa492bd594d054a8932ca2c278172,217,"{""app_users"": 115, ""store_customers"": 102}",2,worthless,Observed on 217 physical records; strict Rule 2 threshold is greater than 40.,trim only,217,23436
first_name,B***,7e415ceb52f8a148e7778e130883d0ffafbf4dafd9c6caa075ca64fb59fc3faa,217,"{""app_users"": 126, ""store_customers"": 91}",2,worthless,Observed on 217 physical records; strict Rule 2 threshold is greater than 40.,trim only,217,23436
first_name,P***,91a3bbbf15d9099dc5fb32a1eece6b5f9ea95d0b7c0c6b466dcceb9161e3b005,217,"{""app_users"": 120, ""store_customers"": 97}",2,worthless,Observed on 217 physical records; strict Rule 2 threshold is greater than 40.,trim only,217,23436
first_name,Y***,a02a40ec5f757244cde4ea27cf9ad20f29097a73a89697a606441b7d082ca9e7,217,"{""app_users"": 134, ""store_customers"": 83}",2,worthless,Observed on 217 physical records; strict Rule 2 threshold is greater than 40.,trim only,217,23436
first_name,V***,b96fccbc869f8a18686ddee6d59eeceb9330f5cb421a341e1a8f255915a7b8bf,217,"{""app_users"": 121, ""store_customers"": 96}",2,worthless,Observed on 217 physical records; strict Rule 2 threshold is greater than 40.,trim only,217,23436
first_name,C***,bdb23a18c95281549b78964c1ae5b81f1908a99db177f40ddc8ebf0cd3e00af0,217,"{""app_users"": 136, ""store_customers"": 81}",2,worthless,Observed on 217 physical records; strict Rule 2 threshold is greater than 40.,trim only,217,23436
first_name,R***,be7b83fd655774d232c2e707472dc0cb2b72747c25e668990427e9e05039a73c,217,"{""app_users"": 131, ""store_customers"": 86}",2,worthless,Observed on 217 physical records; strict Rule 2 threshold is greater than 40.,trim only,217,23436
first_name,M***,e41c623bd5f2f9fd98969933875591b1f05401d4e60f877f98feee8211767435,217,"{""app_users"": 126, ""store_customers"": 91}",2,worthless,Observed on 217 physical records; strict Rule 2 threshold is greater than 40.,trim only,217,23436
last_name,J***,126b1e8d7e32b0b76c6ad49b572578e76deb4878e4409901f480422724d52210,217,"{""app_users"": 127, ""store_customers"": 90}",2,worthless,Observed on 217 physical records; strict Rule 2 threshold is greater than 40.,trim only,217,23436
last_name,V***,148becb1420ac1e6cb8f0b833da75851ba04e08f5b91fa5395968e85d3831958,217,"{""app_users"": 122, ""store_customers"": 95}",2,worthless,Observed on 217 physical records; strict Rule 2 threshold is greater than 40.,trim only,217,23436
last_name,T***,2761b1fb187078610fee0041050f4d9504df6c538010f5014e9153ec8f0be18a,217,"{""app_users"": 129, ""store_customers"": 88}",2,worthless,Observed on 217 physical records; strict Rule 2 threshold is greater than 40.,trim only,217,23436
last_name,S***,29774ec6d0e2c79ff9007c29617bcfa2d926bca86fcd7a08b683c654c897baad,217,"{""app_users"": 130, ""store_customers"": 87}",2,worthless,Observed on 217 physical records; strict Rule 2 threshold is greater than 40.,trim only,217,23436
last_name,G***,2f816a4a0648acb1f1bd71abfb4ee4255cb9cfa9b28dbfe321df60245d7c511e,217,"{""app_users"": 132, ""store_customers"": 85}",2,worthless,Observed on 217 physical records; strict Rule 2 threshold is greater than 40.,trim only,217,23436
last_name,L***,3e83befbf4952ab3497734020de88bb96c0da702e0ce5ecc44de4f69294d8c53,217,"{""app_users"": 127, ""store_customers"": 90}",2,worthless,Observed on 217 physical records; strict Rule 2 threshold is greater than 40.,trim only,217,23436
last_name,S***,4d1bdc6523155a9fde88705b2a4c05ef54e68a40a317c56ee7cdcc8f444f3fe6,217,"{""app_users"": 133, ""store_customers"": 84}",2,worthless,Observed on 217 physical records; strict Rule 2 threshold is greater than 40.,trim only,217,23436
last_name,S***,5a1968c66b82f984c7bc1918ab677c5394501e7c378b60d47ef456447975c7b0,217,"{""app_users"": 123, ""store_customers"": 94}",2,worthless,Observed on 217 physical records; strict Rule 2 threshold is greater than 40.,trim only,217,23436
last_name,T***,5d30843179e74668254f1e699215cbb7c7bc725a150f173cfa865a5c1a228f42,217,"{""app_users"": 141, ""store_customers"": 76}",2,worthless,Observed on 217 physical records; strict Rule 2 threshold is greater than 40.,trim only,217,23436
last_name,S***,61b6df2a05b7d60b3f599bcd6b6a49c26bb4bde962944bb613e9e0cb5dee1bf6,217,"{""app_users"": 120, ""store_customers"": 97}",2,worthless,Observed on 217 physical records; strict Rule 2 threshold is greater than 40.,trim only,217,23436
last_name,T***,63e1e121d3995739f117792a788b8e7c5dd778aa283b7814b92605754f5e1e30,217,"{""app_users"": 129, ""store_customers"": 88}",2,worthless,Observed on 217 physical records; strict Rule 2 threshold is greater than 40.,trim only,217,23436
last_name,C***,7ad6203a4f670f860aecf22f5fff965120c5f76a3ebde72bc0e6b320449abd97,217,"{""app_users"": 119, ""store_customers"": 98}",2,worthless,Observed on 217 physical records; strict Rule 2 threshold is greater than 40.,trim only,217,23436
last_name,N***,877b1c401cbd8485e0bc6eef033e6b02074b2c6bef0734f8e03c3691d5a7e25e,217,"{""app_users"": 132, ""store_customers"": 85}",2,worthless,Observed on 217 physical records; strict Rule 2 threshold is greater than 40.,trim only,217,23436
last_name,Q***,8eebe183da3e3b1768f3a7c9ba0487a97267f90893799f41035c5c3b3eb59488,217,"{""app_users"": 126, ""store_customers"": 91}",2,worthless,Observed on 217 physical records; strict Rule 2 threshold is greater than 40.,trim only,217,23436
last_name,S***,bc650561736cbd58c1ff514f45e2c11e68f7f4856034ff98676db9ea3c38cbbc,217,"{""app_users"": 124, ""store_customers"": 93}",2,worthless,Observed on 217 physical records; strict Rule 2 threshold is greater than 40.,trim only,217,23436
last_name,S***,c21c0fb67f941e3ba18b1b8eb0f547adb332d557a8fbf04debd8c6f2f0224069,217,"{""app_users"": 130, ""store_customers"": 87}",2,worthless,Observed on 217 physical records; strict Rule 2 threshold is greater than 40.,trim only,217,23436
last_name,S***,d2c66d9ed05a7caa5e681ac54cbfdd4527799b30e6e2159950aeda2f585def41,217,"{""app_users"": 120, ""store_customers"": 97}",2,worthless,Observed on 217 physical records; strict Rule 2 threshold is greater than 40.,trim only,217,23436
last_name,P***,ddaae9e68da02e6bb84a26f247217ff52e78bd0a13be62c331bac9543882d43c,217,"{""app_users"": 137, ""store_customers"": 80}",2,worthless,Observed on 217 physical records; strict Rule 2 threshold is greater than 40.,trim only,217,23436
last_name,V***,df965cf6cc778755737475aa9fc5ce1b2ece085d65914cc7e6329a41ac0ca58e,217,"{""app_users"": 120, ""store_customers"": 97}",2,worthless,Observed on 217 physical records; strict Rule 2 threshold is greater than 40.,trim only,217,23436
last_name,S***,e1c0f3caee939daa88af37df4d76069e3fd6b1ea7dce0d6eedfe0f272f4a1c07,217,"{""app_users"": 125, ""store_customers"": 92}",2,worthless,Observed on 217 physical records; strict Rule 2 threshold is greater than 40.,trim only,217,23436
last_name,P***,eb39982961585399ca1b71a16244e20eaf4335c674634b28e8c9bd9a0e57cda3,217,"{""app_users"": 119, ""store_customers"": 98}",2,worthless,Observed on 217 physical records; strict Rule 2 threshold is greater than 40.,trim only,217,23436
last_name,N***,ebfe51cfd042f5c607b632c00552717dedcef60966b9c1342cb8acb525148c3c,217,"{""app_users"": 133, ""store_customers"": 84}",2,worthless,Observed on 217 physical records; strict Rule 2 threshold is greater than 40.,trim only,217,23436
first_name,D***,16a8de8073f61c66c83ef902690aae9926e621a681beac502163361068c0c225,216,"{""app_users"": 125, ""store_customers"": 91}",2,worthless,Observed on 216 physical records; strict Rule 2 threshold is greater than 40.,trim only,216,23220
first_name,N***,33bc444b6e01e2c994b21bbfd274fbf0d40b8950d6e739a5f54f4161c6b680de,216,"{""app_users"": 107, ""store_customers"": 109}",2,worthless,Observed on 216 physical records; strict Rule 2 threshold is greater than 40.,trim only,216,23220
first_name,Y***,3919cf883c13646687890361218d70ef533d48e5c5519a895ea9e4b05e49fc1c,216,"{""app_users"": 125, ""store_customers"": 91}",2,worthless,Observed on 216 physical records; strict Rule 2 threshold is greater than 40.,trim only,216,23220
first_name,R***,3b8710dcc1a232f5e5c54b1e56faf5ccfa31ab78eb68d04474fdfcd2d9c9284c,216,"{""app_users"": 119, ""store_customers"": 97}",2,worthless,Observed on 216 physical records; strict Rule 2 threshold is greater than 40.,trim only,216,23220
first_name,M***,52d63d9ffbcb5644a33506254f88f60e716b3bf8429c41aab127c0176613fb54,216,"{""app_users"": 135, ""store_customers"": 81}",2,worthless,Observed on 216 physical records; strict Rule 2 threshold is greater than 40.,trim only,216,23220
first_name,V***,61bee3c27a2f0cd872ab2399b42a86d352f6249382d535537d913147459a7c33,216,"{""app_users"": 131, ""store_customers"": 85}",2,worthless,Observed on 216 physical records; strict Rule 2 threshold is greater than 40.,trim only,216,23220
first_name,S***,6daf987b375d852039642ab18be68bbebfd39462e42ca2180ebe2f22e693033b,216,"{""app_users"": 118, ""store_customers"": 98}",2,worthless,Observed on 216 physical records; strict Rule 2 threshold is greater than 40.,trim only,216,23220
first_name,D***,776a4e38d880002b4b9924acf60cb7431479991629cf2bcbd54cfca5f80c845e,216,"{""app_users"": 124, ""store_customers"": 92}",2,worthless,Observed on 216 physical records; strict Rule 2 threshold is greater than 40.,trim only,216,23220
first_name,S***,842545d328cf1414d787a9339cd9297ac42629ff5be2685b6021a033559f9d1d,216,"{""app_users"": 138, ""store_customers"": 78}",2,worthless,Observed on 216 physical records; strict Rule 2 threshold is greater than 40.,trim only,216,23220
first_name,Z***,c491726bfaa9273d0f0b6fe579e23a7ee55eab46fef637da45413cad0931c53d,216,"{""app_users"": 109, ""store_customers"": 107}",2,worthless,Observed on 216 physical records; strict Rule 2 threshold is greater than 40.,trim only,216,23220
first_name,T***,dc071735abee7ffb1f27463781f4d4c41d53d572b22e30fa060084cf36cec95a,216,"{""app_users"": 137, ""store_customers"": 79}",2,worthless,Observed on 216 physical records; strict Rule 2 threshold is greater than 40.,trim only,216,23220
first_name,N***,e8e6a8b594e4e758965e297bc683f500d5da6e0d1d04fec09267f1b4267a5c46,216,"{""app_users"": 120, ""store_customers"": 96}",2,worthless,Observed on 216 physical records; strict Rule 2 threshold is greater than 40.,trim only,216,23220
last_name,P***,01e15e8c02adb3ac33323ac7d64c155a6b113571cc38b9543466aecbc493ff1a,216,"{""app_users"": 123, ""store_customers"": 93}",2,worthless,Observed on 216 physical records; strict Rule 2 threshold is greater than 40.,trim only,216,23220
last_name,L***,02a8accefa31425ee0a79e69a57d0bd069e9d0cfca6e4af06b6d692a672c0ecf,216,"{""app_users"": 135, ""store_customers"": 81}",2,worthless,Observed on 216 physical records; strict Rule 2 threshold is greater than 40.,trim only,216,23220
last_name,V***,0574b48d7cfaf71ac732c8be0f4f9ab1c9c13cc4690139d8a1ff543b67fc3488,216,"{""app_users"": 128, ""store_customers"": 88}",2,worthless,Observed on 216 physical records; strict Rule 2 threshold is greater than 40.,trim only,216,23220
last_name,J***,128f6101a5747736016c1977c4c9143a72fa3bbfeaa41dad85b976babe5caec6,216,"{""app_users"": 123, ""store_customers"": 93}",2,worthless,Observed on 216 physical records; strict Rule 2 threshold is greater than 40.,trim only,216,23220
last_name,S***,190c6ce78be1aa6760f04c453b43563e3e143cf0c82677c12c0b82e63b7a6f46,216,"{""app_users"": 129, ""store_customers"": 87}",2,worthless,Observed on 216 physical records; strict Rule 2 threshold is greater than 40.,trim only,216,23220
last_name,J***,369e18b8dac8b242d1bc7179ec55a285e74864273621afb1dd371d44ee6f44a9,216,"{""app_users"": 132, ""store_customers"": 84}",2,worthless,Observed on 216 physical records; strict Rule 2 threshold is greater than 40.,trim only,216,23220
last_name,Q***,3aa7a219a208b54ac645e5ac99b85aee3eca61f925f701a417a614ed1dc88c77,216,"{""app_users"": 131, ""store_customers"": 85}",2,worthless,Observed on 216 physical records; strict Rule 2 threshold is greater than 40.,trim only,216,23220
last_name,S***,662383cdad78fa98756e5746fae0604e2e0c5b93cb72624e0114e7fe5417a169,216,"{""app_users"": 111, ""store_customers"": 105}",2,worthless,Observed on 216 physical records; strict Rule 2 threshold is greater than 40.,trim only,216,23220
last_name,Q***,7554ec15875b6b5a7b63a0a710a820a431a19a4b18a15e819f7d36589ed9bdef,216,"{""app_users"": 123, ""store_customers"": 93}",2,worthless,Observed on 216 physical records; strict Rule 2 threshold is greater than 40.,trim only,216,23220
last_name,S***,7840cda3b57284f406d7474afa4a357b14d1c55863f3b69e622607321a8fda69,216,"{""app_users"": 129, ""store_customers"": 87}",2,worthless,Observed on 216 physical records; strict Rule 2 threshold is greater than 40.,trim only,216,23220
last_name,R***,8972e088fffda877441306ebe1221a48b0c44b273da741e6fa26cced59249b77,216,"{""app_users"": 121, ""store_customers"": 95}",2,worthless,Observed on 216 physical records; strict Rule 2 threshold is greater than 40.,trim only,216,23220
last_name,J***,9c6bdbf88cadb9bdb99e4cb015e7240abb9d17f25daf06cc4880dcc5c85b22da,216,"{""app_users"": 143, ""store_customers"": 73}",2,worthless,Observed on 216 physical records; strict Rule 2 threshold is greater than 40.,trim only,216,23220
last_name,S***,abe660b4e31ec98a958df43ff72f17fd9d282556f574f080a33cbc8214e4bd81,216,"{""app_users"": 128, ""store_customers"": 88}",2,worthless,Observed on 216 physical records; strict Rule 2 threshold is greater than 40.,trim only,216,23220
last_name,L***,b320647ed2c11c06fbef3d08ce73a7327b91c24b53a8b5c2fb767389a122b5d3,216,"{""app_users"": 129, ""store_customers"": 87}",2,worthless,Observed on 216 physical records; strict Rule 2 threshold is greater than 40.,trim only,216,23220
first_name,J***,26b4cc7ec3b619ca55f5f73f3b9053b147b9a547b6886830c5e3dd8c4e9d6c68,215,"{""app_users"": 123, ""store_customers"": 92}",2,worthless,Observed on 215 physical records; strict Rule 2 threshold is greater than 40.,trim only,215,23005
first_name,C***,32a323a17da85141a23a8c01518ecb9c6fa80d50b637f0f173d9347d1768c5d6,215,"{""app_users"": 136, ""store_customers"": 79}",2,worthless,Observed on 215 physical records; strict Rule 2 threshold is greater than 40.,trim only,215,23005
first_name,F***,3b947dde7177bdb7a646b67c58cebe8d713f6a96fd6adf20dc2ef1128f5023b0,215,"{""app_users"": 117, ""store_customers"": 98}",2,worthless,Observed on 215 physical records; strict Rule 2 threshold is greater than 40.,trim only,215,23005
first_name,P***,5504e7b08788c9b3aa8dbfa4a38a4cabf56aa560ab465c79cd8c36e8a9289908,215,"{""app_users"": 123, ""store_customers"": 92}",2,worthless,Observed on 215 physical records; strict Rule 2 threshold is greater than 40.,trim only,215,23005
first_name,N***,553d715184c0558917883ff8c6e289241ceb7da365ff5c00b94a8bb530d84c6a,215,"{""app_users"": 122, ""store_customers"": 93}",2,worthless,Observed on 215 physical records; strict Rule 2 threshold is greater than 40.,trim only,215,23005
first_name,X***,6c99bf21c50f59ef85b8ff945e6d1920bb0b9472434219d87f8868fd7e7ddcef,215,"{""app_users"": 139, ""store_customers"": 76}",2,worthless,Observed on 215 physical records; strict Rule 2 threshold is greater than 40.,trim only,215,23005
first_name,T***,707545918404059723e2ff5b14c8bc16133c0b27f6fc908a78c1459970517890,215,"{""app_users"": 127, ""store_customers"": 88}",2,worthless,Observed on 215 physical records; strict Rule 2 threshold is greater than 40.,trim only,215,23005
first_name,B***,754a58b8da010cfb42d5c681d97431ed8bb25557ae13a7cd06e4ef572eb63c39,215,"{""app_users"": 108, ""store_customers"": 107}",2,worthless,Observed on 215 physical records; strict Rule 2 threshold is greater than 40.,trim only,215,23005
first_name,L***,87f322e883b35f1731b7554d15cf0853736e4acbb9f795ef5fb1355fb6d75570,215,"{""app_users"": 128, ""store_customers"": 87}",2,worthless,Observed on 215 physical records; strict Rule 2 threshold is greater than 40.,trim only,215,23005
first_name,P***,899b74fa6079228ec0f7622bcfc7135a8d3a27b8498093b6b813872bed23ea0a,215,"{""app_users"": 116, ""store_customers"": 99}",2,worthless,Observed on 215 physical records; strict Rule 2 threshold is greater than 40.,trim only,215,23005
first_name,T***,9f0357f5dde9bd59ce4b5787b87cfd01b617f90184f4be8bbf57e49dfe537a3a,215,"{""app_users"": 125, ""store_customers"": 90}",2,worthless,Observed on 215 physical records; strict Rule 2 threshold is greater than 40.,trim only,215,23005
first_name,R***,b35387681e553c0a0af8907acf7c40918aafbc5fe1d04a2f4ba5601b6c76b1f0,215,"{""app_users"": 131, ""store_customers"": 84}",2,worthless,Observed on 215 physical records; strict Rule 2 threshold is greater than 40.,trim only,215,23005
first_name,P***,e43161776f4d49719b04ce5365a66e435178148131c4034eab30bdbc30869dbc,215,"{""app_users"": 131, ""store_customers"": 84}",2,worthless,Observed on 215 physical records; strict Rule 2 threshold is greater than 40.,trim only,215,23005
first_name,T***,e4bbf58786fda871b164b2355fbaf637b40802d64dcc7e28a157f6b12d7ad2a8,215,"{""app_users"": 126, ""store_customers"": 89}",2,worthless,Observed on 215 physical records; strict Rule 2 threshold is greater than 40.,trim only,215,23005
first_name,M***,e89dd2427a7ce7607c7c41a497f398d5df1ffc48ff387aa368bc1f7c92e96b8e,215,"{""app_users"": 115, ""store_customers"": 100}",2,worthless,Observed on 215 physical records; strict Rule 2 threshold is greater than 40.,trim only,215,23005
first_name,M***,f39d87bcf34430d1a0768836fce162972f4d5c89e5f8a947538d0e6437650585,215,"{""app_users"": 130, ""store_customers"": 85}",2,worthless,Observed on 215 physical records; strict Rule 2 threshold is greater than 40.,trim only,215,23005
first_name,L***,f5b0314c259ac45477ee5705e63c09a797573ae5c2c43a0fab603a17c3082cb4,215,"{""app_users"": 134, ""store_customers"": 81}",2,worthless,Observed on 215 physical records; strict Rule 2 threshold is greater than 40.,trim only,215,23005
last_name,K***,323a92a86298c13676dc9619892aed28555a4ae12c0b9eec3e24e31b7f09d125,215,"{""app_users"": 116, ""store_customers"": 99}",2,worthless,Observed on 215 physical records; strict Rule 2 threshold is greater than 40.,trim only,215,23005
last_name,B***,341f38d342649a0c4cc51af131ad250f25eaee6365d4544de19880580684b849,215,"{""app_users"": 112, ""store_customers"": 103}",2,worthless,Observed on 215 physical records; strict Rule 2 threshold is greater than 40.,trim only,215,23005
last_name,W***,543cf3d9b649fbcf80c320c9f31e4acb0010a1e9057b665df6f40d0311ef2dc0,215,"{""app_users"": 118, ""store_customers"": 97}",2,worthless,Observed on 215 physical records; strict Rule 2 threshold is greater than 40.,trim only,215,23005
last_name,C***,63f83115472ba6fb61f32c33f2bf008ac4e1dbd0c97474729227e4f828fecdc6,215,"{""app_users"": 123, ""store_customers"": 92}",2,worthless,Observed on 215 physical records; strict Rule 2 threshold is greater than 40.,trim only,215,23005
last_name,P***,700b8f6ce678915abe060fd7e890b9691f51476605ba164f348acbe5ea435bfc,215,"{""app_users"": 126, ""store_customers"": 89}",2,worthless,Observed on 215 physical records; strict Rule 2 threshold is greater than 40.,trim only,215,23005
last_name,G***,73bd6751f4c723e8ec5d2e0b92a0bfd91a81204ab325dd4ea86738ead6c3bd96,215,"{""app_users"": 119, ""store_customers"": 96}",2,worthless,Observed on 215 physical records; strict Rule 2 threshold is greater than 40.,trim only,215,23005
last_name,S***,74be9d1ea27b4696bf2d3a7ea6ef815f090a53809c6ca4c101867222b60fc4e7,215,"{""app_users"": 117, ""store_customers"": 98}",2,worthless,Observed on 215 physical records; strict Rule 2 threshold is greater than 40.,trim only,215,23005
last_name,C***,a4c01bf8dc21dc308a61de7cee765df392b9581c08ef1ab7091741ab708e745d,215,"{""app_users"": 128, ""store_customers"": 87}",2,worthless,Observed on 215 physical records; strict Rule 2 threshold is greater than 40.,trim only,215,23005
last_name,J***,bec995d9825854088e392827b6ef694873096941ca513cd9de0406206bcba014,215,"{""app_users"": 146, ""store_customers"": 69}",2,worthless,Observed on 215 physical records; strict Rule 2 threshold is greater than 40.,trim only,215,23005
last_name,S***,c4f2c4405fe8e4dd2bbd086e96b6dcbf910e055f83a28c3466d179630058694b,215,"{""app_users"": 115, ""store_customers"": 100}",2,worthless,Observed on 215 physical records; strict Rule 2 threshold is greater than 40.,trim only,215,23005
last_name,Y***,c8a572b39f7d62324cc65eb90f207826a945efc747ce3bbbec991be3c03022d4,215,"{""app_users"": 120, ""store_customers"": 95}",2,worthless,Observed on 215 physical records; strict Rule 2 threshold is greater than 40.,trim only,215,23005
last_name,N***,d73a0b40b42eca83ffe54ae15f5d5bd4c81c2c723d851200b2cbe063c88f6223,215,"{""app_users"": 138, ""store_customers"": 77}",2,worthless,Observed on 215 physical records; strict Rule 2 threshold is greater than 40.,trim only,215,23005
last_name,N***,e46147594c29a8c5e706dbd87c921e495b1612297c3793b63223f31f2f424bdb,215,"{""app_users"": 131, ""store_customers"": 84}",2,worthless,Observed on 215 physical records; strict Rule 2 threshold is greater than 40.,trim only,215,23005
last_name,R***,e898dd74489af4ce904ded79a1600d0887552e57059c1a5e5b5997f2749987e9,215,"{""app_users"": 111, ""store_customers"": 104}",2,worthless,Observed on 215 physical records; strict Rule 2 threshold is greater than 40.,trim only,215,23005
last_name,Q***,e8a2e6abee250e7389452ed428cf0b56585f828da6c92e160719cc94eafb270d,215,"{""app_users"": 111, ""store_customers"": 104}",2,worthless,Observed on 215 physical records; strict Rule 2 threshold is greater than 40.,trim only,215,23005
last_name,L***,eeecfafb09f033e647598ecd32c31ce88c5410a405232098927d84bf27340d3a,215,"{""app_users"": 124, ""store_customers"": 91}",2,worthless,Observed on 215 physical records; strict Rule 2 threshold is greater than 40.,trim only,215,23005
last_name,P***,f76feda94e57fd158f0c2d9058105d96b5177309d96b8bd4736266eaf6751b4d,215,"{""app_users"": 113, ""store_customers"": 102}",2,worthless,Observed on 215 physical records; strict Rule 2 threshold is greater than 40.,trim only,215,23005
first_name,C***,12a53d756b5dbb443629918a17b9fc9c1212ba3e5cf390ee88bea887cd9719f2,214,"{""app_users"": 119, ""store_customers"": 95}",2,worthless,Observed on 214 physical records; strict Rule 2 threshold is greater than 40.,trim only,214,22791
first_name,N***,180a50ed336c137ac390e4aca5ea89cfe81e9d87c16d6e6bff5a66c1e9eb5d6f,214,"{""app_users"": 111, ""store_customers"": 103}",2,worthless,Observed on 214 physical records; strict Rule 2 threshold is greater than 40.,trim only,214,22791
first_name,L***,1e7362fe3515ddaa0a487002ae1f886b5228cfeae82cc1475769da244a9929ea,214,"{""app_users"": 124, ""store_customers"": 90}",2,worthless,Observed on 214 physical records; strict Rule 2 threshold is greater than 40.,trim only,214,22791
first_name,P***,3062ee9255147f5c112c235294626cb12f125f83f7bfc186cf2cf62b41778fb9,214,"{""app_users"": 126, ""store_customers"": 88}",2,worthless,Observed on 214 physical records; strict Rule 2 threshold is greater than 40.,trim only,214,22791
first_name,N***,4072062d75203f0e05c718a0eecdb5a6a16584036d978762221535536d4828d9,214,"{""app_users"": 125, ""store_customers"": 89}",2,worthless,Observed on 214 physical records; strict Rule 2 threshold is greater than 40.,trim only,214,22791
first_name,C***,528d1f33afccf5fc3276b021510b395987ab657e8cec0c4e4b327f2a568c5e2b,214,"{""app_users"": 118, ""store_customers"": 96}",2,worthless,Observed on 214 physical records; strict Rule 2 threshold is greater than 40.,trim only,214,22791
first_name,P***,5c229c98844800ff42b2a5cfde0b6853087815f90942a11b4205f5e73f2ab8ec,214,"{""app_users"": 116, ""store_customers"": 98}",2,worthless,Observed on 214 physical records; strict Rule 2 threshold is greater than 40.,trim only,214,22791
first_name,T***,657149426fb1a15407c6438a55308c1ca58a283784fd94fbadc6920a5bf2e468,214,"{""app_users"": 135, ""store_customers"": 79}",2,worthless,Observed on 214 physical records; strict Rule 2 threshold is greater than 40.,trim only,214,22791
first_name,C***,86fa7168baef0c7e99fe1f005887fc2673af57d1a966970d8b0913afffbe699b,214,"{""app_users"": 132, ""store_customers"": 82}",2,worthless,Observed on 214 physical records; strict Rule 2 threshold is greater than 40.,trim only,214,22791
first_name,C***,8a0243a9800d92473ab84b8fd4caa144c4fb4bd0315056e11e3055d65baa5a6c,214,"{""app_users"": 124, ""store_customers"": 90}",2,worthless,Observed on 214 physical records; strict Rule 2 threshold is greater than 40.,trim only,214,22791
first_name,L***,8bca3d5dc2a17a5541bc253d51b31d3316687825d04839b991b82a60b53c64a0,214,"{""app_users"": 127, ""store_customers"": 87}",2,worthless,Observed on 214 physical records; strict Rule 2 threshold is greater than 40.,trim only,214,22791
first_name,X***,bcb20863d57777897e66c59f1a0eed2933b3243bbbb749feb98186b2456a67c3,214,"{""app_users"": 122, ""store_customers"": 92}",2,worthless,Observed on 214 physical records; strict Rule 2 threshold is greater than 40.,trim only,214,22791
first_name,R***,c46a9c15cc51f7eecdfeb4cd83f65e6384b637f8f7a59429790e95808194e0d0,214,"{""app_users"": 131, ""store_customers"": 83}",2,worthless,Observed on 214 physical records; strict Rule 2 threshold is greater than 40.,trim only,214,22791
first_name,L***,cfce51e2f977c30e78a4c249016be9a98ee64b90ff36eb23b6a4d220e9dd1ea6,214,"{""app_users"": 122, ""store_customers"": 92}",2,worthless,Observed on 214 physical records; strict Rule 2 threshold is greater than 40.,trim only,214,22791
first_name,N***,e2ebea42459bd1f3ca340caf6f39953fb98e0ad758615e65a502ed7af53284e4,214,"{""app_users"": 126, ""store_customers"": 88}",2,worthless,Observed on 214 physical records; strict Rule 2 threshold is greater than 40.,trim only,214,22791
first_name,W***,f67e6bee0b7136d99d00536e5d9a832bfc11d424f0992837632e5f4351712190,214,"{""app_users"": 136, ""store_customers"": 78}",2,worthless,Observed on 214 physical records; strict Rule 2 threshold is greater than 40.,trim only,214,22791
last_name,C***,13c836ab41201747aa820be8e4477de91b6a6705b111f23bf71038cfae16dbcf,214,"{""app_users"": 132, ""store_customers"": 82}",2,worthless,Observed on 214 physical records; strict Rule 2 threshold is greater than 40.,trim only,214,22791
last_name,M***,27767a33f8b6e77daa3e1f98d5c6dd2ffa7d5d6276c104fd9c068840ebd33a20,214,"{""app_users"": 140, ""store_customers"": 74}",2,worthless,Observed on 214 physical records; strict Rule 2 threshold is greater than 40.,trim only,214,22791
last_name,Q***,2a7d1e1e26fa32724673c5abea4617cf76ad47a0c978bf0d6e05fd7027332064,214,"{""app_users"": 124, ""store_customers"": 90}",2,worthless,Observed on 214 physical records; strict Rule 2 threshold is greater than 40.,trim only,214,22791
last_name,C***,56b14bac3652f8b5809809bc2a9f12019dbb58f19e4e1e9faa40f326b260e56d,214,"{""app_users"": 131, ""store_customers"": 83}",2,worthless,Observed on 214 physical records; strict Rule 2 threshold is greater than 40.,trim only,214,22791
last_name,X***,672e5d43173d5cb9fde4681b2258449b415605d42d2ec94cf58e3d56cb59b56b,214,"{""app_users"": 130, ""store_customers"": 84}",2,worthless,Observed on 214 physical records; strict Rule 2 threshold is greater than 40.,trim only,214,22791
last_name,L***,75d475ade0e17e8cad26bdfcd4d489bbf6ab6defc72518bcdc84cad1b2a0ebe7,214,"{""app_users"": 117, ""store_customers"": 97}",2,worthless,Observed on 214 physical records; strict Rule 2 threshold is greater than 40.,trim only,214,22791
last_name,B***,96ecd3a69fc4450485e507c831a4b70d57e574a76b0ddf33b177a2c5d7436258,214,"{""app_users"": 118, ""store_customers"": 96}",2,worthless,Observed on 214 physical records; strict Rule 2 threshold is greater than 40.,trim only,214,22791
last_name,V***,9ad50ad08c06f98c7de902287f03316323545d0a34d9a7cfb9fa966a69e76490,214,"{""app_users"": 133, ""store_customers"": 81}",2,worthless,Observed on 214 physical records; strict Rule 2 threshold is greater than 40.,trim only,214,22791
last_name,T***,adff72e378f023b8a54002013871ed2afc33bc11afb1511d9179c4d7c837adbc,214,"{""app_users"": 126, ""store_customers"": 88}",2,worthless,Observed on 214 physical records; strict Rule 2 threshold is greater than 40.,trim only,214,22791
last_name,B***,b0b0423e404965477ebeed614184fd1e5f2f08043e2bcfe81fc41f416c2a78a7,214,"{""app_users"": 113, ""store_customers"": 101}",2,worthless,Observed on 214 physical records; strict Rule 2 threshold is greater than 40.,trim only,214,22791
last_name,X***,b1f29e0949fc7e21e25cd3513b7fbfed2aa380a9f3d738def6c699c02bf228ca,214,"{""app_users"": 113, ""store_customers"": 101}",2,worthless,Observed on 214 physical records; strict Rule 2 threshold is greater than 40.,trim only,214,22791
last_name,Y***,b71063963fdb1cb16c297dd7b1e751f0790d87fe77498f5196daf1f3649e3178,214,"{""app_users"": 136, ""store_customers"": 78}",2,worthless,Observed on 214 physical records; strict Rule 2 threshold is greater than 40.,trim only,214,22791
last_name,T***,d257ada66c9ea9d311919a2d953bd8ce13410065c88374aee72e213168ddbcd4,214,"{""app_users"": 138, ""store_customers"": 76}",2,worthless,Observed on 214 physical records; strict Rule 2 threshold is greater than 40.,trim only,214,22791
last_name,L***,fb6708d1bbd2be325005db2495e6b3ff6004db8383c80213883da528567deab6,214,"{""app_users"": 117, ""store_customers"": 97}",2,worthless,Observed on 214 physical records; strict Rule 2 threshold is greater than 40.,trim only,214,22791
last_name,D***,ff6a4018aa81a602b5f9e69779d9bfa0763bfdad5163e2153044d58aa0f375bb,214,"{""app_users"": 138, ""store_customers"": 76}",2,worthless,Observed on 214 physical records; strict Rule 2 threshold is greater than 40.,trim only,214,22791
first_name,S***,387896cdbc02bb5463f3acdbca7504c9a3cf7c40dc27c0506d895680ae96ba16,213,"{""app_users"": 134, ""store_customers"": 79}",2,worthless,Observed on 213 physical records; strict Rule 2 threshold is greater than 40.,trim only,213,22578
first_name,C***,46224ab9e9937580a12fb6bedc5be2e85a4b38932043cc463a032921fd4ecfad,213,"{""app_users"": 112, ""store_customers"": 101}",2,worthless,Observed on 213 physical records; strict Rule 2 threshold is greater than 40.,trim only,213,22578
first_name,N***,6f3aa731d739ec3a73b6f93bee34635b16c06a8da24ac29bbf5e2d2715c03605,213,"{""app_users"": 130, ""store_customers"": 83}",2,worthless,Observed on 213 physical records; strict Rule 2 threshold is greater than 40.,trim only,213,22578
first_name,P***,8ae1f3f12f655d64ea469f770dd592ddb30ee5a47276ed34ddcaf9b8df95f97c,213,"{""app_users"": 118, ""store_customers"": 95}",2,worthless,Observed on 213 physical records; strict Rule 2 threshold is greater than 40.,trim only,213,22578
first_name,P***,8bd6b16b3ace046185e11539373b080a17a36045be9f00261fc49637082e1087,213,"{""app_users"": 133, ""store_customers"": 80}",2,worthless,Observed on 213 physical records; strict Rule 2 threshold is greater than 40.,trim only,213,22578
first_name,N***,937597c9b25f520393d67c045ddcd5251797afa6b2d8291d3c074cde36d89d65,213,"{""app_users"": 127, ""store_customers"": 86}",2,worthless,Observed on 213 physical records; strict Rule 2 threshold is greater than 40.,trim only,213,22578
first_name,S***,9fdc6bb272649bee87b92990159b1fb280ffabee28d87e66f302f1b8659c5d0e,213,"{""app_users"": 114, ""store_customers"": 99}",2,worthless,Observed on 213 physical records; strict Rule 2 threshold is greater than 40.,trim only,213,22578
first_name,Q***,b246d18a787fd52076c2a52f401c91fafd7069abc7157a70c54fe827eb9ce9a9,213,"{""app_users"": 133, ""store_customers"": 80}",2,worthless,Observed on 213 physical records; strict Rule 2 threshold is greater than 40.,trim only,213,22578
first_name,S***,b37459e425b3048b7db7bbea58c1d6b53768e15188e6f110b59ce5014cc51600,213,"{""app_users"": 128, ""store_customers"": 85}",2,worthless,Observed on 213 physical records; strict Rule 2 threshold is greater than 40.,trim only,213,22578
first_name,Q***,bd212468be27b688c91ed9a02f8930562b5a7384fd82072d034af6b9c35767fe,213,"{""app_users"": 123, ""store_customers"": 90}",2,worthless,Observed on 213 physical records; strict Rule 2 threshold is greater than 40.,trim only,213,22578
first_name,L***,caab9434fa8d82da8dad608f414d25415e281b5f668e9c10da8609ed3a27f3ab,213,"{""app_users"": 131, ""store_customers"": 82}",2,worthless,Observed on 213 physical records; strict Rule 2 threshold is greater than 40.,trim only,213,22578
first_name,R***,e680ebf3605ab7570f7fd1161cacbf929e42b53a1ded7425a7241bdb1ffc76d7,213,"{""app_users"": 132, ""store_customers"": 81}",2,worthless,Observed on 213 physical records; strict Rule 2 threshold is greater than 40.,trim only,213,22578
first_name,B***,eec324335e2139c0da63551599937470821b6811e23ecc664f3d555e46c0c33b,213,"{""app_users"": 124, ""store_customers"": 89}",2,worthless,Observed on 213 physical records; strict Rule 2 threshold is greater than 40.,trim only,213,22578
first_name,B***,fd2798ae8f17c67b590899a487ca9f98ce40845ed0fb00886aa223550c103d0a,213,"{""app_users"": 129, ""store_customers"": 84}",2,worthless,Observed on 213 physical records; strict Rule 2 threshold is greater than 40.,trim only,213,22578
last_name,Y***,1d21c16e2c497cb78996e046b79f0546f213374fc261d412d74f5ea6dd22b22b,213,"{""app_users"": 126, ""store_customers"": 87}",2,worthless,Observed on 213 physical records; strict Rule 2 threshold is greater than 40.,trim only,213,22578
last_name,C***,23303396d523c0b8d9bd62af9ef4e573bb0998f95fca8d41c7f4a48af0e52339,213,"{""app_users"": 122, ""store_customers"": 91}",2,worthless,Observed on 213 physical records; strict Rule 2 threshold is greater than 40.,trim only,213,22578
last_name,P***,2457a97d8f53051926f04312d5aa35a0b2af502106fbd76864ac873b05ac40db,213,"{""app_users"": 114, ""store_customers"": 99}",2,worthless,Observed on 213 physical records; strict Rule 2 threshold is greater than 40.,trim only,213,22578
last_name,B***,2dc8668148c60f0ef147b9d31e0f83c6ce12c8bbc43f851a9d99ff6af817728c,213,"{""app_users"": 120, ""store_customers"": 93}",2,worthless,Observed on 213 physical records; strict Rule 2 threshold is greater than 40.,trim only,213,22578
last_name,W***,33039ba6261e2a360ea9d7eec63ff60aafd9db339fcf844d7a79b6127e628114,213,"{""app_users"": 125, ""store_customers"": 88}",2,worthless,Observed on 213 physical records; strict Rule 2 threshold is greater than 40.,trim only,213,22578
last_name,L***,3e037ada43f06f4c480ac7ef096cd1627e7596b8d30d0361ae809fe3f7821329,213,"{""app_users"": 129, ""store_customers"": 84}",2,worthless,Observed on 213 physical records; strict Rule 2 threshold is greater than 40.,trim only,213,22578
last_name,F***,6019b0b4f91c086c1ed22f18447210b408c206f612d262a2464f6a5b71ec1e22,213,"{""app_users"": 116, ""store_customers"": 97}",2,worthless,Observed on 213 physical records; strict Rule 2 threshold is greater than 40.,trim only,213,22578
last_name,F***,84eb0e3ca87507bf277e2c2743c83d2803abc308240bf24035c77f3f7a1034c5,213,"{""app_users"": 137, ""store_customers"": 76}",2,worthless,Observed on 213 physical records; strict Rule 2 threshold is greater than 40.,trim only,213,22578
last_name,X***,a50dafd627db456ed2e041876bfd196d105e661f5937fc0f47afd86521d703f4,213,"{""app_users"": 121, ""store_customers"": 92}",2,worthless,Observed on 213 physical records; strict Rule 2 threshold is greater than 40.,trim only,213,22578
last_name,T***,b3ddb3d3d832fcab3f666236ba9b84eea5edd61a0ce5fea3d72e05d8ff314986,213,"{""app_users"": 134, ""store_customers"": 79}",2,worthless,Observed on 213 physical records; strict Rule 2 threshold is greater than 40.,trim only,213,22578
last_name,R***,b5852bd3c6312f5cf4a5e4ebd8fa94d34ecf4f3c2b0d497c7663ef4f0cfe9555,213,"{""app_users"": 144, ""store_customers"": 69}",2,worthless,Observed on 213 physical records; strict Rule 2 threshold is greater than 40.,trim only,213,22578
last_name,T***,cfffb1813e0aac26061a9d2cda8cc6e60af09753dc9390b146a90b3a94501cdf,213,"{""app_users"": 120, ""store_customers"": 93}",2,worthless,Observed on 213 physical records; strict Rule 2 threshold is greater than 40.,trim only,213,22578
last_name,D***,eb344d47cdaa0af7860b6dbdecc1315e00eb4dae45c9ca028b2b3091fcbe47e8,213,"{""app_users"": 130, ""store_customers"": 83}",2,worthless,Observed on 213 physical records; strict Rule 2 threshold is greater than 40.,trim only,213,22578
last_name,N***,f68a5bf146c11c1f3477611e27b27cc8b9fd5f8f40a4a2fedf6d5414b241cc85,213,"{""app_users"": 124, ""store_customers"": 89}",2,worthless,Observed on 213 physical records; strict Rule 2 threshold is greater than 40.,trim only,213,22578
last_name,M***,fcc5ce4504a7afd352dda27759507649cc0b175cd2dc53e886070761aa93b6b3,213,"{""app_users"": 123, ""store_customers"": 90}",2,worthless,Observed on 213 physical records; strict Rule 2 threshold is greater than 40.,trim only,213,22578
first_name,Z***,2180b3d6394408986a923dbbbed668265425871e52e8e0b6ff17e48aeb2064ce,212,"{""app_users"": 117, ""store_customers"": 95}",2,worthless,Observed on 212 physical records; strict Rule 2 threshold is greater than 40.,trim only,212,22366
first_name,T***,270ffed67bf3de852a1173a3988e62b2cbde501c6fe470ed38d52d6f0ba58ea8,212,"{""app_users"": 123, ""store_customers"": 89}",2,worthless,Observed on 212 physical records; strict Rule 2 threshold is greater than 40.,trim only,212,22366
first_name,L***,47a8b254ef0ff717cad8a1471568f84d5001aae0ae1793695a6fcb5e4cd35ef1,212,"{""app_users"": 119, ""store_customers"": 93}",2,worthless,Observed on 212 physical records; strict Rule 2 threshold is greater than 40.,trim only,212,22366
first_name,B***,485f625884aea4293f1bca2a6029b7d9c2efabb84130cfeae6833552cf34656c,212,"{""app_users"": 118, ""store_customers"": 94}",2,worthless,Observed on 212 physical records; strict Rule 2 threshold is greater than 40.,trim only,212,22366
first_name,X***,723fd0a6235250a89bccc080fba70894302f920e03d251bdca3f3743bf073d7a,212,"{""app_users"": 119, ""store_customers"": 93}",2,worthless,Observed on 212 physical records; strict Rule 2 threshold is greater than 40.,trim only,212,22366
first_name,R***,8de8a34ab0dc2d60caca17d0679b5318619a55506796024a59728acb2d574939,212,"{""app_users"": 117, ""store_customers"": 95}",2,worthless,Observed on 212 physical records; strict Rule 2 threshold is greater than 40.,trim only,212,22366
first_name,B***,a2996bcd6af03a545a16cb1e3753a70b1c93098b98ec921253021d89470e8cb6,212,"{""app_users"": 131, ""store_customers"": 81}",2,worthless,Observed on 212 physical records; strict Rule 2 threshold is greater than 40.,trim only,212,22366
first_name,L***,bd0ed0cef3c287ef15568fa13f13e8cfc1e7131868e9ad6ea9cd595749e62897,212,"{""app_users"": 128, ""store_customers"": 84}",2,worthless,Observed on 212 physical records; strict Rule 2 threshold is greater than 40.,trim only,212,22366
first_name,W***,c3a281c48352277f351b2b23a5704718b3511074f88183b039a52de288df4b3c,212,"{""app_users"": 115, ""store_customers"": 97}",2,worthless,Observed on 212 physical records; strict Rule 2 threshold is greater than 40.,trim only,212,22366
first_name,B***,ea55c8c4b9eddfa5d4607b9f56f77c66f66a7825e24150f1066d51df5f312dc8,212,"{""app_users"": 123, ""store_customers"": 89}",2,worthless,Observed on 212 physical records; strict Rule 2 threshold is greater than 40.,trim only,212,22366
first_name,M***,f0579255080f64953ca0e28a553fa25cdd0248879dc37d3cfdb73c67afdf9db8,212,"{""app_users"": 108, ""store_customers"": 104}",2,worthless,Observed on 212 physical records; strict Rule 2 threshold is greater than 40.,trim only,212,22366
first_name,S***,f3c19d3d87994d61b4ac365f4707ae7ecb5d74d8601bae43a26e54d3f7981783,212,"{""app_users"": 136, ""store_customers"": 76}",2,worthless,Observed on 212 physical records; strict Rule 2 threshold is greater than 40.,trim only,212,22366
first_name,R***,fe02fcb98ed9647233f1af2ccb5d87219d61999dd886b79c8d2c4c502405dbce,212,"{""app_users"": 119, ""store_customers"": 93}",2,worthless,Observed on 212 physical records; strict Rule 2 threshold is greater than 40.,trim only,212,22366
last_name,Z***,0329df1cdaae88eed5178ed87929a87622ac407d480d05e93e447423afdc398d,212,"{""app_users"": 107, ""store_customers"": 105}",2,worthless,Observed on 212 physical records; strict Rule 2 threshold is greater than 40.,trim only,212,22366
last_name,B***,093fc7fe596c57dfab0a02c8e1a455fcb3c894ab1487911ab64a421d9e217856,212,"{""app_users"": 124, ""store_customers"": 88}",2,worthless,Observed on 212 physical records; strict Rule 2 threshold is greater than 40.,trim only,212,22366
last_name,C***,09a453d205b9ea4d8a13f49e75db3d63e4c30a6d5aa3ce3040d3c83ee8328101,212,"{""app_users"": 121, ""store_customers"": 91}",2,worthless,Observed on 212 physical records; strict Rule 2 threshold is greater than 40.,trim only,212,22366
last_name,C***,0a71b80fb9216918a51d2ec532e813aba9633c0ad0feb43b67f950c72e9be03c,212,"{""app_users"": 135, ""store_customers"": 77}",2,worthless,Observed on 212 physical records; strict Rule 2 threshold is greater than 40.,trim only,212,22366
last_name,B***,1821d3ae9a3097e6f3276202b0ce997566715f05a7f4e09a988762d7ff6d4d6a,212,"{""app_users"": 129, ""store_customers"": 83}",2,worthless,Observed on 212 physical records; strict Rule 2 threshold is greater than 40.,trim only,212,22366
last_name,W***,2573097bd0281a6b11b6a0cb16ad387b7c1591e44c8f65af343559a071272ae0,212,"{""app_users"": 135, ""store_customers"": 77}",2,worthless,Observed on 212 physical records; strict Rule 2 threshold is greater than 40.,trim only,212,22366
last_name,L***,29be6e18a95f32fdb36ac6b98f5f04e59f6f540dc0c78554225d980982386ead,212,"{""app_users"": 118, ""store_customers"": 94}",2,worthless,Observed on 212 physical records; strict Rule 2 threshold is greater than 40.,trim only,212,22366
last_name,P***,3aa6eb63dd1953759fabe999ba7fe87300c441e60455e56c22a3ec79bae6fe3e,212,"{""app_users"": 139, ""store_customers"": 73}",2,worthless,Observed on 212 physical records; strict Rule 2 threshold is greater than 40.,trim only,212,22366
last_name,R***,3fc6fccee17ce2ccedf98cc8f4ba4f225dc498e58781d640a49f4fadf47903d1,212,"{""app_users"": 122, ""store_customers"": 90}",2,worthless,Observed on 212 physical records; strict Rule 2 threshold is greater than 40.,trim only,212,22366
last_name,X***,5972fc70249cb83f7c457565de089a30d145c0210fa1f89592d105936bb039d2,212,"{""app_users"": 138, ""store_customers"": 74}",2,worthless,Observed on 212 physical records; strict Rule 2 threshold is greater than 40.,trim only,212,22366
last_name,B***,630b7da4be9c7cd011dadefcf44b1937863c520547989f56af7a312dfb812845,212,"{""app_users"": 121, ""store_customers"": 91}",2,worthless,Observed on 212 physical records; strict Rule 2 threshold is greater than 40.,trim only,212,22366
last_name,W***,681056c2a811677b2edef50a94c3c7fa47e86eb66b60fa90968a12f84022c374,212,"{""app_users"": 131, ""store_customers"": 81}",2,worthless,Observed on 212 physical records; strict Rule 2 threshold is greater than 40.,trim only,212,22366
last_name,K***,91e1e9e6bd00be2e00c655a718ffe5617aad9593a2a2c170f57c69ba060e7679,212,"{""app_users"": 130, ""store_customers"": 82}",2,worthless,Observed on 212 physical records; strict Rule 2 threshold is greater than 40.,trim only,212,22366
last_name,M***,c8d0fc839833f28bf4797865bcc6ebfc0492f7272e8568e2fe3350b483d948ec,212,"{""app_users"": 120, ""store_customers"": 92}",2,worthless,Observed on 212 physical records; strict Rule 2 threshold is greater than 40.,trim only,212,22366
last_name,P***,e2ca8dc97cec40c868f2b05a60f5339d0b3317f85ef46b15efee9078c48bd075,212,"{""app_users"": 117, ""store_customers"": 95}",2,worthless,Observed on 212 physical records; strict Rule 2 threshold is greater than 40.,trim only,212,22366
last_name,S***,e7bd3971d1ba06222ceb086ff30bd30d5eb23ed445f9098729ca02f423d7bf44,212,"{""app_users"": 118, ""store_customers"": 94}",2,worthless,Observed on 212 physical records; strict Rule 2 threshold is greater than 40.,trim only,212,22366
last_name,X***,eba049b7d631ad6aa39167ef5dedfe36b12fd63da4051be2f5f0305051b73cf0,212,"{""app_users"": 105, ""store_customers"": 107}",2,worthless,Observed on 212 physical records; strict Rule 2 threshold is greater than 40.,trim only,212,22366
first_name,B***,0410a4200df17ad92fdd23b75a89045c7a346e6e7f3631c78f883a05d6b76096,211,"{""app_users"": 133, ""store_customers"": 78}",2,worthless,Observed on 211 physical records; strict Rule 2 threshold is greater than 40.,trim only,211,22155
first_name,D***,0d557c2b6aa12832fe2e9d431e7df661fb2a0e285da347a1656bd3b707fd1053,211,"{""app_users"": 117, ""store_customers"": 94}",2,worthless,Observed on 211 physical records; strict Rule 2 threshold is greater than 40.,trim only,211,22155
first_name,F***,117ced6b644782b829a6f963d102063dd0ba6a11cd3b8e85b838c4b4a282a304,211,"{""app_users"": 112, ""store_customers"": 99}",2,worthless,Observed on 211 physical records; strict Rule 2 threshold is greater than 40.,trim only,211,22155
first_name,B***,1943d3a727662b8b6d6a653d49a10b52a0d205efe28534952c54342db5f64fd5,211,"{""app_users"": 106, ""store_customers"": 105}",2,worthless,Observed on 211 physical records; strict Rule 2 threshold is greater than 40.,trim only,211,22155
first_name,T***,2ac7bf2c09865119cebcd96659427fb20450e36d81e2c000423aeeab7ee31f46,211,"{""app_users"": 125, ""store_customers"": 86}",2,worthless,Observed on 211 physical records; strict Rule 2 threshold is greater than 40.,trim only,211,22155
first_name,S***,3cb5091bef25549934d28bfc94b555b3a15cec90b749db7c29bc63735688c6d1,211,"{""app_users"": 128, ""store_customers"": 83}",2,worthless,Observed on 211 physical records; strict Rule 2 threshold is greater than 40.,trim only,211,22155
first_name,T***,4dfe68237e8a1ec74371a91d7228397785be45f5f6d8e54731af8db4ef01a1d8,211,"{""app_users"": 120, ""store_customers"": 91}",2,worthless,Observed on 211 physical records; strict Rule 2 threshold is greater than 40.,trim only,211,22155
first_name,Y***,5a5d3cbf2144da8498d3a03c27dfea0340906366d3aa41df33a1b5e8e9e880cc,211,"{""app_users"": 124, ""store_customers"": 87}",2,worthless,Observed on 211 physical records; strict Rule 2 threshold is greater than 40.,trim only,211,22155
first_name,G***,6a7d648ef5c8af68b29740d2f94eb7ed1e94e9d79cce123293d6f9693b2f7db0,211,"{""app_users"": 125, ""store_customers"": 86}",2,worthless,Observed on 211 physical records; strict Rule 2 threshold is greater than 40.,trim only,211,22155
first_name,S***,891d0751b0e2dc03b932b27648cfbe8cfefd2281d30bb6e80097f0a5309434f0,211,"{""app_users"": 112, ""store_customers"": 99}",2,worthless,Observed on 211 physical records; strict Rule 2 threshold is greater than 40.,trim only,211,22155
first_name,R***,8a5226989a3ee600dce470bed3a1e9d4e6f44f8bda473d044f7d90c2e5141ba1,211,"{""app_users"": 119, ""store_customers"": 92}",2,worthless,Observed on 211 physical records; strict Rule 2 threshold is greater than 40.,trim only,211,22155
first_name,C***,981985314f96355e30525523388c66329d4dca68d7a99e09098f194356c0a2f7,211,"{""app_users"": 130, ""store_customers"": 81}",2,worthless,Observed on 211 physical records; strict Rule 2 threshold is greater than 40.,trim only,211,22155
first_name,T***,a99d1012fab19772dae0dd223ea460e384bdf9d11007fe3642ab72bfe210ecec,211,"{""app_users"": 115, ""store_customers"": 96}",2,worthless,Observed on 211 physical records; strict Rule 2 threshold is greater than 40.,trim only,211,22155
first_name,C***,b8b92f01f0fa642061bb93c25ef14c0bf8e05a83ae3b8f0824e29f0a16b47eb5,211,"{""app_users"": 127, ""store_customers"": 84}",2,worthless,Observed on 211 physical records; strict Rule 2 threshold is greater than 40.,trim only,211,22155
first_name,R***,cfbb249b144aae191be0de64fc68df8fdf1a2934d186ab00195d55292af28779,211,"{""app_users"": 106, ""store_customers"": 105}",2,worthless,Observed on 211 physical records; strict Rule 2 threshold is greater than 40.,trim only,211,22155
first_name,M***,f23e3a1a28625d5af7225e8404e8b11ed9a5322177185e64d9ea8ed12ea91f2b,211,"{""app_users"": 122, ""store_customers"": 89}",2,worthless,Observed on 211 physical records; strict Rule 2 threshold is greater than 40.,trim only,211,22155
first_name,L***,f6ba4f502bafa36a73187b008839443102256f54a4d3d40f6cb833d1b195f77d,211,"{""app_users"": 124, ""store_customers"": 87}",2,worthless,Observed on 211 physical records; strict Rule 2 threshold is greater than 40.,trim only,211,22155
first_name,J***,fc33bda21d7639e23fc9357581ac05615239a6925a39f240675a68fbde9a309d,211,"{""app_users"": 119, ""store_customers"": 92}",2,worthless,Observed on 211 physical records; strict Rule 2 threshold is greater than 40.,trim only,211,22155
last_name,B***,0ed52cf990d7a9d6be94d3ad7ab58694a0b1aee84e742a0708402468da5c5135,211,"{""app_users"": 130, ""store_customers"": 81}",2,worthless,Observed on 211 physical records; strict Rule 2 threshold is greater than 40.,trim only,211,22155
last_name,T***,1a88d849e1542642ae5d88f6d6d998b89b758302dc822c37835080ea3a409805,211,"{""app_users"": 116, ""store_customers"": 95}",2,worthless,Observed on 211 physical records; strict Rule 2 threshold is greater than 40.,trim only,211,22155
last_name,W***,296c4347e389bba788f6d13cb2471c8077d6cd190f7ca9274d57d6c2c8a8e3a7,211,"{""app_users"": 128, ""store_customers"": 83}",2,worthless,Observed on 211 physical records; strict Rule 2 threshold is greater than 40.,trim only,211,22155
last_name,B***,31161d1d7bfbc1f0c8ff5f9a3493bb912fcb45495b4888872f2aba802c111497,211,"{""app_users"": 118, ""store_customers"": 93}",2,worthless,Observed on 211 physical records; strict Rule 2 threshold is greater than 40.,trim only,211,22155
last_name,M***,3fa18560f67cf7dacab2d21eb086d2ebf78df53aa85fcb1a2046ff15ad19ba72,211,"{""app_users"": 120, ""store_customers"": 91}",2,worthless,Observed on 211 physical records; strict Rule 2 threshold is greater than 40.,trim only,211,22155
last_name,S***,42944e32cad812240a96140bfedb4c8cd67354d80ff2d0c610c65a3e04ef610b,211,"{""app_users"": 131, ""store_customers"": 80}",2,worthless,Observed on 211 physical records; strict Rule 2 threshold is greater than 40.,trim only,211,22155
last_name,B***,42f926de34b318ab9ee336be31e017686961f7720cc1a514ee9d85cbb09444f7,211,"{""app_users"": 121, ""store_customers"": 90}",2,worthless,Observed on 211 physical records; strict Rule 2 threshold is greater than 40.,trim only,211,22155
last_name,F***,48cf3dcd1bf114777da3062502f088723570924467256cb7766f93b636a92b57,211,"{""app_users"": 126, ""store_customers"": 85}",2,worthless,Observed on 211 physical records; strict Rule 2 threshold is greater than 40.,trim only,211,22155
last_name,S***,4971ee62622e7f26e559766a9f2bb954aff3d7e27b640c9eacd8b2828fa1f188,211,"{""app_users"": 130, ""store_customers"": 81}",2,worthless,Observed on 211 physical records; strict Rule 2 threshold is greater than 40.,trim only,211,22155
last_name,M***,525eb96895dc6e0f024e6ac0ced2d2ba992e58c91c521a12fde5f107771cace9,211,"{""app_users"": 121, ""store_customers"": 90}",2,worthless,Observed on 211 physical records; strict Rule 2 threshold is greater than 40.,trim only,211,22155
last_name,Q***,58bca6565cab60d743a4368f3b2e4f2ca5fe7bcd959389698591a57d4cbd7e92,211,"{""app_users"": 134, ""store_customers"": 77}",2,worthless,Observed on 211 physical records; strict Rule 2 threshold is greater than 40.,trim only,211,22155
last_name,C***,6d94f6f04d62a24adc2478190770c839fbae76ce487fa19f09cd05921337a001,211,"{""app_users"": 114, ""store_customers"": 97}",2,worthless,Observed on 211 physical records; strict Rule 2 threshold is greater than 40.,trim only,211,22155
last_name,Q***,83f773a7ce572195aa330ee35006b95ff131a1e0d513d883453332cb0f5f3da5,211,"{""app_users"": 119, ""store_customers"": 92}",2,worthless,Observed on 211 physical records; strict Rule 2 threshold is greater than 40.,trim only,211,22155
last_name,R***,86cb2e16c7225b3b85d4f29b330796d1ee0883bbffcd851eff939d281fae7381,211,"{""app_users"": 114, ""store_customers"": 97}",2,worthless,Observed on 211 physical records; strict Rule 2 threshold is greater than 40.,trim only,211,22155
last_name,C***,913e43a2f18116a6db6232583dd6bf804a2702529f067ad4b3d9c52768e7a51e,211,"{""app_users"": 119, ""store_customers"": 92}",2,worthless,Observed on 211 physical records; strict Rule 2 threshold is greater than 40.,trim only,211,22155
last_name,B***,a5b22f24fff0e0b47f64baf3ad079cac617fea75fe4c7f7f8ca528ea5806c698,211,"{""app_users"": 119, ""store_customers"": 92}",2,worthless,Observed on 211 physical records; strict Rule 2 threshold is greater than 40.,trim only,211,22155
last_name,G***,d5fff6a981b8000768d13207400100929db5f3a0a75780fed38c646cd9ebb3b7,211,"{""app_users"": 125, ""store_customers"": 86}",2,worthless,Observed on 211 physical records; strict Rule 2 threshold is greater than 40.,trim only,211,22155
last_name,D***,d78352f31417ee100469301f3288fc86e4b1eeb0d9a6488981ac05fb96e50004,211,"{""app_users"": 122, ""store_customers"": 89}",2,worthless,Observed on 211 physical records; strict Rule 2 threshold is greater than 40.,trim only,211,22155
last_name,X***,e4422b5b6372872a53bebc6305a56b5f495a1627538f4f24902f7a1b1b9c25b6,211,"{""app_users"": 120, ""store_customers"": 91}",2,worthless,Observed on 211 physical records; strict Rule 2 threshold is greater than 40.,trim only,211,22155
last_name,L***,fceb611c69272a002ad0bb866941895198d45b631f5a41b021b99a44732c4dae,211,"{""app_users"": 118, ""store_customers"": 93}",2,worthless,Observed on 211 physical records; strict Rule 2 threshold is greater than 40.,trim only,211,22155
first_name,F***,0b76b75876f8a5baa0181f5bbc0b9810c81daee2337953d5b5e7b5be8ec9e499,210,"{""app_users"": 124, ""store_customers"": 86}",2,worthless,Observed on 210 physical records; strict Rule 2 threshold is greater than 40.,trim only,210,21945
first_name,S***,1fc0f2c74fc973495760c064e5be754bf26c37b0a3e6f703fde2625412ccf263,210,"{""app_users"": 140, ""store_customers"": 70}",2,worthless,Observed on 210 physical records; strict Rule 2 threshold is greater than 40.,trim only,210,21945
first_name,Z***,2a0ebecf5bddd117c42ff956b5105125f7771528bfa7c5787905f45cbaa9b819,210,"{""app_users"": 131, ""store_customers"": 79}",2,worthless,Observed on 210 physical records; strict Rule 2 threshold is greater than 40.,trim only,210,21945
first_name,S***,39dc8ec60314e67cdf769411b866942c7f9edfb085b67087e3056126a0ea77ea,210,"{""app_users"": 129, ""store_customers"": 81}",2,worthless,Observed on 210 physical records; strict Rule 2 threshold is greater than 40.,trim only,210,21945
first_name,R***,4374fb8d8ff5708584ed02ad844843ea1af7c717fad79666c4f187e51f8bf402,210,"{""app_users"": 134, ""store_customers"": 76}",2,worthless,Observed on 210 physical records; strict Rule 2 threshold is greater than 40.,trim only,210,21945
first_name,Z***,5078b48fbbcdd4442b006878019c0412dbeb516faa6fa476112220def56ef88f,210,"{""app_users"": 120, ""store_customers"": 90}",2,worthless,Observed on 210 physical records; strict Rule 2 threshold is greater than 40.,trim only,210,21945
first_name,L***,591765a5a8caaa50611fccff29da1ef6c300f3d620bc54ae5f727d900eb126dc,210,"{""app_users"": 120, ""store_customers"": 90}",2,worthless,Observed on 210 physical records; strict Rule 2 threshold is greater than 40.,trim only,210,21945
first_name,G***,609b267fe7c6fd8f10677adde92916408bf547f899835d221dcbb0b1d9954efe,210,"{""app_users"": 119, ""store_customers"": 91}",2,worthless,Observed on 210 physical records; strict Rule 2 threshold is greater than 40.,trim only,210,21945
first_name,V***,62f346863ceae7e216505bc42e5a4dc8a3d7025a5d9eb86affa6c9bed56be360,210,"{""app_users"": 129, ""store_customers"": 81}",2,worthless,Observed on 210 physical records; strict Rule 2 threshold is greater than 40.,trim only,210,21945
first_name,B***,766ccb7e0ea9e5ec6dbb8936b0f0bf18e004978ccfa18d02187520e3447c4967,210,"{""app_users"": 128, ""store_customers"": 82}",2,worthless,Observed on 210 physical records; strict Rule 2 threshold is greater than 40.,trim only,210,21945
first_name,L***,77aee39a5d7bb3f913498f2a622f4a742fff7b3616bbae7feb6e3acc19b592ec,210,"{""app_users"": 136, ""store_customers"": 74}",2,worthless,Observed on 210 physical records; strict Rule 2 threshold is greater than 40.,trim only,210,21945
first_name,N***,9e018897719d5a09530c24864a6b5aeb1e18057e7b495f82994fe88e95f6c2c5,210,"{""app_users"": 131, ""store_customers"": 79}",2,worthless,Observed on 210 physical records; strict Rule 2 threshold is greater than 40.,trim only,210,21945
first_name,X***,a84c1eeb39255696c7935f36d7cd2c3995aa66130ff20c19c2d0e0eb0a7d085b,210,"{""app_users"": 129, ""store_customers"": 81}",2,worthless,Observed on 210 physical records; strict Rule 2 threshold is greater than 40.,trim only,210,21945
first_name,B***,b6a56ddd245ca4d9841db3e07aad235682bc28465daf22366a31969a458999a4,210,"{""app_users"": 123, ""store_customers"": 87}",2,worthless,Observed on 210 physical records; strict Rule 2 threshold is greater than 40.,trim only,210,21945
first_name,S***,c671ed56e36b5ce1e880c15750ec4aef16eb653a49a1a083750c932a0b5a3b75,210,"{""app_users"": 121, ""store_customers"": 89}",2,worthless,Observed on 210 physical records; strict Rule 2 threshold is greater than 40.,trim only,210,21945
first_name,B***,c85a0b78d70996d6e0259568a5b16897b0ec468eb72e8ba4782aa9ac3ded04ff,210,"{""app_users"": 122, ""store_customers"": 88}",2,worthless,Observed on 210 physical records; strict Rule 2 threshold is greater than 40.,trim only,210,21945
first_name,Y***,d81abfb6c58fee79943fa908fcc3fdcaf4e908cd2aa213a2da556c7df67a1f16,210,"{""app_users"": 118, ""store_customers"": 92}",2,worthless,Observed on 210 physical records; strict Rule 2 threshold is greater than 40.,trim only,210,21945
first_name,S***,dc49d0609b73e5b1a387105e3d0454ae42e3e620fd1632150c405190001eb187,210,"{""app_users"": 125, ""store_customers"": 85}",2,worthless,Observed on 210 physical records; strict Rule 2 threshold is greater than 40.,trim only,210,21945
last_name,S***,2d7b629035f72be3300e3e0f008b1c423729bb990ee2a62a7126dc750fb8c8ed,210,"{""app_users"": 111, ""store_customers"": 99}",2,worthless,Observed on 210 physical records; strict Rule 2 threshold is greater than 40.,trim only,210,21945
last_name,Q***,2efc34406f9d5687dabf57141ba91aaac86dd36528b228721272410c074f0542,210,"{""app_users"": 121, ""store_customers"": 89}",2,worthless,Observed on 210 physical records; strict Rule 2 threshold is greater than 40.,trim only,210,21945
last_name,T***,40df083b4648e87ce7d074de2388a7f236053ee28ab9b0ba2a44b787fc0a45bd,210,"{""app_users"": 130, ""store_customers"": 80}",2,worthless,Observed on 210 physical records; strict Rule 2 threshold is greater than 40.,trim only,210,21945
last_name,S***,711dc0db3ef1bdad2acdf5ce8450da36846002cc2b0372201f83ee0ff5fc637c,210,"{""app_users"": 121, ""store_customers"": 89}",2,worthless,Observed on 210 physical records; strict Rule 2 threshold is greater than 40.,trim only,210,21945
last_name,K***,7ae25c279f1d10be633511470a950c2f61bfea9087174ecdb731a3625c86fcf3,210,"{""app_users"": 110, ""store_customers"": 100}",2,worthless,Observed on 210 physical records; strict Rule 2 threshold is greater than 40.,trim only,210,21945
last_name,J***,7aec9ffe8b6bf9cd09abc2ad087515b61f17fe9bf63026e66e45389ced6eb5c5,210,"{""app_users"": 111, ""store_customers"": 99}",2,worthless,Observed on 210 physical records; strict Rule 2 threshold is greater than 40.,trim only,210,21945
last_name,P***,985b5901fa3a05a2ab5e7526ae3755551d341110fea9666dc076ce1dab0cbc0f,210,"{""app_users"": 127, ""store_customers"": 83}",2,worthless,Observed on 210 physical records; strict Rule 2 threshold is greater than 40.,trim only,210,21945
last_name,C***,a2b1c6e141e195c3dec677e4adddccbdbced3bd2b08d59e0fe3b7c72101cd72e,210,"{""app_users"": 131, ""store_customers"": 79}",2,worthless,Observed on 210 physical records; strict Rule 2 threshold is greater than 40.,trim only,210,21945
last_name,S***,a89f59101585bd55bf5ab6d0e8d0e4b88a88067418d3036e3eee4bd59eb0267a,210,"{""app_users"": 119, ""store_customers"": 91}",2,worthless,Observed on 210 physical records; strict Rule 2 threshold is greater than 40.,trim only,210,21945
last_name,J***,b428a758b4f0be3ae72387e45b24d5477417a00683c65153b87732db10b91b6c,210,"{""app_users"": 126, ""store_customers"": 84}",2,worthless,Observed on 210 physical records; strict Rule 2 threshold is greater than 40.,trim only,210,21945
last_name,L***,bb424dc564a9045f94f2fab9d8b1d152138651fa5247ffea40e0aeb07efc6935,210,"{""app_users"": 115, ""store_customers"": 95}",2,worthless,Observed on 210 physical records; strict Rule 2 threshold is greater than 40.,trim only,210,21945
last_name,C***,bdd2633e0a0843a6aa6be2ca48bf51172b51cec842406244415ff8ada475b49d,210,"{""app_users"": 125, ""store_customers"": 85}",2,worthless,Observed on 210 physical records; strict Rule 2 threshold is greater than 40.,trim only,210,21945
last_name,R***,c2fa1a897532aa1ba215342131a8800bea7945e09176ea3f01059cbe3cf2ae02,210,"{""app_users"": 125, ""store_customers"": 85}",2,worthless,Observed on 210 physical records; strict Rule 2 threshold is greater than 40.,trim only,210,21945
last_name,Q***,e30b8110d185c5a479535ed877ac08cf8b52ea684ac99b55d304de84a9d1d06d,210,"{""app_users"": 124, ""store_customers"": 86}",2,worthless,Observed on 210 physical records; strict Rule 2 threshold is greater than 40.,trim only,210,21945
last_name,P***,fd6fb0af025d62ee697c27762f7c08550057eaf4405f338cd284c430358795b1,210,"{""app_users"": 124, ""store_customers"": 86}",2,worthless,Observed on 210 physical records; strict Rule 2 threshold is greater than 40.,trim only,210,21945
first_name,Y***,117d56fe5ce418db99825d768e77005b03e029cb34a579ae0915674cc2298471,209,"{""app_users"": 120, ""store_customers"": 89}",2,worthless,Observed on 209 physical records; strict Rule 2 threshold is greater than 40.,trim only,209,21736
first_name,L***,1d466a3c5290978d56933fa290adbd37ee324b763956efc97b18d78287f06586,209,"{""app_users"": 116, ""store_customers"": 93}",2,worthless,Observed on 209 physical records; strict Rule 2 threshold is greater than 40.,trim only,209,21736
first_name,P***,2bc6f83d2d4383a60f404fb808e19964dcf800d5bfca717e652294cb8b1cd08e,209,"{""app_users"": 123, ""store_customers"": 86}",2,worthless,Observed on 209 physical records; strict Rule 2 threshold is greater than 40.,trim only,209,21736
first_name,M***,4900b099226c07d2a091294bd8392a42d9dd5911e9a7b17f58afb9911e8fb0f8,209,"{""app_users"": 124, ""store_customers"": 85}",2,worthless,Observed on 209 physical records; strict Rule 2 threshold is greater than 40.,trim only,209,21736
first_name,S***,493138f8338a645e33445f740ef3dadf560c1d9a039879ce4e3329a0bf5118db,209,"{""app_users"": 123, ""store_customers"": 86}",2,worthless,Observed on 209 physical records; strict Rule 2 threshold is greater than 40.,trim only,209,21736
first_name,P***,4e723de5ca97d6df2f213ff7d79f243ce93573c06a20ed8690756d29ab917cfa,209,"{""app_users"": 108, ""store_customers"": 101}",2,worthless,Observed on 209 physical records; strict Rule 2 threshold is greater than 40.,trim only,209,21736
first_name,S***,5ea974f146a510bbf0ab07bfc0972b3edd9031430b130f4308d1504551df2e67,209,"{""app_users"": 122, ""store_customers"": 87}",2,worthless,Observed on 209 physical records; strict Rule 2 threshold is greater than 40.,trim only,209,21736
first_name,P***,62175c1be2ad30cbc6c11b791ac845ace6ccd32118c6fcae3bd76ed5f4349e60,209,"{""app_users"": 115, ""store_customers"": 94}",2,worthless,Observed on 209 physical records; strict Rule 2 threshold is greater than 40.,trim only,209,21736
first_name,R***,6561effae1fcee8adcfd92dfd4069ae22ed58fc12e7dc84e275d2bd76e0b6140,209,"{""app_users"": 125, ""store_customers"": 84}",2,worthless,Observed on 209 physical records; strict Rule 2 threshold is greater than 40.,trim only,209,21736
first_name,S***,67aefb7f5c2dfb38d92ff130b47df8dea9b64aefecd290b8eb5cefe2faee3add,209,"{""app_users"": 132, ""store_customers"": 77}",2,worthless,Observed on 209 physical records; strict Rule 2 threshold is greater than 40.,trim only,209,21736
first_name,S***,6a52beadff1b267ee4d36a26d2f92fd42ca9c0a3c4712c906a195730bb965f4b,209,"{""app_users"": 111, ""store_customers"": 98}",2,worthless,Observed on 209 physical records; strict Rule 2 threshold is greater than 40.,trim only,209,21736
first_name,V***,7c51a13654e58972d7af6f82c05f0512e09d95bb639665de6e9cfae09c063cb2,209,"{""app_users"": 107, ""store_customers"": 102}",2,worthless,Observed on 209 physical records; strict Rule 2 threshold is greater than 40.,trim only,209,21736
first_name,R***,83d2c7a9a3639a3ec769f1dcdb724767f5ba970e8ea1620dd7d77a73fc10b29d,209,"{""app_users"": 124, ""store_customers"": 85}",2,worthless,Observed on 209 physical records; strict Rule 2 threshold is greater than 40.,trim only,209,21736
first_name,N***,8f79dcc7ec93855f6a22d39f63eb13517c7eed9c9541d75a546ebb8ad98c87d0,209,"{""app_users"": 121, ""store_customers"": 88}",2,worthless,Observed on 209 physical records; strict Rule 2 threshold is greater than 40.,trim only,209,21736
first_name,T***,a33d8d07283398ce17324f0cf2711f4a869059afc9ce6dd654a7f5347e4e9195,209,"{""app_users"": 128, ""store_customers"": 81}",2,worthless,Observed on 209 physical records; strict Rule 2 threshold is greater than 40.,trim only,209,21736
first_name,P***,ac832c34ea75aa2cc41e43b876f2d58be8f09f618492b5cde16b053eb277454b,209,"{""app_users"": 129, ""store_customers"": 80}",2,worthless,Observed on 209 physical records; strict Rule 2 threshold is greater than 40.,trim only,209,21736
first_name,N***,bdc4afc1d6ab88c22bc4bd45a8e8dba78adcbb7a0114faa939b6665371ec81f8,209,"{""app_users"": 136, ""store_customers"": 73}",2,worthless,Observed on 209 physical records; strict Rule 2 threshold is greater than 40.,trim only,209,21736
first_name,V***,ef0463019292657dd4f0da8f3a1862960021c336a2d02c30c08bd202a27733c8,209,"{""app_users"": 128, ""store_customers"": 81}",2,worthless,Observed on 209 physical records; strict Rule 2 threshold is greater than 40.,trim only,209,21736
first_name,Q***,f238fc21d9e585cf8c4559d52663834ec7d002cd9177ec919e2e0205c6c95832,209,"{""app_users"": 112, ""store_customers"": 97}",2,worthless,Observed on 209 physical records; strict Rule 2 threshold is greater than 40.,trim only,209,21736
last_name,G***,00979b3ff1d52475e17dc9cbc54d7d9f28021da22afc6b8d709d222048dee19d,209,"{""app_users"": 138, ""store_customers"": 71}",2,worthless,Observed on 209 physical records; strict Rule 2 threshold is greater than 40.,trim only,209,21736
last_name,K***,0dc1a98e55fd6b2aa3f55f8fd9d5fd451e170241f2e653a2482e4439e2f2fe32,209,"{""app_users"": 121, ""store_customers"": 88}",2,worthless,Observed on 209 physical records; strict Rule 2 threshold is greater than 40.,trim only,209,21736
last_name,R***,1933db63943982a1840694cb59cc9fd3388b349e319dbcedf9cfa2bdf5ff08ae,209,"{""app_users"": 124, ""store_customers"": 85}",2,worthless,Observed on 209 physical records; strict Rule 2 threshold is greater than 40.,trim only,209,21736
last_name,W***,1becdb86345bfe81b00669ef8aed2f826b8141f439d4074451fdc9237996e0be,209,"{""app_users"": 117, ""store_customers"": 92}",2,worthless,Observed on 209 physical records; strict Rule 2 threshold is greater than 40.,trim only,209,21736
last_name,R***,1c93b172197fd4e5a6b3392dc3b98e809d50725ef0f844660b875ac4f8bbd679,209,"{""app_users"": 124, ""store_customers"": 85}",2,worthless,Observed on 209 physical records; strict Rule 2 threshold is greater than 40.,trim only,209,21736
last_name,L***,2996ea0bdd670b524e4a1067a4dc0d5fe066e29b5afd28e29ef88c4af3116a68,209,"{""app_users"": 126, ""store_customers"": 83}",2,worthless,Observed on 209 physical records; strict Rule 2 threshold is greater than 40.,trim only,209,21736
last_name,L***,2b4cc6852af886fc8868c8d8dc514e9491f42698cca987ec2198dc277781c4d7,209,"{""app_users"": 93, ""store_customers"": 116}",2,worthless,Observed on 209 physical records; strict Rule 2 threshold is greater than 40.,trim only,209,21736
last_name,F***,3082cb1294743cc9f0a2604e8fe039cd0d86ae966b2d5cdf56d5e4d31da62d1c,209,"{""app_users"": 124, ""store_customers"": 85}",2,worthless,Observed on 209 physical records; strict Rule 2 threshold is greater than 40.,trim only,209,21736
last_name,W***,310997391e138373533249cf2bef8de6fb4e978ebbac8f70821ec71be4ec730d,209,"{""app_users"": 134, ""store_customers"": 75}",2,worthless,Observed on 209 physical records; strict Rule 2 threshold is greater than 40.,trim only,209,21736
last_name,W***,41473fe7ebedef419e62f5666d5c43f22dd93cdef236d81044d99744c9b80093,209,"{""app_users"": 110, ""store_customers"": 99}",2,worthless,Observed on 209 physical records; strict Rule 2 threshold is greater than 40.,trim only,209,21736
last_name,V***,546345063a0eb2c00804a9bd3b64a8fcf7dfa865a7bf93a72131f8d2774a3369,209,"{""app_users"": 117, ""store_customers"": 92}",2,worthless,Observed on 209 physical records; strict Rule 2 threshold is greater than 40.,trim only,209,21736
last_name,C***,a9ea391bd96ef5bf539b67636483d0415a624b56795121db3e31ac5bb55565dd,209,"{""app_users"": 139, ""store_customers"": 70}",2,worthless,Observed on 209 physical records; strict Rule 2 threshold is greater than 40.,trim only,209,21736
last_name,S***,bb4e350e1bbc867be3a7122e336297c6c78d28f12a8d19b98738f867b508e7a2,209,"{""app_users"": 123, ""store_customers"": 86}",2,worthless,Observed on 209 physical records; strict Rule 2 threshold is greater than 40.,trim only,209,21736
last_name,K***,cd58ce7bc0be8cf53d151aa3cda312410457e56c3e70689e87bde54c2dcf50d5,209,"{""app_users"": 130, ""store_customers"": 79}",2,worthless,Observed on 209 physical records; strict Rule 2 threshold is greater than 40.,trim only,209,21736
last_name,T***,e096a7006ac180081c1f5fc7de25d5f8f9e91aaa5a4b3e73103860dd3f57ea6e,209,"{""app_users"": 120, ""store_customers"": 89}",2,worthless,Observed on 209 physical records; strict Rule 2 threshold is greater than 40.,trim only,209,21736
first_name,K***,00349b23ac8308d4741c8d60fafbf2a6342946a808e4f9914ed398bf44f09a4e,208,"{""app_users"": 124, ""store_customers"": 84}",2,worthless,Observed on 208 physical records; strict Rule 2 threshold is greater than 40.,trim only,208,21528
first_name,G***,041c37c5379773e270b3e763c5c29a1af05afe2043cdf95d6561b4400685aa1a,208,"{""app_users"": 112, ""store_customers"": 96}",2,worthless,Observed on 208 physical records; strict Rule 2 threshold is greater than 40.,trim only,208,21528
first_name,S***,0dd178e0964988032d84fbaad35c8269801f0cc065810f2a147d947b41b2610b,208,"{""app_users"": 122, ""store_customers"": 86}",2,worthless,Observed on 208 physical records; strict Rule 2 threshold is greater than 40.,trim only,208,21528
first_name,R***,1401c32faf2259e25940e4af69702f6a26a640c4dab5fcc07e695366c36962ef,208,"{""app_users"": 121, ""store_customers"": 87}",2,worthless,Observed on 208 physical records; strict Rule 2 threshold is greater than 40.,trim only,208,21528
first_name,V***,1d214d80ee73d361a08051d077796a95ea2284bc03870d8d05d97939c5727acc,208,"{""app_users"": 120, ""store_customers"": 88}",2,worthless,Observed on 208 physical records; strict Rule 2 threshold is greater than 40.,trim only,208,21528
first_name,X***,2e4a4867ccba58ce252187e50653b62a505ffb2e573c23693d84c46371b33d60,208,"{""app_users"": 107, ""store_customers"": 101}",2,worthless,Observed on 208 physical records; strict Rule 2 threshold is greater than 40.,trim only,208,21528
first_name,N***,2f1f68d6e665ca3e68826e7d3ad264a30fbaed1ced5e9c00a14037f628dd8c75,208,"{""app_users"": 112, ""store_customers"": 96}",2,worthless,Observed on 208 physical records; strict Rule 2 threshold is greater than 40.,trim only,208,21528
first_name,B***,417995456656438e7a103333af458b147597cd162eb18fff6de57e335466da50,208,"{""app_users"": 119, ""store_customers"": 89}",2,worthless,Observed on 208 physical records; strict Rule 2 threshold is greater than 40.,trim only,208,21528
first_name,B***,436504692598d17d9984dc0bb1cdae6c959ddf96299f6a0b5d9cd76deac7ff0d,208,"{""app_users"": 128, ""store_customers"": 80}",2,worthless,Observed on 208 physical records; strict Rule 2 threshold is greater than 40.,trim only,208,21528
first_name,B***,481e262f1fd619c3336539d9c1a94dc010212ee0dd1e0c0e99e4054af670db2c,208,"{""app_users"": 132, ""store_customers"": 76}",2,worthless,Observed on 208 physical records; strict Rule 2 threshold is greater than 40.,trim only,208,21528
first_name,P***,4faf11923a5d541c6af071cf41985d5de5b652a9e5a7d54c2f861da908bf6fb2,208,"{""app_users"": 115, ""store_customers"": 93}",2,worthless,Observed on 208 physical records; strict Rule 2 threshold is greater than 40.,trim only,208,21528
first_name,K***,51f40a997b722e18565ef80f011f4e41965a139fa885871dd694f1e6d20240a7,208,"{""app_users"": 122, ""store_customers"": 86}",2,worthless,Observed on 208 physical records; strict Rule 2 threshold is greater than 40.,trim only,208,21528
first_name,R***,690bcddd8fbc4ab67cfffe2d4f93d7eed4b11b4e0e1292008d26dbe80b46f41f,208,"{""app_users"": 124, ""store_customers"": 84}",2,worthless,Observed on 208 physical records; strict Rule 2 threshold is greater than 40.,trim only,208,21528
first_name,Y***,6bd8038929054afb5018ce140a6122d724bdf8f6f37188dcfc865192ec6e9e95,208,"{""app_users"": 120, ""store_customers"": 88}",2,worthless,Observed on 208 physical records; strict Rule 2 threshold is greater than 40.,trim only,208,21528
first_name,T***,6debad20b2e221d1027c2cff44bc4e78944b7db103f6777aa0be76296e2c18ab,208,"{""app_users"": 110, ""store_customers"": 98}",2,worthless,Observed on 208 physical records; strict Rule 2 threshold is greater than 40.,trim only,208,21528
first_name,D***,72b7968242426379a76f816f864e2fbfe44120a8d7d487c25261610e5f22e472,208,"{""app_users"": 114, ""store_customers"": 94}",2,worthless,Observed on 208 physical records; strict Rule 2 threshold is greater than 40.,trim only,208,21528
first_name,Z***,75e702a44c190d8c95b2fe7a14720aa8e46294ec2152783d390b0ab52453ad6f,208,"{""app_users"": 121, ""store_customers"": 87}",2,worthless,Observed on 208 physical records; strict Rule 2 threshold is greater than 40.,trim only,208,21528
first_name,S***,7ab90efd07766a21a5ad56dfe903127d7a8e699ec1a38e0453d06b986df5176c,208,"{""app_users"": 123, ""store_customers"": 85}",2,worthless,Observed on 208 physical records; strict Rule 2 threshold is greater than 40.,trim only,208,21528
first_name,T***,80cc933f0bd065df9a8cdc2caac3f610473f4668e426be899fa94cf9a1c7bd4d,208,"{""app_users"": 127, ""store_customers"": 81}",2,worthless,Observed on 208 physical records; strict Rule 2 threshold is greater than 40.,trim only,208,21528
first_name,V***,b6ac61fe161b8e096c0a7a807d78b7154d55a1c8b3871c4b78f1c083d2f489e6,208,"{""app_users"": 126, ""store_customers"": 82}",2,worthless,Observed on 208 physical records; strict Rule 2 threshold is greater than 40.,trim only,208,21528
first_name,D***,bc75938204ceaedccf1c0e3da0185cc485f3af497ec8b13aa280c7812edc467c,208,"{""app_users"": 121, ""store_customers"": 87}",2,worthless,Observed on 208 physical records; strict Rule 2 threshold is greater than 40.,trim only,208,21528
first_name,Q***,c9a619989c8f469ef17638a6865a8acbbb6a7e6a5001d5a45a2a18b5944944d9,208,"{""app_users"": 125, ""store_customers"": 83}",2,worthless,Observed on 208 physical records; strict Rule 2 threshold is greater than 40.,trim only,208,21528
first_name,J***,d5ab6f2efa97dab8fa6cfd019bd7163648c79e02843543dcc9756342c3ddb259,208,"{""app_users"": 121, ""store_customers"": 87}",2,worthless,Observed on 208 physical records; strict Rule 2 threshold is greater than 40.,trim only,208,21528
first_name,S***,d6c08658a061f38cfbd475314f0e1455e3f751683ce4f03e67529ddc61929e70,208,"{""app_users"": 122, ""store_customers"": 86}",2,worthless,Observed on 208 physical records; strict Rule 2 threshold is greater than 40.,trim only,208,21528
first_name,L***,e1a3943e502ac677ac604f2d429cfe983734c391211561c7e8dfe62da2376168,208,"{""app_users"": 121, ""store_customers"": 87}",2,worthless,Observed on 208 physical records; strict Rule 2 threshold is greater than 40.,trim only,208,21528
first_name,Y***,e2203af5fd182b78df4f1876f75eb752d3795cc88eb9dc51dd7237b478aa7514,208,"{""app_users"": 130, ""store_customers"": 78}",2,worthless,Observed on 208 physical records; strict Rule 2 threshold is greater than 40.,trim only,208,21528
first_name,L***,f4ce32156f51077dc090dddcf3db8b7ba47199cf2bb8b7f4e9951e331258d130,208,"{""app_users"": 119, ""store_customers"": 89}",2,worthless,Observed on 208 physical records; strict Rule 2 threshold is greater than 40.,trim only,208,21528
first_name,S***,f8b79b31e47898c9f825e270b89b5c67d132a1a634aaee0d96214427b234cd07,208,"{""app_users"": 112, ""store_customers"": 96}",2,worthless,Observed on 208 physical records; strict Rule 2 threshold is greater than 40.,trim only,208,21528
first_name,L***,ff552ac5012bdb8251cba8ebae8b4d860906690a6f068db07f65e6a8ce8dfb41,208,"{""app_users"": 138, ""store_customers"": 70}",2,worthless,Observed on 208 physical records; strict Rule 2 threshold is greater than 40.,trim only,208,21528
last_name,W***,15913ded8f6f14f6a8262d65be9d236bdabedb67db679948d05f77b4ff0aaef6,208,"{""app_users"": 115, ""store_customers"": 93}",2,worthless,Observed on 208 physical records; strict Rule 2 threshold is greater than 40.,trim only,208,21528
last_name,T***,20e7df8b87d4811f252ba8ad41e3adf3507f3ee243b211f1b3172341b640c82f,208,"{""app_users"": 123, ""store_customers"": 85}",2,worthless,Observed on 208 physical records; strict Rule 2 threshold is greater than 40.,trim only,208,21528
last_name,L***,2455cf3a37c8440bbcfe7f70769b51089df8df9c285cf33aa5d00fbcb23afc94,208,"{""app_users"": 121, ""store_customers"": 87}",2,worthless,Observed on 208 physical records; strict Rule 2 threshold is greater than 40.,trim only,208,21528
last_name,T***,3e1f55eb30a577faa90ee7c5aca68d1d53a6da43bfc8def0d8e1ee80fe574fe5,208,"{""app_users"": 117, ""store_customers"": 91}",2,worthless,Observed on 208 physical records; strict Rule 2 threshold is greater than 40.,trim only,208,21528
last_name,P***,496ba0f70f63dceb815bd6d0f74838c8f91072979a67bd36d5cbe500df022258,208,"{""app_users"": 128, ""store_customers"": 80}",2,worthless,Observed on 208 physical records; strict Rule 2 threshold is greater than 40.,trim only,208,21528
last_name,P***,50029dd7b4d958b7f86bb1bf2da542da6d27bd2ca6e39996691a8631c8a81a1f,208,"{""app_users"": 135, ""store_customers"": 73}",2,worthless,Observed on 208 physical records; strict Rule 2 threshold is greater than 40.,trim only,208,21528
last_name,D***,66aee48bb4b56457dfc41dc206ff172b3f0be852d3d72ad527ec902380845dd9,208,"{""app_users"": 125, ""store_customers"": 83}",2,worthless,Observed on 208 physical records; strict Rule 2 threshold is greater than 40.,trim only,208,21528
last_name,G***,802dc013f9b18a6e8b4de0e7f282dddeff64d5b076a7311241ed71b9c177c3ea,208,"{""app_users"": 119, ""store_customers"": 89}",2,worthless,Observed on 208 physical records; strict Rule 2 threshold is greater than 40.,trim only,208,21528
last_name,S***,a4e7940c5f5b08d55b870c8356285205053b2a0faeb13dd1d43aae46624f0b1d,208,"{""app_users"": 124, ""store_customers"": 84}",2,worthless,Observed on 208 physical records; strict Rule 2 threshold is greater than 40.,trim only,208,21528
last_name,S***,a62a27f1678920182fb6078dc6b6388487599849515cb055bf6cfba9f6e69d4c,208,"{""app_users"": 124, ""store_customers"": 84}",2,worthless,Observed on 208 physical records; strict Rule 2 threshold is greater than 40.,trim only,208,21528
last_name,W***,b5ee75b8da50e9cd00788753308a166e2d6dd23761dc144c27e338672acbea8b,208,"{""app_users"": 130, ""store_customers"": 78}",2,worthless,Observed on 208 physical records; strict Rule 2 threshold is greater than 40.,trim only,208,21528
last_name,K***,bbed12b20e8f18c7fe7b07af01f79f769afe0720ec6ef25d6652ae515727b83b,208,"{""app_users"": 118, ""store_customers"": 90}",2,worthless,Observed on 208 physical records; strict Rule 2 threshold is greater than 40.,trim only,208,21528
last_name,N***,d835ec9e04864fdf3598c095bbc0b580e45747b7bd1332efdf844fadadf4418e,208,"{""app_users"": 116, ""store_customers"": 92}",2,worthless,Observed on 208 physical records; strict Rule 2 threshold is greater than 40.,trim only,208,21528
last_name,S***,dc8d5583717e7f13dfdec1cda644cdd7157849ae436b87639c6e7186887f280e,208,"{""app_users"": 122, ""store_customers"": 86}",2,worthless,Observed on 208 physical records; strict Rule 2 threshold is greater than 40.,trim only,208,21528
last_name,L***,de5910bb1f3f4fadc2c72b79871dffa74c0ebf69f5207027441b34702fdaf028,208,"{""app_users"": 127, ""store_customers"": 81}",2,worthless,Observed on 208 physical records; strict Rule 2 threshold is greater than 40.,trim only,208,21528
first_name,R***,0e43f26f95b0c56deceac5fc095b8718851aa53c9e34a9bb8ec7977b4e776a3f,207,"{""app_users"": 127, ""store_customers"": 80}",2,worthless,Observed on 207 physical records; strict Rule 2 threshold is greater than 40.,trim only,207,21321
first_name,D***,0e860ce556eb02fcf98655c07848f62dcd7803750cbac89bb70c63c56642bf77,207,"{""app_users"": 125, ""store_customers"": 82}",2,worthless,Observed on 207 physical records; strict Rule 2 threshold is greater than 40.,trim only,207,21321
first_name,C***,1e640d619fcfe40a0a4a279ae9245a8837774de20519d9a1e0f6ea0965f38edd,207,"{""app_users"": 121, ""store_customers"": 86}",2,worthless,Observed on 207 physical records; strict Rule 2 threshold is greater than 40.,trim only,207,21321
first_name,L***,26499c96f8d25e8c115ffd18ecd21e65feade1f4f96e9d8c948e1612e368e9b7,207,"{""app_users"": 112, ""store_customers"": 95}",2,worthless,Observed on 207 physical records; strict Rule 2 threshold is greater than 40.,trim only,207,21321
first_name,P***,26c50dd82c70bfb59019ab99af1d6f31fe735a999ec8800025d67165278d747e,207,"{""app_users"": 139, ""store_customers"": 68}",2,worthless,Observed on 207 physical records; strict Rule 2 threshold is greater than 40.,trim only,207,21321
first_name,C***,2cddf9fd3b5082b4a8718a7df2fcbba379657d2c5428e216e69a859dd8b68503,207,"{""app_users"": 117, ""store_customers"": 90}",2,worthless,Observed on 207 physical records; strict Rule 2 threshold is greater than 40.,trim only,207,21321
first_name,K***,2e00ff777124ed538fbfb7d8a1763263be737c2c001b318df2f1c42e1c29f572,207,"{""app_users"": 103, ""store_customers"": 104}",2,worthless,Observed on 207 physical records; strict Rule 2 threshold is greater than 40.,trim only,207,21321
first_name,K***,31631b95b08959c7e15d5e133185167be3f377837dcf89a3a9a35c34ff1fa8da,207,"{""app_users"": 115, ""store_customers"": 92}",2,worthless,Observed on 207 physical records; strict Rule 2 threshold is greater than 40.,trim only,207,21321
first_name,T***,426377fcc7d63524c9678cd1f8194a61e7e2387016949707b0f2affd46e45d9d,207,"{""app_users"": 128, ""store_customers"": 79}",2,worthless,Observed on 207 physical records; strict Rule 2 threshold is greater than 40.,trim only,207,21321
first_name,X***,57579aaf045c084dd0a487e0af84fe0f5a45182515970baced49340550fb3526,207,"{""app_users"": 130, ""store_customers"": 77}",2,worthless,Observed on 207 physical records; strict Rule 2 threshold is greater than 40.,trim only,207,21321
first_name,S***,5a892105b5d32016bd69d957458bb95f04d464b7a21489fabce2a4dd96f1fb57,207,"{""app_users"": 123, ""store_customers"": 84}",2,worthless,Observed on 207 physical records; strict Rule 2 threshold is greater than 40.,trim only,207,21321
first_name,L***,6504688db95e22517c904a3882105239b48d29356bf47df66fdfd2f361f9a657,207,"{""app_users"": 108, ""store_customers"": 99}",2,worthless,Observed on 207 physical records; strict Rule 2 threshold is greater than 40.,trim only,207,21321
first_name,T***,6a3e894cae0dd353c6b7ed938f85d1e2cbb9dad48c18778ff06be3a3f5867359,207,"{""app_users"": 138, ""store_customers"": 69}",2,worthless,Observed on 207 physical records; strict Rule 2 threshold is greater than 40.,trim only,207,21321
first_name,P***,81d2d8b0499545a13b98ca690ff641d84c691b1cc84a383952f900e4cadc31cd,207,"{""app_users"": 125, ""store_customers"": 82}",2,worthless,Observed on 207 physical records; strict Rule 2 threshold is greater than 40.,trim only,207,21321
first_name,C***,9093a9430c12aaccae86f9b33afc570151ea3e50af97e0f77bfd57a78500eada,207,"{""app_users"": 109, ""store_customers"": 98}",2,worthless,Observed on 207 physical records; strict Rule 2 threshold is greater than 40.,trim only,207,21321
first_name,T***,930cfda81480e6e62e03a6e68e9502484adf785b71b258af8876d81f78032260,207,"{""app_users"": 124, ""store_customers"": 83}",2,worthless,Observed on 207 physical records; strict Rule 2 threshold is greater than 40.,trim only,207,21321
first_name,S***,99327f303f49469ff467d28421c9229cb7cb40c4b48ad4cf0516501a22291a78,207,"{""app_users"": 112, ""store_customers"": 95}",2,worthless,Observed on 207 physical records; strict Rule 2 threshold is greater than 40.,trim only,207,21321
first_name,V***,9e5cd55290086f36e5a2c3ac139c138402a77452893b5c4d50bbbd19e2e0606b,207,"{""app_users"": 130, ""store_customers"": 77}",2,worthless,Observed on 207 physical records; strict Rule 2 threshold is greater than 40.,trim only,207,21321
first_name,W***,9fb9b37be7c15bb6281a29a8fa43399ccb371a9e7dfc13c24ba84e7a523bc897,207,"{""app_users"": 122, ""store_customers"": 85}",2,worthless,Observed on 207 physical records; strict Rule 2 threshold is greater than 40.,trim only,207,21321
first_name,R***,af9053de008d021bb9b401a740341df16daa0474610bfa9e8cb7a00260bc173b,207,"{""app_users"": 115, ""store_customers"": 92}",2,worthless,Observed on 207 physical records; strict Rule 2 threshold is greater than 40.,trim only,207,21321
first_name,W***,b17c8dd52fd54a15ff253c43704542370884bfe37f0f2e41906b573b45c04788,207,"{""app_users"": 130, ""store_customers"": 77}",2,worthless,Observed on 207 physical records; strict Rule 2 threshold is greater than 40.,trim only,207,21321
first_name,W***,b448bb604e140fcfa0c91958412ed6b41c97acdd8c550a5ed2cd59fb0ef44dd6,207,"{""app_users"": 118, ""store_customers"": 89}",2,worthless,Observed on 207 physical records; strict Rule 2 threshold is greater than 40.,trim only,207,21321
first_name,X***,bac5f332a65987ec3d9830c33f8e2be9a14b92ed6976c0fa434f427ebbf17f25,207,"{""app_users"": 119, ""store_customers"": 88}",2,worthless,Observed on 207 physical records; strict Rule 2 threshold is greater than 40.,trim only,207,21321
first_name,C***,bc4a2748f85eb1b92ab1c731f7c2e7fcaed6e3c2b80b18fbb1a1a483e1710d8f,207,"{""app_users"": 133, ""store_customers"": 74}",2,worthless,Observed on 207 physical records; strict Rule 2 threshold is greater than 40.,trim only,207,21321
first_name,C***,d62300c24ce6956eb40963b3b54d14a71b6279c27fe7797f500906d4a36cc739,207,"{""app_users"": 129, ""store_customers"": 78}",2,worthless,Observed on 207 physical records; strict Rule 2 threshold is greater than 40.,trim only,207,21321
first_name,F***,f0353306c7796086c8e58ff322bc00b8a36dc8dcbc68b49ca07e2225d9d5b01f,207,"{""app_users"": 121, ""store_customers"": 86}",2,worthless,Observed on 207 physical records; strict Rule 2 threshold is greater than 40.,trim only,207,21321
first_name,F***,f55636225a94b7353c3f948adaedf5c9d9b2977a4599fd4d72bc1cdb5e49babb,207,"{""app_users"": 118, ""store_customers"": 89}",2,worthless,Observed on 207 physical records; strict Rule 2 threshold is greater than 40.,trim only,207,21321
first_name,S***,f9e0edfb553c5e0143b3a71eeb85efa950b0fac7019ba0f872951f2546b9462d,207,"{""app_users"": 107, ""store_customers"": 100}",2,worthless,Observed on 207 physical records; strict Rule 2 threshold is greater than 40.,trim only,207,21321
first_name,F***,ff305ae40ee53b01a81305565abdadec66e8eec87c6dea28090dee93a92a5412,207,"{""app_users"": 133, ""store_customers"": 74}",2,worthless,Observed on 207 physical records; strict Rule 2 threshold is greater than 40.,trim only,207,21321
last_name,Y***,2e12489be04688590e83df5feb16f8bb3183a47c78c2f0d47d375fa94f60b05e,207,"{""app_users"": 130, ""store_customers"": 77}",2,worthless,Observed on 207 physical records; strict Rule 2 threshold is greater than 40.,trim only,207,21321
last_name,M***,37d2f90b258a35cd97d78d9368c47da70251ee80a4128a46006966f7f6be7c3b,207,"{""app_users"": 132, ""store_customers"": 75}",2,worthless,Observed on 207 physical records; strict Rule 2 threshold is greater than 40.,trim only,207,21321
last_name,R***,3f234e8be42ad4db301364d04ce7dae82e591314e9162a17d14cc28388eedbe1,207,"{""app_users"": 111, ""store_customers"": 96}",2,worthless,Observed on 207 physical records; strict Rule 2 threshold is greater than 40.,trim only,207,21321
last_name,G***,3f34c2f132b8e2da6a4622f2d0343c38953b8b2a605eb907ee74b41f8b6aa29a,207,"{""app_users"": 127, ""store_customers"": 80}",2,worthless,Observed on 207 physical records; strict Rule 2 threshold is greater than 40.,trim only,207,21321
last_name,Y***,699c8d370f4499b667e4fb5e4c4537325b2a854a115ff9bf5a4c796a6105c3eb,207,"{""app_users"": 126, ""store_customers"": 81}",2,worthless,Observed on 207 physical records; strict Rule 2 threshold is greater than 40.,trim only,207,21321
last_name,G***,7fe9aa2347de0aa88f915e91b94cee6527012b12e97bc3d118ce9d26191c3633,207,"{""app_users"": 116, ""store_customers"": 91}",2,worthless,Observed on 207 physical records; strict Rule 2 threshold is greater than 40.,trim only,207,21321
last_name,P***,81e90032a9bc8cd91cbedb8ea19654ae4d4211b249b706065ed7dad4fb26f9da,207,"{""app_users"": 118, ""store_customers"": 89}",2,worthless,Observed on 207 physical records; strict Rule 2 threshold is greater than 40.,trim only,207,21321
last_name,T***,862c8a4f5189de1dc53cf4853f55897dd9400bb822d39542bb94b1c8e2f0728c,207,"{""app_users"": 124, ""store_customers"": 83}",2,worthless,Observed on 207 physical records; strict Rule 2 threshold is greater than 40.,trim only,207,21321
last_name,V***,872230649cd387a89d30b810d51843825e54c8c9875d9a98fd4d8b4708434b7f,207,"{""app_users"": 113, ""store_customers"": 94}",2,worthless,Observed on 207 physical records; strict Rule 2 threshold is greater than 40.,trim only,207,21321
last_name,Y***,8fde5fe00ee32c8f18d20e4da8e4bf3ac3796374648a4f36518994b80018fb47,207,"{""app_users"": 115, ""store_customers"": 92}",2,worthless,Observed on 207 physical records; strict Rule 2 threshold is greater than 40.,trim only,207,21321
last_name,T***,983f8c936c4723cef039dcd017eaedc730a810b582d721257b8ae8a6faf309ab,207,"{""app_users"": 125, ""store_customers"": 82}",2,worthless,Observed on 207 physical records; strict Rule 2 threshold is greater than 40.,trim only,207,21321
last_name,P***,a25b3c616aac4ef07a6842745df26080214b6afdc51214972b12789a0e8a14c0,207,"{""app_users"": 123, ""store_customers"": 84}",2,worthless,Observed on 207 physical records; strict Rule 2 threshold is greater than 40.,trim only,207,21321
last_name,G***,b90e5d528fc31b7dc90e544b84d7cb0c475254cb5987a507ec4b430cd3d7e635,207,"{""app_users"": 109, ""store_customers"": 98}",2,worthless,Observed on 207 physical records; strict Rule 2 threshold is greater than 40.,trim only,207,21321
last_name,Y***,ce44e6991ca95808574ff6839e1316c4106a48650f436066a06ce8648e52e209,207,"{""app_users"": 121, ""store_customers"": 86}",2,worthless,Observed on 207 physical records; strict Rule 2 threshold is greater than 40.,trim only,207,21321
last_name,M***,ce9f912d1af7c8772755dc941ca76fa47c1c5f17e1d60e2b15aceb19c9701ab2,207,"{""app_users"": 110, ""store_customers"": 97}",2,worthless,Observed on 207 physical records; strict Rule 2 threshold is greater than 40.,trim only,207,21321
last_name,F***,cf3179d9c24dfcab6d8274f109fe7693da8fcdc68366a8494326ebcb117a437a,207,"{""app_users"": 119, ""store_customers"": 88}",2,worthless,Observed on 207 physical records; strict Rule 2 threshold is greater than 40.,trim only,207,21321
last_name,L***,d3803c45181c4249e4d6c642efcecc6d68893edc6b9401ab3107f0d6531adb0b,207,"{""app_users"": 109, ""store_customers"": 98}",2,worthless,Observed on 207 physical records; strict Rule 2 threshold is greater than 40.,trim only,207,21321
last_name,Z***,d8ad823e4febd179c67d3781ce7bd1521bb8209cfa99d6a75cd902aae246d2ed,207,"{""app_users"": 126, ""store_customers"": 81}",2,worthless,Observed on 207 physical records; strict Rule 2 threshold is greater than 40.,trim only,207,21321
last_name,C***,e6e4f22908c0f4f2f4f6c7a35a213fa1259751fcfbd4af2f43ec814e600da6fa,207,"{""app_users"": 112, ""store_customers"": 95}",2,worthless,Observed on 207 physical records; strict Rule 2 threshold is greater than 40.,trim only,207,21321
last_name,L***,eeab991d96b08e2126634d8d124657d5029f59bf11c36e5b0fd4be840d2567f5,207,"{""app_users"": 126, ""store_customers"": 81}",2,worthless,Observed on 207 physical records; strict Rule 2 threshold is greater than 40.,trim only,207,21321
first_name,X***,06fa13b02fb0ccdb9624e055c30519259e7cd15065bf71a9daf509441aa40f4e,206,"{""app_users"": 125, ""store_customers"": 81}",2,worthless,Observed on 206 physical records; strict Rule 2 threshold is greater than 40.,trim only,206,21115
first_name,Z***,0ff353b08231fdbfa479431651c616b3c9d8ab07626a59f141b60daa63d17622,206,"{""app_users"": 130, ""store_customers"": 76}",2,worthless,Observed on 206 physical records; strict Rule 2 threshold is greater than 40.,trim only,206,21115
first_name,B***,2718c2b52610f84f49f6632d15a1f613aec1bed4d766e6e7a6c06b5d9ad4f9a9,206,"{""app_users"": 124, ""store_customers"": 82}",2,worthless,Observed on 206 physical records; strict Rule 2 threshold is greater than 40.,trim only,206,21115
first_name,N***,275839ccf70b0a1db1ce68eb2c21a567ab4f5e3cd9ca66fc13b053ab500d0d04,206,"{""app_users"": 131, ""store_customers"": 75}",2,worthless,Observed on 206 physical records; strict Rule 2 threshold is greater than 40.,trim only,206,21115
first_name,P***,2f1e295d92bd30fd9cf4bc1398402cf4a52a04ef4cae07cc9f2e2e3682a3f1dc,206,"{""app_users"": 123, ""store_customers"": 83}",2,worthless,Observed on 206 physical records; strict Rule 2 threshold is greater than 40.,trim only,206,21115
first_name,L***,3d01d468ca68ec4cbf0ffcdb49ba4dd0aae47332c6752fce4552070949c8b892,206,"{""app_users"": 130, ""store_customers"": 76}",2,worthless,Observed on 206 physical records; strict Rule 2 threshold is greater than 40.,trim only,206,21115
first_name,Q***,5002c32b908a014fff87bf7b4b0a4859236270d0a5912f2d1067c58adcf3c032,206,"{""app_users"": 109, ""store_customers"": 97}",2,worthless,Observed on 206 physical records; strict Rule 2 threshold is greater than 40.,trim only,206,21115
first_name,R***,549d33b46ba650a5e6225b4d275e4f8e4f82a477e2c366c4bf76bde742b70852,206,"{""app_users"": 133, ""store_customers"": 73}",2,worthless,Observed on 206 physical records; strict Rule 2 threshold is greater than 40.,trim only,206,21115
first_name,P***,59fd7538e431197bf73ea3009c9a66156acf109824bed2f426c3e467617a9045,206,"{""app_users"": 120, ""store_customers"": 86}",2,worthless,Observed on 206 physical records; strict Rule 2 threshold is greater than 40.,trim only,206,21115
first_name,W***,6388c96d71f6764661317b25fd0e5af7afeba96de87aa98d8d6b67abb0473002,206,"{""app_users"": 130, ""store_customers"": 76}",2,worthless,Observed on 206 physical records; strict Rule 2 threshold is greater than 40.,trim only,206,21115
first_name,N***,696f413bdc492f1a1cab9537aca3df89039dad1ef912ce268cc0b027ff40880c,206,"{""app_users"": 112, ""store_customers"": 94}",2,worthless,Observed on 206 physical records; strict Rule 2 threshold is greater than 40.,trim only,206,21115
first_name,R***,6c7308c5972a7be7b66af0b8e60a800c150fd18f7ffb864fcc4791b5f0435e37,206,"{""app_users"": 131, ""store_customers"": 75}",2,worthless,Observed on 206 physical records; strict Rule 2 threshold is greater than 40.,trim only,206,21115
first_name,S***,88f1bd24407a4561f5979cd005406ba3471d530ef6a9c5106fac1c3e005f7d86,206,"{""app_users"": 124, ""store_customers"": 82}",2,worthless,Observed on 206 physical records; strict Rule 2 threshold is greater than 40.,trim only,206,21115
first_name,P***,89a900292863708eeae1d49fd505c1622058082f2c5db44474aea74c2ceb3f32,206,"{""app_users"": 122, ""store_customers"": 84}",2,worthless,Observed on 206 physical records; strict Rule 2 threshold is greater than 40.,trim only,206,21115
first_name,D***,a00164c129b155474a1e08bee99d114e6cd248cdb3b93fc8d8638f550a93bc44,206,"{""app_users"": 126, ""store_customers"": 80}",2,worthless,Observed on 206 physical records; strict Rule 2 threshold is greater than 40.,trim only,206,21115
first_name,B***,b651758fc971621478afca2b1ff3ed8b8706c9ac7c78e690cf774bb6769ad361,206,"{""app_users"": 126, ""store_customers"": 80}",2,worthless,Observed on 206 physical records; strict Rule 2 threshold is greater than 40.,trim only,206,21115
first_name,X***,c3951fdf503d2bacc4c341340ece88cd194c3d179c09ce718827b3d5b2bac713,206,"{""app_users"": 124, ""store_customers"": 82}",2,worthless,Observed on 206 physical records; strict Rule 2 threshold is greater than 40.,trim only,206,21115
first_name,T***,c4e4c46f69e4b9439066ed1c756d4d107b8df1562f36a71f2213fc9133dc806a,206,"{""app_users"": 121, ""store_customers"": 85}",2,worthless,Observed on 206 physical records; strict Rule 2 threshold is greater than 40.,trim only,206,21115
first_name,W***,ca0ac62d36b555f038399ae7d98990c29b4eb997681fb9b1f8d939567122cf4b,206,"{""app_users"": 124, ""store_customers"": 82}",2,worthless,Observed on 206 physical records; strict Rule 2 threshold is greater than 40.,trim only,206,21115
first_name,T***,ccd824cc30d277b5712fee3215eb63fc6a7efe19b93856df38281a6ec48827fd,206,"{""app_users"": 123, ""store_customers"": 83}",2,worthless,Observed on 206 physical records; strict Rule 2 threshold is greater than 40.,trim only,206,21115
last_name,S***,12fb1923131f2d2ed4644c1333dbb965b080f1b4eca3f6f1c992367e5178ad54,206,"{""app_users"": 113, ""store_customers"": 93}",2,worthless,Observed on 206 physical records; strict Rule 2 threshold is greater than 40.,trim only,206,21115
last_name,B***,1bb3f309e5e3e95ffb3c3080771b0417777ee0d076b5dcb9fdb36f02b39d49c4,206,"{""app_users"": 117, ""store_customers"": 89}",2,worthless,Observed on 206 physical records; strict Rule 2 threshold is greater than 40.,trim only,206,21115
last_name,K***,2213e8c61af4d147a80f6188110f01da2d4fc39e32bf0a4bf288a21e2daa42f8,206,"{""app_users"": 126, ""store_customers"": 80}",2,worthless,Observed on 206 physical records; strict Rule 2 threshold is greater than 40.,trim only,206,21115
last_name,L***,25bb5eea173b9327c07e58859e2cb2cdb102de6ebab83559b8e736fc1942225b,206,"{""app_users"": 130, ""store_customers"": 76}",2,worthless,Observed on 206 physical records; strict Rule 2 threshold is greater than 40.,trim only,206,21115
last_name,K***,46bbdf77272344a551b0c4e64ccfb2dff2ea1a699d5924e349e3e54fe4dcf6f8,206,"{""app_users"": 112, ""store_customers"": 94}",2,worthless,Observed on 206 physical records; strict Rule 2 threshold is greater than 40.,trim only,206,21115
last_name,K***,495f51b4d31671ecb14d05b5609b1f731943b9e01d1df3e0cb4265601751fbe0,206,"{""app_users"": 116, ""store_customers"": 90}",2,worthless,Observed on 206 physical records; strict Rule 2 threshold is greater than 40.,trim only,206,21115
last_name,C***,5890f10e302e0b5f1fca18749ff63d520e0beff96a7bea9e29fe7555026d2943,206,"{""app_users"": 127, ""store_customers"": 79}",2,worthless,Observed on 206 physical records; strict Rule 2 threshold is greater than 40.,trim only,206,21115
last_name,C***,5aaf52f5bd54544b62ac9cf2da445d95d179581cc39a9e3bd678b4f188af7911,206,"{""app_users"": 119, ""store_customers"": 87}",2,worthless,Observed on 206 physical records; strict Rule 2 threshold is greater than 40.,trim only,206,21115
last_name,Z***,6ffc9fe06b987d98b554350d72a778e852bc5fa3ab0d9d03c44af6ec60ad9610,206,"{""app_users"": 116, ""store_customers"": 90}",2,worthless,Observed on 206 physical records; strict Rule 2 threshold is greater than 40.,trim only,206,21115
last_name,C***,8f1c1ef4ed4d8c5a0aaf34f849ebf2f5811c99ae4c5ad97ef930f66cc276f230,206,"{""app_users"": 109, ""store_customers"": 97}",2,worthless,Observed on 206 physical records; strict Rule 2 threshold is greater than 40.,trim only,206,21115
last_name,Z***,ac4e99834b5372578f2b3297ad9e903a2909fc1699a9bebbe58f801e71c7584a,206,"{""app_users"": 109, ""store_customers"": 97}",2,worthless,Observed on 206 physical records; strict Rule 2 threshold is greater than 40.,trim only,206,21115
last_name,T***,b0d769b512d3878b2355539c2cfd224583f090e37bb0d022739e72272cfae7b1,206,"{""app_users"": 119, ""store_customers"": 87}",2,worthless,Observed on 206 physical records; strict Rule 2 threshold is greater than 40.,trim only,206,21115
last_name,S***,b0e7f4af586c6ee72cab943843cd5d7cd69ecbe6f698999b9777add4977bf223,206,"{""app_users"": 127, ""store_customers"": 79}",2,worthless,Observed on 206 physical records; strict Rule 2 threshold is greater than 40.,trim only,206,21115
last_name,Z***,b296746ce1f975081abc312127570fc2939961d5153a218f2f65c3ed2355f3a9,206,"{""app_users"": 116, ""store_customers"": 90}",2,worthless,Observed on 206 physical records; strict Rule 2 threshold is greater than 40.,trim only,206,21115
last_name,Q***,b94bfd3382aa3f5a83295034ae0683e699da14c5b76e03c8a0cee4471ab831a5,206,"{""app_users"": 127, ""store_customers"": 79}",2,worthless,Observed on 206 physical records; strict Rule 2 threshold is greater than 40.,trim only,206,21115
last_name,N***,c156fdbe2c106723375ad197e0cb604edd78724a8cab6cbcd5ce92e3603cc372,206,"{""app_users"": 129, ""store_customers"": 77}",2,worthless,Observed on 206 physical records; strict Rule 2 threshold is greater than 40.,trim only,206,21115
last_name,X***,c952609c186c04279c6c5caf7ac58ff13062c8043c651e14221298a9e59c6aae,206,"{""app_users"": 141, ""store_customers"": 65}",2,worthless,Observed on 206 physical records; strict Rule 2 threshold is greater than 40.,trim only,206,21115
last_name,S***,d12546981d8a5794c0c1a88750c2994b6326fb04eb2dc1aad367e8ef8034707f,206,"{""app_users"": 112, ""store_customers"": 94}",2,worthless,Observed on 206 physical records; strict Rule 2 threshold is greater than 40.,trim only,206,21115
last_name,V***,daf3820b0ac33964d821814512541714a70286b5fbaed175bb67f0352df1d118,206,"{""app_users"": 131, ""store_customers"": 75}",2,worthless,Observed on 206 physical records; strict Rule 2 threshold is greater than 40.,trim only,206,21115
last_name,D***,df0f9ccf88ce04eb728aa6c2fc1254443da0d7056c687782b1ef3ebcd536631b,206,"{""app_users"": 119, ""store_customers"": 87}",2,worthless,Observed on 206 physical records; strict Rule 2 threshold is greater than 40.,trim only,206,21115
last_name,S***,e31871db501d3de8349774b9c88b8f35cd7e247a5ce5e5c1021839b7f19a4b2c,206,"{""app_users"": 126, ""store_customers"": 80}",2,worthless,Observed on 206 physical records; strict Rule 2 threshold is greater than 40.,trim only,206,21115
last_name,P***,e7c89a91d4b3993deefc34b315bc59e3297eb5ab878606318fefe9bd5648d740,206,"{""app_users"": 120, ""store_customers"": 86}",2,worthless,Observed on 206 physical records; strict Rule 2 threshold is greater than 40.,trim only,206,21115
last_name,B***,ec1dfa359e7c1091f2bedf19fc378b86133c31983fc197668c57c9979654afc7,206,"{""app_users"": 118, ""store_customers"": 88}",2,worthless,Observed on 206 physical records; strict Rule 2 threshold is greater than 40.,trim only,206,21115
last_name,C***,f0b601be1e8c9962b57f3780ed3ecaf1686a816404f301d4c9b5f12a82069df1,206,"{""app_users"": 122, ""store_customers"": 84}",2,worthless,Observed on 206 physical records; strict Rule 2 threshold is greater than 40.,trim only,206,21115
last_name,P***,f6547cb33d10b03c8cfbcffe31378e24db3890e5e9ea0bda806a5eebd8898e2d,206,"{""app_users"": 120, ""store_customers"": 86}",2,worthless,Observed on 206 physical records; strict Rule 2 threshold is greater than 40.,trim only,206,21115
first_name,M***,1c23a248dcc1e4e6f66ec44bc95f8d5d91c3037fc537a078977004293da6c382,205,"{""app_users"": 121, ""store_customers"": 84}",2,worthless,Observed on 205 physical records; strict Rule 2 threshold is greater than 40.,trim only,205,20910
first_name,B***,200e66bbb3cca98ee899afdf72584f9b36891772bcdef5ad8adac0c10858b07b,205,"{""app_users"": 138, ""store_customers"": 67}",2,worthless,Observed on 205 physical records; strict Rule 2 threshold is greater than 40.,trim only,205,20910
first_name,X***,21e19c22024007a41a72f536b070d82638f1e09938463e8a13ec1760781711c7,205,"{""app_users"": 138, ""store_customers"": 67}",2,worthless,Observed on 205 physical records; strict Rule 2 threshold is greater than 40.,trim only,205,20910
first_name,F***,24c5a3116dbc0ee3588479b087c1849187233d3e08210a9d7799706e946b8bec,205,"{""app_users"": 129, ""store_customers"": 76}",2,worthless,Observed on 205 physical records; strict Rule 2 threshold is greater than 40.,trim only,205,20910
first_name,N***,274816abe6b73e8180ed13bbc7f851bdf0b9c9e934c38227f0e66040a8541fab,205,"{""app_users"": 123, ""store_customers"": 82}",2,worthless,Observed on 205 physical records; strict Rule 2 threshold is greater than 40.,trim only,205,20910
first_name,J***,3216f3ebd3a1e05f329058697cc6cce1112393c77dfe28449bb969d6700faaaf,205,"{""app_users"": 119, ""store_customers"": 86}",2,worthless,Observed on 205 physical records; strict Rule 2 threshold is greater than 40.,trim only,205,20910
first_name,C***,33e41f8ab3a8e753eb190df2798d1d970da8b4c51bcf5c3d14c6a47443c78e4b,205,"{""app_users"": 121, ""store_customers"": 84}",2,worthless,Observed on 205 physical records; strict Rule 2 threshold is greater than 40.,trim only,205,20910
first_name,B***,4eecf9b1f78822ba1de7daeb56935a2de07787cd0cf307458602fb450e43cd2a,205,"{""app_users"": 114, ""store_customers"": 91}",2,worthless,Observed on 205 physical records; strict Rule 2 threshold is greater than 40.,trim only,205,20910
first_name,F***,51c89a56103488d8d323ec6fbce738cc9b3e362c87155778a243d6692d2ae48f,205,"{""app_users"": 128, ""store_customers"": 77}",2,worthless,Observed on 205 physical records; strict Rule 2 threshold is greater than 40.,trim only,205,20910
first_name,C***,64fb3cd2a55973cddde79793eed4dd60b76ebf39bbe6866075c33cb3b1b69ae8,205,"{""app_users"": 110, ""store_customers"": 95}",2,worthless,Observed on 205 physical records; strict Rule 2 threshold is greater than 40.,trim only,205,20910
first_name,T***,676e5afe99e4c13813d2c83d8ab0a2c47e1252928a9fb94fc5945af48ad91aaf,205,"{""app_users"": 118, ""store_customers"": 87}",2,worthless,Observed on 205 physical records; strict Rule 2 threshold is greater than 40.,trim only,205,20910
first_name,L***,6de6f56e09db9fcf192558330d2a72725959b7c8706e13c95a11d1a4597a6f6b,205,"{""app_users"": 117, ""store_customers"": 88}",2,worthless,Observed on 205 physical records; strict Rule 2 threshold is greater than 40.,trim only,205,20910
first_name,G***,7388a8f567924e1ca8959e25d14c8ee9538b003208801f65de6c53b5a99279d0,205,"{""app_users"": 117, ""store_customers"": 88}",2,worthless,Observed on 205 physical records; strict Rule 2 threshold is greater than 40.,trim only,205,20910
first_name,X***,8cf61bd9a1712f3e22a6642d79321c6242932af8095bf7c98948b0d430063748,205,"{""app_users"": 134, ""store_customers"": 71}",2,worthless,Observed on 205 physical records; strict Rule 2 threshold is greater than 40.,trim only,205,20910
first_name,S***,8fe923f1ae64fbb979a94cef0c16a75024b7726f244d4256a5ff88bca3e918db,205,"{""app_users"": 130, ""store_customers"": 75}",2,worthless,Observed on 205 physical records; strict Rule 2 threshold is greater than 40.,trim only,205,20910
first_name,V***,906dd3567e2f8a0145dc59ecd8d5b49ecc8afd46f0b8cd6853ce90d4fdeaf189,205,"{""app_users"": 107, ""store_customers"": 98}",2,worthless,Observed on 205 physical records; strict Rule 2 threshold is greater than 40.,trim only,205,20910
first_name,C***,9560d6a7a08534b2ee4bcbc8ad68201b546cf4325dc22a76fc70bf90f5e09ac5,205,"{""app_users"": 121, ""store_customers"": 84}",2,worthless,Observed on 205 physical records; strict Rule 2 threshold is greater than 40.,trim only,205,20910
first_name,S***,b243a6cadfb582efad864b705c7121724fe6b692cca3edbad956999cd8614853,205,"{""app_users"": 111, ""store_customers"": 94}",2,worthless,Observed on 205 physical records; strict Rule 2 threshold is greater than 40.,trim only,205,20910
first_name,S***,b2f461c26157173c44a6f8a947ec90456f240fbad19dca804adef0f2f8b0a9ec,205,"{""app_users"": 116, ""store_customers"": 89}",2,worthless,Observed on 205 physical records; strict Rule 2 threshold is greater than 40.,trim only,205,20910
first_name,C***,b59434eaa8aa29db3618a17f928055608b7781f54a1d6ccd2928d014d91ff1a1,205,"{""app_users"": 129, ""store_customers"": 76}",2,worthless,Observed on 205 physical records; strict Rule 2 threshold is greater than 40.,trim only,205,20910
first_name,G***,b9ed252cd947051f6a879032a417f54add9de025f6d0fcacdc05977b26822a10,205,"{""app_users"": 120, ""store_customers"": 85}",2,worthless,Observed on 205 physical records; strict Rule 2 threshold is greater than 40.,trim only,205,20910
first_name,B***,bc0c1aeba4b65b45ca60f5b61ad0e0e1e76db907f12984dd24bb01a267b4cff3,205,"{""app_users"": 120, ""store_customers"": 85}",2,worthless,Observed on 205 physical records; strict Rule 2 threshold is greater than 40.,trim only,205,20910
first_name,R***,c6685ddcf37c5e989b34c9f5cae8f62c1de8a6c5e4a6119781009260bb69be2c,205,"{""app_users"": 108, ""store_customers"": 97}",2,worthless,Observed on 205 physical records; strict Rule 2 threshold is greater than 40.,trim only,205,20910
first_name,X***,d7771eb1ddde1ca20b30ee77c015b8d6f030929b6c25b1e05ed6534314893065,205,"{""app_users"": 135, ""store_customers"": 70}",2,worthless,Observed on 205 physical records; strict Rule 2 threshold is greater than 40.,trim only,205,20910
first_name,Z***,f265fab97181cfc626658283eaf26a66f040ef6c830ff84ace9f88cdccfb62ea,205,"{""app_users"": 125, ""store_customers"": 80}",2,worthless,Observed on 205 physical records; strict Rule 2 threshold is greater than 40.,trim only,205,20910
first_name,P***,fc96eed492609b4410a74427191c5308488c4ca4d85025c34c97242dc16ae51e,205,"{""app_users"": 112, ""store_customers"": 93}",2,worthless,Observed on 205 physical records; strict Rule 2 threshold is greater than 40.,trim only,205,20910
last_name,Q***,0dde348215e803643946840dd5de96892f960b33dbfa8a52a0cddbed5e8b8111,205,"{""app_users"": 116, ""store_customers"": 89}",2,worthless,Observed on 205 physical records; strict Rule 2 threshold is greater than 40.,trim only,205,20910
last_name,L***,1adc0801d299b3a6affe208cfa3f779095c7a7ae80cd71739700644916e9d3c0,205,"{""app_users"": 127, ""store_customers"": 78}",2,worthless,Observed on 205 physical records; strict Rule 2 threshold is greater than 40.,trim only,205,20910
last_name,S***,2794c729f96977e57965951c0e54b16f2adbd1ded518bda9130e2347d63e57e4,205,"{""app_users"": 125, ""store_customers"": 80}",2,worthless,Observed on 205 physical records; strict Rule 2 threshold is greater than 40.,trim only,205,20910
last_name,G***,28c3bdffe55b8cc15b17bdc106285d646eb73532d7e81bd2f2d335873ff9b158,205,"{""app_users"": 132, ""store_customers"": 73}",2,worthless,Observed on 205 physical records; strict Rule 2 threshold is greater than 40.,trim only,205,20910
last_name,Z***,2ec1770aad85b908cdcd7dbf0e8bc1649f9e1de1e4d992b5e35c8b5076f3b5e0,205,"{""app_users"": 110, ""store_customers"": 95}",2,worthless,Observed on 205 physical records; strict Rule 2 threshold is greater than 40.,trim only,205,20910
last_name,Z***,3cea2ba818e2c5a4d8048ae0d4f9bc78dc6279d996e7d3d10d1e0a12cc2249b1,205,"{""app_users"": 119, ""store_customers"": 86}",2,worthless,Observed on 205 physical records; strict Rule 2 threshold is greater than 40.,trim only,205,20910
last_name,K***,451c7f50fd0f30a6474904c7d90254ff288e34ed2d4810eca9b7752f61bc739b,205,"{""app_users"": 121, ""store_customers"": 84}",2,worthless,Observed on 205 physical records; strict Rule 2 threshold is greater than 40.,trim only,205,20910
last_name,Z***,4693c52973cde1806c0c5111eff39e8770d2c6b232098e1ae59db335fea362dc,205,"{""app_users"": 113, ""store_customers"": 92}",2,worthless,Observed on 205 physical records; strict Rule 2 threshold is greater than 40.,trim only,205,20910
last_name,S***,624f0bd2c4309d249c1acedec244920ea36dcf1bf5ace607fddd8391a3e27c79,205,"{""app_users"": 117, ""store_customers"": 88}",2,worthless,Observed on 205 physical records; strict Rule 2 threshold is greater than 40.,trim only,205,20910
last_name,Q***,8e3ac6c974bd7988aaedfb0720cf4ef60624cf432928a432925cd7238314c825,205,"{""app_users"": 120, ""store_customers"": 85}",2,worthless,Observed on 205 physical records; strict Rule 2 threshold is greater than 40.,trim only,205,20910
last_name,N***,8e742fa8c900d0f8df4a0f4ba9d4b9017b3383cf2bae4f21a6dec25532d4028e,205,"{""app_users"": 117, ""store_customers"": 88}",2,worthless,Observed on 205 physical records; strict Rule 2 threshold is greater than 40.,trim only,205,20910
last_name,B***,8f9463d8c86d5d9f28d930cd6d35ecbd56c03d8f87ac8cad10f32b2b2c97bcce,205,"{""app_users"": 122, ""store_customers"": 83}",2,worthless,Observed on 205 physical records; strict Rule 2 threshold is greater than 40.,trim only,205,20910
last_name,K***,92c78fcbb36fa87ee6a51337593339f1dd6b1b0517363dbeeca58e8c1d6b4b32,205,"{""app_users"": 132, ""store_customers"": 73}",2,worthless,Observed on 205 physical records; strict Rule 2 threshold is greater than 40.,trim only,205,20910
last_name,P***,a44b852986cca2ae95ec90fe4164de6c3a96538c31f3d40daa5b8878e962e808,205,"{""app_users"": 122, ""store_customers"": 83}",2,worthless,Observed on 205 physical records; strict Rule 2 threshold is greater than 40.,trim only,205,20910
last_name,B***,aca6e25bd434c6818fff5de2e2fe782b4520d250898ab11e3007ceb0c5ce3cba,205,"{""app_users"": 115, ""store_customers"": 90}",2,worthless,Observed on 205 physical records; strict Rule 2 threshold is greater than 40.,trim only,205,20910
last_name,T***,b38e156f706757558e7c812e8d09c65a825f3e477d2f799f98310982b58aef42,205,"{""app_users"": 118, ""store_customers"": 87}",2,worthless,Observed on 205 physical records; strict Rule 2 threshold is greater than 40.,trim only,205,20910
last_name,R***,c46b281a7f333654207d105a4c5590162f8d7f4e74cfbce39db849b6a1827ade,205,"{""app_users"": 122, ""store_customers"": 83}",2,worthless,Observed on 205 physical records; strict Rule 2 threshold is greater than 40.,trim only,205,20910
last_name,V***,c8ea56c5d79d41b5a2c4f1a8692e9209e18c12391463ec20a076a9ab412f68af,205,"{""app_users"": 122, ""store_customers"": 83}",2,worthless,Observed on 205 physical records; strict Rule 2 threshold is greater than 40.,trim only,205,20910
first_name,C***,0720b127532fad572993fb6fb66271da51a32175dcaab3c491ad397fb7336ea8,204,"{""app_users"": 128, ""store_customers"": 76}",2,worthless,Observed on 204 physical records; strict Rule 2 threshold is greater than 40.,trim only,204,20706
first_name,P***,148404b1bcc1b974d0e2d5c1b4ca4232155f7f4af3177618ec5d616c9c1586b5,204,"{""app_users"": 108, ""store_customers"": 96}",2,worthless,Observed on 204 physical records; strict Rule 2 threshold is greater than 40.,trim only,204,20706
first_name,T***,150006a9113322337a542fa51c588d85fafea90b14a9504529136496d88082ed,204,"{""app_users"": 101, ""store_customers"": 103}",2,worthless,Observed on 204 physical records; strict Rule 2 threshold is greater than 40.,trim only,204,20706
first_name,J***,2bf8163e7a5f3bf310402cabd44dc95b682221fccef69cde789fab40daf75d28,204,"{""app_users"": 117, ""store_customers"": 87}",2,worthless,Observed on 204 physical records; strict Rule 2 threshold is greater than 40.,trim only,204,20706
first_name,P***,2e57bf53674f5a61a60ce1105ee86fb1cc3e4827fa77b46a8d1fb3747e099c33,204,"{""app_users"": 127, ""store_customers"": 77}",2,worthless,Observed on 204 physical records; strict Rule 2 threshold is greater than 40.,trim only,204,20706
first_name,P***,3677afa4dcf33a700a9f1dbb9352886603edea41b08c5ce12692de78ae878354,204,"{""app_users"": 127, ""store_customers"": 77}",2,worthless,Observed on 204 physical records; strict Rule 2 threshold is greater than 40.,trim only,204,20706
first_name,P***,36c3eadbe654a0954132196af55849ad3d74cf25a3558cb2df61f1e63f91fb74,204,"{""app_users"": 127, ""store_customers"": 77}",2,worthless,Observed on 204 physical records; strict Rule 2 threshold is greater than 40.,trim only,204,20706
first_name,C***,3936e714ddac56ccd2d30da073ba025a5c3fbbab94983e5ed56e0f79ae17850b,204,"{""app_users"": 118, ""store_customers"": 86}",2,worthless,Observed on 204 physical records; strict Rule 2 threshold is greater than 40.,trim only,204,20706
first_name,V***,4427b11fc65040dd8698207f0fb6d7ebf1ff8c532505a53274d6aa680bbe118c,204,"{""app_users"": 114, ""store_customers"": 90}",2,worthless,Observed on 204 physical records; strict Rule 2 threshold is greater than 40.,trim only,204,20706
first_name,J***,4ee4a72a8fa2ac911733066ea111beaa0c86c27f7ae3fb347995de6c4ef47434,204,"{""app_users"": 121, ""store_customers"": 83}",2,worthless,Observed on 204 physical records; strict Rule 2 threshold is greater than 40.,trim only,204,20706
first_name,M***,524ccb60b05e56028dd20f5d841fb61bdbce531e57cca73b939bb1820594218d,204,"{""app_users"": 118, ""store_customers"": 86}",2,worthless,Observed on 204 physical records; strict Rule 2 threshold is greater than 40.,trim only,204,20706
first_name,T***,5791c514b1c7107e6d28e985356f7c556d311fd89382966b1294ca6998fb5df1,204,"{""app_users"": 117, ""store_customers"": 87}",2,worthless,Observed on 204 physical records; strict Rule 2 threshold is greater than 40.,trim only,204,20706
first_name,P***,6089dd1bfc2ef6318c6719a1fdd2f233fe8c03d025689eeb8a73be71350c85f6,204,"{""app_users"": 122, ""store_customers"": 82}",2,worthless,Observed on 204 physical records; strict Rule 2 threshold is greater than 40.,trim only,204,20706
first_name,P***,61149c93dc9e85a665e42e6c8cb466e72047d7b314116e50eb0afb4fd592c56d,204,"{""app_users"": 114, ""store_customers"": 90}",2,worthless,Observed on 204 physical records; strict Rule 2 threshold is greater than 40.,trim only,204,20706
first_name,L***,63176cb32a233f01908180a50d121a5dd32716101196be921145d2e21eef67fb,204,"{""app_users"": 113, ""store_customers"": 91}",2,worthless,Observed on 204 physical records; strict Rule 2 threshold is greater than 40.,trim only,204,20706
first_name,Z***,670fb7068934ec5b71e6ba510b87ff2ca15b83cd7a41e20a959734393d415db2,204,"{""app_users"": 120, ""store_customers"": 84}",2,worthless,Observed on 204 physical records; strict Rule 2 threshold is greater than 40.,trim only,204,20706
first_name,B***,6a22592c5f400792ea444e6c0a5c3efd4dc5276fd557f98e0319d15f08958352,204,"{""app_users"": 111, ""store_customers"": 93}",2,worthless,Observed on 204 physical records; strict Rule 2 threshold is greater than 40.,trim only,204,20706
first_name,P***,6f8396916a2bf9fe1c42031ac92603a97d0089b427ed7eff1b535cc303a8d079,204,"{""app_users"": 111, ""store_customers"": 93}",2,worthless,Observed on 204 physical records; strict Rule 2 threshold is greater than 40.,trim only,204,20706
first_name,G***,85f703be65e20799e8577d4ef875a12e1ae995580841cd8cbcd07d21956f7305,204,"{""app_users"": 124, ""store_customers"": 80}",2,worthless,Observed on 204 physical records; strict Rule 2 threshold is greater than 40.,trim only,204,20706
first_name,S***,886db30c9f1f931471a922f4181dce209e409509b9563a36693cf86e106412cd,204,"{""app_users"": 114, ""store_customers"": 90}",2,worthless,Observed on 204 physical records; strict Rule 2 threshold is greater than 40.,trim only,204,20706
first_name,L***,9bbe852a21a285bfb44cf97169068547f67509295889d44bf8dffa107f812f5e,204,"{""app_users"": 124, ""store_customers"": 80}",2,worthless,Observed on 204 physical records; strict Rule 2 threshold is greater than 40.,trim only,204,20706
first_name,L***,bf8e333a13801a53177b4aef67d238b8e98d106478e8f7ae5c7a312c1ee7b078,204,"{""app_users"": 120, ""store_customers"": 84}",2,worthless,Observed on 204 physical records; strict Rule 2 threshold is greater than 40.,trim only,204,20706
first_name,L***,c103952753b55b125081d0341cbd8399b472fed800c759376226d1d0e7308cf4,204,"{""app_users"": 142, ""store_customers"": 62}",2,worthless,Observed on 204 physical records; strict Rule 2 threshold is greater than 40.,trim only,204,20706
first_name,F***,c6f3be711d822f5897d4d98d74f185b5681ca21d8f12b1e67e15bb392dec4e99,204,"{""app_users"": 113, ""store_customers"": 91}",2,worthless,Observed on 204 physical records; strict Rule 2 threshold is greater than 40.,trim only,204,20706
first_name,Y***,ca67bfc3d580b0a55170166300724dd3da64cb42a9e4a11521277240432b4a04,204,"{""app_users"": 119, ""store_customers"": 85}",2,worthless,Observed on 204 physical records; strict Rule 2 threshold is greater than 40.,trim only,204,20706
first_name,V***,cda027571dd8d6b6d3a575e9f857ddfb5be472fbeb16410ad7f6a7b86c4a6f95,204,"{""app_users"": 110, ""store_customers"": 94}",2,worthless,Observed on 204 physical records; strict Rule 2 threshold is greater than 40.,trim only,204,20706
first_name,C***,de0ac5408549736cd0b492d10253bfe7255bff61f4ac16db23a05da0b62fe437,204,"{""app_users"": 119, ""store_customers"": 85}",2,worthless,Observed on 204 physical records; strict Rule 2 threshold is greater than 40.,trim only,204,20706
first_name,Q***,ee87f9822f4b32b94b092decb010b67d451ae300d2b4c7bbb462f9383744c744,204,"{""app_users"": 120, ""store_customers"": 84}",2,worthless,Observed on 204 physical records; strict Rule 2 threshold is greater than 40.,trim only,204,20706
last_name,B***,027618912008ec6d89386789ea3f61472f4ac5b5cbe1d989b9e651a012549574,204,"{""app_users"": 128, ""store_customers"": 76}",2,worthless,Observed on 204 physical records; strict Rule 2 threshold is greater than 40.,trim only,204,20706
last_name,C***,18aa9f0fe6f52e94fe01196e6036cd05c7b29a7af4279f4d400f904af5432996,204,"{""app_users"": 118, ""store_customers"": 86}",2,worthless,Observed on 204 physical records; strict Rule 2 threshold is greater than 40.,trim only,204,20706
last_name,S***,29373c845a179213ae68abd6e841cc2d89d5cde85c2023c77df85bae7cf42348,204,"{""app_users"": 122, ""store_customers"": 82}",2,worthless,Observed on 204 physical records; strict Rule 2 threshold is greater than 40.,trim only,204,20706
last_name,B***,2e908480b1f468fc0dc65d86ce4b603eba1882fea740d22ddfd2dd60ad136a37,204,"{""app_users"": 107, ""store_customers"": 97}",2,worthless,Observed on 204 physical records; strict Rule 2 threshold is greater than 40.,trim only,204,20706
last_name,P***,3181c4a118ae2938bb7de13798dcbc4826ae016d8d71cd26191989c13f8987c2,204,"{""app_users"": 128, ""store_customers"": 76}",2,worthless,Observed on 204 physical records; strict Rule 2 threshold is greater than 40.,trim only,204,20706
last_name,S***,3558c4309ce5c5f7212f894380aa761fb6af58822dd70e48e8f8478182e3626b,204,"{""app_users"": 108, ""store_customers"": 96}",2,worthless,Observed on 204 physical records; strict Rule 2 threshold is greater than 40.,trim only,204,20706
last_name,N***,463dd71c32c4a4613e6457b0a8771fdb0d402342740018f29fd1c9ba7e9ef6ef,204,"{""app_users"": 119, ""store_customers"": 85}",2,worthless,Observed on 204 physical records; strict Rule 2 threshold is greater than 40.,trim only,204,20706
last_name,S***,464a3efc75de3308a42d98f7466df5881690455abbf0a027d99cc8719cfe7225,204,"{""app_users"": 119, ""store_customers"": 85}",2,worthless,Observed on 204 physical records; strict Rule 2 threshold is greater than 40.,trim only,204,20706
last_name,V***,5dd5378b7f283bd7134c04c403a83bb3644504bf0fabc1118efdbed9df9ed8a4,204,"{""app_users"": 123, ""store_customers"": 81}",2,worthless,Observed on 204 physical records; strict Rule 2 threshold is greater than 40.,trim only,204,20706
last_name,Y***,65c1a8a080bdc4d24bfae8528d6480266b4e5fd618851477e18d3ea782d467ad,204,"{""app_users"": 119, ""store_customers"": 85}",2,worthless,Observed on 204 physical records; strict Rule 2 threshold is greater than 40.,trim only,204,20706
last_name,J***,7da2ee995205aa57d25e8da1a4c16c8ed12450ff0c1d7f7a5aa4fd4142562cf3,204,"{""app_users"": 123, ""store_customers"": 81}",2,worthless,Observed on 204 physical records; strict Rule 2 threshold is greater than 40.,trim only,204,20706
last_name,L***,88e678599062a0a918445b07a6a7e5450c664ceee963c8c7c6d9142774b532f9,204,"{""app_users"": 113, ""store_customers"": 91}",2,worthless,Observed on 204 physical records; strict Rule 2 threshold is greater than 40.,trim only,204,20706
last_name,Z***,96e41ccefd1de7b349009d53777ce2662d19d79f0bc79c030a5468a9fce58dde,204,"{""app_users"": 134, ""store_customers"": 70}",2,worthless,Observed on 204 physical records; strict Rule 2 threshold is greater than 40.,trim only,204,20706
last_name,N***,98a839b22b8241d6a96275740c06e5306e440b27be59b70d8f458c67fe48fa76,204,"{""app_users"": 114, ""store_customers"": 90}",2,worthless,Observed on 204 physical records; strict Rule 2 threshold is greater than 40.,trim only,204,20706
last_name,B***,9a735fe4067bf3e386be2a1bdadd70167e9cee640408866f9d14137d81b136d7,204,"{""app_users"": 130, ""store_customers"": 74}",2,worthless,Observed on 204 physical records; strict Rule 2 threshold is greater than 40.,trim only,204,20706
last_name,N***,9bc21f4b24dd6e6b49ef8ee0d72f25df11e0d5b2e7a94aadce90cf1a55408064,204,"{""app_users"": 119, ""store_customers"": 85}",2,worthless,Observed on 204 physical records; strict Rule 2 threshold is greater than 40.,trim only,204,20706
last_name,N***,a78e35b9b40fa44e9d9873dd8705b55f1018fbf14f6c4713d5b5f85e9629371e,204,"{""app_users"": 119, ""store_customers"": 85}",2,worthless,Observed on 204 physical records; strict Rule 2 threshold is greater than 40.,trim only,204,20706
last_name,P***,c0ef26b9a0863d0f633702a08c35f8491c8f001f0b1ea19baabe798d3a6e3ded,204,"{""app_users"": 114, ""store_customers"": 90}",2,worthless,Observed on 204 physical records; strict Rule 2 threshold is greater than 40.,trim only,204,20706
last_name,Q***,d6a10fccaef15c7278d35f10d9ac3924d5fa0a2307bff940dc941e67afc7aed4,204,"{""app_users"": 102, ""store_customers"": 102}",2,worthless,Observed on 204 physical records; strict Rule 2 threshold is greater than 40.,trim only,204,20706
last_name,J***,dd0ee79c71dc6ec190d65799ce2c0ff0327fcbe88acb8bf34678d4e8f7348060,204,"{""app_users"": 121, ""store_customers"": 83}",2,worthless,Observed on 204 physical records; strict Rule 2 threshold is greater than 40.,trim only,204,20706
last_name,G***,e99c0877250b9cc4981ae028b85d31ca2ebfa53540ee26f8c5245c6053f283e6,204,"{""app_users"": 126, ""store_customers"": 78}",2,worthless,Observed on 204 physical records; strict Rule 2 threshold is greater than 40.,trim only,204,20706
first_name,J***,02996feeb892e6ba5da2430e6b845373eea7f125398af933595a552ea2a643ff,203,"{""app_users"": 120, ""store_customers"": 83}",2,worthless,Observed on 203 physical records; strict Rule 2 threshold is greater than 40.,trim only,203,20503
first_name,G***,10381c716dbe1a429c1b672a855c81b574ee2e3694643fa0fe414c71fa79797f,203,"{""app_users"": 114, ""store_customers"": 89}",2,worthless,Observed on 203 physical records; strict Rule 2 threshold is greater than 40.,trim only,203,20503
first_name,B***,44b377f07effc19f215a4ebc34e53676c9ae895b535ac54bcc9feacb1ba64089,203,"{""app_users"": 122, ""store_customers"": 81}",2,worthless,Observed on 203 physical records; strict Rule 2 threshold is greater than 40.,trim only,203,20503
first_name,D***,498b90b2da663c7027c9547c5eb98ca45888ad679698cc29cd4f81ea8a8636b2,203,"{""app_users"": 127, ""store_customers"": 76}",2,worthless,Observed on 203 physical records; strict Rule 2 threshold is greater than 40.,trim only,203,20503
first_name,N***,4abfd14e4c37b857cf854d2743e270221a1e3f10e079f8492c4b5a282f3d5384,203,"{""app_users"": 125, ""store_customers"": 78}",2,worthless,Observed on 203 physical records; strict Rule 2 threshold is greater than 40.,trim only,203,20503
first_name,N***,7014a60c11f3eaed19325903280b33ae3abad7fe3713420f552c3b5ad53177fb,203,"{""app_users"": 119, ""store_customers"": 84}",2,worthless,Observed on 203 physical records; strict Rule 2 threshold is greater than 40.,trim only,203,20503
first_name,G***,73da7225906d8d8089716baf67870a0aa496a5e9b0b9620f0a16e7dcdf78ef40,203,"{""app_users"": 120, ""store_customers"": 83}",2,worthless,Observed on 203 physical records; strict Rule 2 threshold is greater than 40.,trim only,203,20503
first_name,F***,79880fd0b7f120cdd1ab4625e58fe6bbdf1aa298e11483a4a9b0eb7e95712e71,203,"{""app_users"": 123, ""store_customers"": 80}",2,worthless,Observed on 203 physical records; strict Rule 2 threshold is greater than 40.,trim only,203,20503
first_name,C***,8103285929104c9b95d557598eab736892cd3fb13f89b223e0f05a99679d1456,203,"{""app_users"": 108, ""store_customers"": 95}",2,worthless,Observed on 203 physical records; strict Rule 2 threshold is greater than 40.,trim only,203,20503
first_name,Z***,90a78d039c15fc42cd1887e9a9e88ee9ab29b5bdc426547ffdf467a886b70e46,203,"{""app_users"": 130, ""store_customers"": 73}",2,worthless,Observed on 203 physical records; strict Rule 2 threshold is greater than 40.,trim only,203,20503
first_name,S***,abe5bac156caa313f37730131bf6584b905c7b3c9f55ac639a4b8ba1e5184b76,203,"{""app_users"": 128, ""store_customers"": 75}",2,worthless,Observed on 203 physical records; strict Rule 2 threshold is greater than 40.,trim only,203,20503
first_name,Z***,ac5ed6e347813409cf647f4996dcddc91ea018ecb8704e2c013656e35b2e6614,203,"{""app_users"": 128, ""store_customers"": 75}",2,worthless,Observed on 203 physical records; strict Rule 2 threshold is greater than 40.,trim only,203,20503
first_name,J***,b749f0a1e750ebed8d40079d60b1418cb2e99a5af5fae04ae0307b3bd046dd74,203,"{""app_users"": 109, ""store_customers"": 94}",2,worthless,Observed on 203 physical records; strict Rule 2 threshold is greater than 40.,trim only,203,20503
first_name,S***,bfbbd51e026910669eb07b7c405531432727ac55281c69b5dbac1c15a5a6c4a0,203,"{""app_users"": 131, ""store_customers"": 72}",2,worthless,Observed on 203 physical records; strict Rule 2 threshold is greater than 40.,trim only,203,20503
first_name,G***,d6474d03fc7532ada2b4302e0bd5d758afe4269dc04e4d86cf28e6e8478ea458,203,"{""app_users"": 114, ""store_customers"": 89}",2,worthless,Observed on 203 physical records; strict Rule 2 threshold is greater than 40.,trim only,203,20503
first_name,P***,e90e7bf2a04a9b43bf9f1878a191d7ee9ec958a796ad37dd32f05b9923b858ef,203,"{""app_users"": 117, ""store_customers"": 86}",2,worthless,Observed on 203 physical records; strict Rule 2 threshold is greater than 40.,trim only,203,20503
first_name,J***,f4850037744c8f31c00c76384f61cb683d1b1c713f5b62d0c477d24ace33ac47,203,"{""app_users"": 118, ""store_customers"": 85}",2,worthless,Observed on 203 physical records; strict Rule 2 threshold is greater than 40.,trim only,203,20503
first_name,G***,f4eab8ff9c24ff82958edc36921ec467c78f49661d8eaacb000e108a284b0b06,203,"{""app_users"": 114, ""store_customers"": 89}",2,worthless,Observed on 203 physical records; strict Rule 2 threshold is greater than 40.,trim only,203,20503
first_name,M***,fe0cb5aaabdaac2ae4f41b5ef3f94cfce6cbb43dae083c343cc28a54ddf7e38d,203,"{""app_users"": 118, ""store_customers"": 85}",2,worthless,Observed on 203 physical records; strict Rule 2 threshold is greater than 40.,trim only,203,20503
last_name,P***,069f8fb0e966863e1ff6b0950a9bf625b554da1f531710d608f484c2e08ecbcc,203,"{""app_users"": 121, ""store_customers"": 82}",2,worthless,Observed on 203 physical records; strict Rule 2 threshold is greater than 40.,trim only,203,20503
last_name,D***,06c701ce81015612af1c7015b14d613a2c663e7ea543a9bde9d70a5b8a707286,203,"{""app_users"": 125, ""store_customers"": 78}",2,worthless,Observed on 203 physical records; strict Rule 2 threshold is greater than 40.,trim only,203,20503
last_name,C***,118707f36fd3de7e90ca544037351d77bd8fd6c72d22b8696594cc1c5c8d6e27,203,"{""app_users"": 122, ""store_customers"": 81}",2,worthless,Observed on 203 physical records; strict Rule 2 threshold is greater than 40.,trim only,203,20503
last_name,T***,1f444bcce8a3097d7a8f415e65527545b11cd76653147b60ee6d2b62fa32be13,203,"{""app_users"": 114, ""store_customers"": 89}",2,worthless,Observed on 203 physical records; strict Rule 2 threshold is greater than 40.,trim only,203,20503
last_name,J***,20ba12b39025acfff0d2e4e805753dadbcb5d7197cf9b791b15c4df4da705f1f,203,"{""app_users"": 106, ""store_customers"": 97}",2,worthless,Observed on 203 physical records; strict Rule 2 threshold is greater than 40.,trim only,203,20503
last_name,W***,20fb62d3003ef448d3e69a380b418dfae9bd82360238918a704b556433ab0f3b,203,"{""app_users"": 116, ""store_customers"": 87}",2,worthless,Observed on 203 physical records; strict Rule 2 threshold is greater than 40.,trim only,203,20503
last_name,P***,2f3159f025948366ac52745c4977e2d973b405b354864731f790a35908443fb0,203,"{""app_users"": 123, ""store_customers"": 80}",2,worthless,Observed on 203 physical records; strict Rule 2 threshold is greater than 40.,trim only,203,20503
last_name,S***,3285f1ae674732b55782ae6febc623b8561279375309e8799fff65cf75c818e4,203,"{""app_users"": 130, ""store_customers"": 73}",2,worthless,Observed on 203 physical records; strict Rule 2 threshold is greater than 40.,trim only,203,20503
last_name,B***,3b6ccc6c04144ec432ea87580910187244c0f37207c0aeb0c748ddffa634f600,203,"{""app_users"": 125, ""store_customers"": 78}",2,worthless,Observed on 203 physical records; strict Rule 2 threshold is greater than 40.,trim only,203,20503
last_name,S***,42596e43cad4077216c7c0affc7af88cd9c74b95432e2b02945788de99e7c7ba,203,"{""app_users"": 110, ""store_customers"": 93}",2,worthless,Observed on 203 physical records; strict Rule 2 threshold is greater than 40.,trim only,203,20503
last_name,W***,4d3f3ffbcea84401bbe27a4e3c6092e660e8a63b6afd709e3edfbdae1fdc72a9,203,"{""app_users"": 110, ""store_customers"": 93}",2,worthless,Observed on 203 physical records; strict Rule 2 threshold is greater than 40.,trim only,203,20503
last_name,P***,514a371d358f3357c107f3d9906aa633fa04c562ae6894eb7ebaca568f09e2b7,203,"{""app_users"": 120, ""store_customers"": 83}",2,worthless,Observed on 203 physical records; strict Rule 2 threshold is greater than 40.,trim only,203,20503
last_name,P***,5c04acbc5ec385664398360b5d10ea8bf4dfb7907109ae87e19740d2fcab5a65,203,"{""app_users"": 122, ""store_customers"": 81}",2,worthless,Observed on 203 physical records; strict Rule 2 threshold is greater than 40.,trim only,203,20503
last_name,P***,64434945f7bfa7e00e8956059bd7364233bf14515b194068b942d9bd5a1c8cda,203,"{""app_users"": 111, ""store_customers"": 92}",2,worthless,Observed on 203 physical records; strict Rule 2 threshold is greater than 40.,trim only,203,20503
last_name,L***,6d11fbc4bbb5ce395dc591d9c917910279df2bdad76c01a7e7862090f7053883,203,"{""app_users"": 118, ""store_customers"": 85}",2,worthless,Observed on 203 physical records; strict Rule 2 threshold is greater than 40.,trim only,203,20503
last_name,Y***,747946513842577f6b9a9be065685c708ec57195f8f55ef589b212ce15c63b57,203,"{""app_users"": 126, ""store_customers"": 77}",2,worthless,Observed on 203 physical records; strict Rule 2 threshold is greater than 40.,trim only,203,20503
last_name,B***,7f27a432e8aa219cae85904d2f87146a976465a26749e1c49fb17c35cca4db24,203,"{""app_users"": 124, ""store_customers"": 79}",2,worthless,Observed on 203 physical records; strict Rule 2 threshold is greater than 40.,trim only,203,20503
last_name,L***,859fe8f08de25173ede9535d8308305bf05d3311b918228dcaae9ce294426a78,203,"{""app_users"": 114, ""store_customers"": 89}",2,worthless,Observed on 203 physical records; strict Rule 2 threshold is greater than 40.,trim only,203,20503
last_name,C***,9acc08ae8a0a16193baff58db7bda45388c9cba5d58fc198943df211df6099ae,203,"{""app_users"": 116, ""store_customers"": 87}",2,worthless,Observed on 203 physical records; strict Rule 2 threshold is greater than 40.,trim only,203,20503
last_name,V***,9efb5afce00293c723afabcef003972c440f18b16d36c49d1520c1ecddf57f79,203,"{""app_users"": 106, ""store_customers"": 97}",2,worthless,Observed on 203 physical records; strict Rule 2 threshold is greater than 40.,trim only,203,20503
last_name,G***,a8db75bd0b2bcf0cc25cec48752e6a251f6353cd6ace21932c459fabca21a170,203,"{""app_users"": 127, ""store_customers"": 76}",2,worthless,Observed on 203 physical records; strict Rule 2 threshold is greater than 40.,trim only,203,20503
last_name,P***,b60aa4dc0a54feb03dc08d1789d5dbef56f8a6e1270d759840209e5c089e995d,203,"{""app_users"": 123, ""store_customers"": 80}",2,worthless,Observed on 203 physical records; strict Rule 2 threshold is greater than 40.,trim only,203,20503
last_name,C***,be18bc2c8b747bf227157727361b10450e33405d4932783d2d86587002e1e1c3,203,"{""app_users"": 125, ""store_customers"": 78}",2,worthless,Observed on 203 physical records; strict Rule 2 threshold is greater than 40.,trim only,203,20503
last_name,C***,d1dfcf6769bd9ceedbd1138ef9c372abc9addb81022a5dfce8e3897d74ef34b3,203,"{""app_users"": 114, ""store_customers"": 89}",2,worthless,Observed on 203 physical records; strict Rule 2 threshold is greater than 40.,trim only,203,20503
last_name,S***,e23890753e03429c48d0d0a60b0a73f9adc5c902f92818a92700572d9c6f1b96,203,"{""app_users"": 112, ""store_customers"": 91}",2,worthless,Observed on 203 physical records; strict Rule 2 threshold is greater than 40.,trim only,203,20503
first_name,P***,2c81abb0fc332768fb7e0d3782159f7e3221bd75469138e9a96b6b607f317d64,202,"{""app_users"": 109, ""store_customers"": 93}",2,worthless,Observed on 202 physical records; strict Rule 2 threshold is greater than 40.,trim only,202,20301
first_name,J***,2ef9ed4f347d46a80df10b6d3fbf63db220c71ee23dba182cb8a2b4b5d1140f4,202,"{""app_users"": 121, ""store_customers"": 81}",2,worthless,Observed on 202 physical records; strict Rule 2 threshold is greater than 40.,trim only,202,20301
first_name,Z***,31cef06d8660147878220315c4aa8fd3737c1366127d30e840e76f1e3a343f6b,202,"{""app_users"": 117, ""store_customers"": 85}",2,worthless,Observed on 202 physical records; strict Rule 2 threshold is greater than 40.,trim only,202,20301
first_name,N***,3e16ace16b7a392936006303bf82ab359e71be40790fc60b7d25596242bfc66e,202,"{""app_users"": 116, ""store_customers"": 86}",2,worthless,Observed on 202 physical records; strict Rule 2 threshold is greater than 40.,trim only,202,20301
first_name,C***,3f5bc65ee66567881a042ff840639a2477db8d539d55b7bd05c3bf63ce73cf81,202,"{""app_users"": 118, ""store_customers"": 84}",2,worthless,Observed on 202 physical records; strict Rule 2 threshold is greater than 40.,trim only,202,20301
first_name,T***,4404670cb0eccf0a3c70956e08e1248a16457e25f1b71b5a91a51926c85eec33,202,"{""app_users"": 119, ""store_customers"": 83}",2,worthless,Observed on 202 physical records; strict Rule 2 threshold is greater than 40.,trim only,202,20301
first_name,Y***,46d080969e9aa5cb2f04fa3dd11dd24d7634881fc662d93905e6c8c83039c6f2,202,"{""app_users"": 124, ""store_customers"": 78}",2,worthless,Observed on 202 physical records; strict Rule 2 threshold is greater than 40.,trim only,202,20301
first_name,C***,591e31ec1c49358f5205f748dff19bc080b1e4f8a1c24f0d60b7bd315f1b4514,202,"{""app_users"": 121, ""store_customers"": 81}",2,worthless,Observed on 202 physical records; strict Rule 2 threshold is greater than 40.,trim only,202,20301
first_name,D***,5c79d3c20ddde61b8b6b803c727f5f91da00a63dbd97137a1ac194846b7665bc,202,"{""app_users"": 118, ""store_customers"": 84}",2,worthless,Observed on 202 physical records; strict Rule 2 threshold is greater than 40.,trim only,202,20301
first_name,Z***,5da39b128b45a7907e3cca0e584326075e7274d643e1b8d7034b480c5f3c8bb0,202,"{""app_users"": 124, ""store_customers"": 78}",2,worthless,Observed on 202 physical records; strict Rule 2 threshold is greater than 40.,trim only,202,20301
first_name,X***,688c157ee227bbf67ed8fc8cb6c283b42ca74f5b2136fbca1dd1214d5095b825,202,"{""app_users"": 115, ""store_customers"": 87}",2,worthless,Observed on 202 physical records; strict Rule 2 threshold is greater than 40.,trim only,202,20301
first_name,P***,6a98d3ec9c948b88efb963202872c5be482f1feb83774580aeb4b3ce8e748658,202,"{""app_users"": 111, ""store_customers"": 91}",2,worthless,Observed on 202 physical records; strict Rule 2 threshold is greater than 40.,trim only,202,20301
first_name,S***,6c05e55d6993c70ff18eceb64af492ce25f9d0e2db716f44d31707d75069b071,202,"{""app_users"": 118, ""store_customers"": 84}",2,worthless,Observed on 202 physical records; strict Rule 2 threshold is greater than 40.,trim only,202,20301
first_name,L***,6d1cf0bf4e1bc1ddce5d202049de3e7eac3944171a2d7a9ab4b9271437a1f7a5,202,"{""app_users"": 123, ""store_customers"": 79}",2,worthless,Observed on 202 physical records; strict Rule 2 threshold is greater than 40.,trim only,202,20301
first_name,P***,6d9e21d2df4bdf674577e548a673d178a764c5f7d84ffe911433da91b960d2fa,202,"{""app_users"": 116, ""store_customers"": 86}",2,worthless,Observed on 202 physical records; strict Rule 2 threshold is greater than 40.,trim only,202,20301
first_name,S***,70a39ccd22a53b069a7f2a6c9176878f6c529452054ad39bdb1a5dd008bed86b,202,"{""app_users"": 116, ""store_customers"": 86}",2,worthless,Observed on 202 physical records; strict Rule 2 threshold is greater than 40.,trim only,202,20301
first_name,P***,a8c4a293c9c8f6b98d307f9bf278697892c74fbc469b5d861b8b5c59d13e0047,202,"{""app_users"": 117, ""store_customers"": 85}",2,worthless,Observed on 202 physical records; strict Rule 2 threshold is greater than 40.,trim only,202,20301
first_name,W***,bf922fb8a95b89d1c913a639d2bc158c699a192de3a85f5115be85c39dcb74e2,202,"{""app_users"": 123, ""store_customers"": 79}",2,worthless,Observed on 202 physical records; strict Rule 2 threshold is greater than 40.,trim only,202,20301
first_name,B***,c684ae46ec5bf9517c00216c08621e37a87898706ee8ae2f011b1d562d494706,202,"{""app_users"": 119, ""store_customers"": 83}",2,worthless,Observed on 202 physical records; strict Rule 2 threshold is greater than 40.,trim only,202,20301
first_name,V***,d2eaf8e131b52c0b462d8c077b7c0f281f8db6efa8fac232f64e85bedc781ef7,202,"{""app_users"": 129, ""store_customers"": 73}",2,worthless,Observed on 202 physical records; strict Rule 2 threshold is greater than 40.,trim only,202,20301
first_name,G***,d356088e6908ec3c07a8d0d2909cfa051db02e76ff3cad452ad16c71ea78cc94,202,"{""app_users"": 127, ""store_customers"": 75}",2,worthless,Observed on 202 physical records; strict Rule 2 threshold is greater than 40.,trim only,202,20301
first_name,T***,db0e44daeb3eb531c9dfb3fe87c34f88de7d131684a987a38fe0f6b852203ea1,202,"{""app_users"": 126, ""store_customers"": 76}",2,worthless,Observed on 202 physical records; strict Rule 2 threshold is greater than 40.,trim only,202,20301
first_name,S***,db299ddc4d78f166930856f14389d66d1800dfe314eb7fc79c2eb0a44836db30,202,"{""app_users"": 124, ""store_customers"": 78}",2,worthless,Observed on 202 physical records; strict Rule 2 threshold is greater than 40.,trim only,202,20301
first_name,V***,e0bca042bf966870ceda7a406afbc1eceba36d29d0740f9253ecdc81ca7050be,202,"{""app_users"": 120, ""store_customers"": 82}",2,worthless,Observed on 202 physical records; strict Rule 2 threshold is greater than 40.,trim only,202,20301
first_name,Q***,f1755aa1cacb66d4955836967340aa57200de7ac38c40ae01962ed8a32556e1f,202,"{""app_users"": 129, ""store_customers"": 73}",2,worthless,Observed on 202 physical records; strict Rule 2 threshold is greater than 40.,trim only,202,20301
first_name,L***,f9517bc72c29cf98b90047a3da4381acc9947ae8e9fd68059b3a3c780e06d0f4,202,"{""app_users"": 119, ""store_customers"": 83}",2,worthless,Observed on 202 physical records; strict Rule 2 threshold is greater than 40.,trim only,202,20301
first_name,S***,fb15cb0a87d90280a7518c986cc344862e4c9229a0124c90bbe1c7180be639f0,202,"{""app_users"": 105, ""store_customers"": 97}",2,worthless,Observed on 202 physical records; strict Rule 2 threshold is greater than 40.,trim only,202,20301
last_name,S***,11ed4a5d9fd1339bcf8d0316ab23c4323428ad5c33756a2d297edcfdc7ae69c3,202,"{""app_users"": 108, ""store_customers"": 94}",2,worthless,Observed on 202 physical records; strict Rule 2 threshold is greater than 40.,trim only,202,20301
last_name,Q***,144828cee7e74157e82df68f9875eab7f82cb69650630dbe4dd1ce36c3b55b7c,202,"{""app_users"": 117, ""store_customers"": 85}",2,worthless,Observed on 202 physical records; strict Rule 2 threshold is greater than 40.,trim only,202,20301
last_name,J***,14e6dc09e06693f9641a4fb86ce281323322a43e0e8e46bd200242a60cfd17c1,202,"{""app_users"": 117, ""store_customers"": 85}",2,worthless,Observed on 202 physical records; strict Rule 2 threshold is greater than 40.,trim only,202,20301
last_name,L***,19d28a2e416d79675ccd80b4c70ddc7c780a3b50ec04d1758c347bdb6896899a,202,"{""app_users"": 126, ""store_customers"": 76}",2,worthless,Observed on 202 physical records; strict Rule 2 threshold is greater than 40.,trim only,202,20301
last_name,C***,28f5bbd9e0da3ca41388ed70b680da6da920a16777af96ec7813ae872cbe1cc9,202,"{""app_users"": 118, ""store_customers"": 84}",2,worthless,Observed on 202 physical records; strict Rule 2 threshold is greater than 40.,trim only,202,20301
last_name,B***,6a4eff57d07a9941817a1346464b28ab4ae420cfdf10e04d30f140b013a44de8,202,"{""app_users"": 102, ""store_customers"": 100}",2,worthless,Observed on 202 physical records; strict Rule 2 threshold is greater than 40.,trim only,202,20301
last_name,B***,6f724a7f312ea72013d73f237d5b717bfd2b266ab9ea73c72cd86cf1a27c38d1,202,"{""app_users"": 117, ""store_customers"": 85}",2,worthless,Observed on 202 physical records; strict Rule 2 threshold is greater than 40.,trim only,202,20301
last_name,Y***,7c986663ad132d570f6a9df2e1cb8b254f5f38d7aa6be37de6ae7d5fa42bf82c,202,"{""app_users"": 135, ""store_customers"": 67}",2,worthless,Observed on 202 physical records; strict Rule 2 threshold is greater than 40.,trim only,202,20301
last_name,Z***,81539e667ee800eae08a2f6cbf4c1fb6f2b2fba22cc41b3b67d8b989e118ec62,202,"{""app_users"": 119, ""store_customers"": 83}",2,worthless,Observed on 202 physical records; strict Rule 2 threshold is greater than 40.,trim only,202,20301
last_name,T***,83b59c9eeea69f1257d72e978871f8f65610aeccd7af8158f43301e0e039dbae,202,"{""app_users"": 116, ""store_customers"": 86}",2,worthless,Observed on 202 physical records; strict Rule 2 threshold is greater than 40.,trim only,202,20301
last_name,T***,a204aebb67b13ff4ce83026c34cf66b707fb7cb750a84ed509b27a5b2b717db3,202,"{""app_users"": 126, ""store_customers"": 76}",2,worthless,Observed on 202 physical records; strict Rule 2 threshold is greater than 40.,trim only,202,20301
last_name,T***,a669b45d594c2df9e4b1e254798c63874debddbe0533b26f9c8b73992d26ed8f,202,"{""app_users"": 118, ""store_customers"": 84}",2,worthless,Observed on 202 physical records; strict Rule 2 threshold is greater than 40.,trim only,202,20301
last_name,P***,ad70aba119f2443f4148b69cec4ab34ba4cb485e3e8efa3c9706b108b67a8238,202,"{""app_users"": 135, ""store_customers"": 67}",2,worthless,Observed on 202 physical records; strict Rule 2 threshold is greater than 40.,trim only,202,20301
last_name,K***,bdce74638b66d1eb5cf582c34e3b2506d40d9ebb30aafdb46887a37617fb2de6,202,"{""app_users"": 117, ""store_customers"": 85}",2,worthless,Observed on 202 physical records; strict Rule 2 threshold is greater than 40.,trim only,202,20301
last_name,G***,c83a4c3095e85d4ff6ed1c66647c6ab04cf4145903b54691d04fbced211cce32,202,"{""app_users"": 113, ""store_customers"": 89}",2,worthless,Observed on 202 physical records; strict Rule 2 threshold is greater than 40.,trim only,202,20301
last_name,N***,c968a728fe2427581b9de1317d9aafe745d5c9b7cd8974a89a3ab2cebde319e5,202,"{""app_users"": 120, ""store_customers"": 82}",2,worthless,Observed on 202 physical records; strict Rule 2 threshold is greater than 40.,trim only,202,20301
last_name,Z***,cb5af8be3dc24446b2ea17983ad16a25ea333f799573845235f411485db95584,202,"{""app_users"": 113, ""store_customers"": 89}",2,worthless,Observed on 202 physical records; strict Rule 2 threshold is greater than 40.,trim only,202,20301
last_name,S***,d367d295add6f2b227680161ce50123472e9333901832443e98cf04c55b6815d,202,"{""app_users"": 121, ""store_customers"": 81}",2,worthless,Observed on 202 physical records; strict Rule 2 threshold is greater than 40.,trim only,202,20301
last_name,W***,d8af56edcfc4b32aca61cd4f35042c7cc7784b8dbac45d018850ccf10ef1f442,202,"{""app_users"": 121, ""store_customers"": 81}",2,worthless,Observed on 202 physical records; strict Rule 2 threshold is greater than 40.,trim only,202,20301
last_name,L***,dff036034036383b7eb79fbe870cad15e234230144f1d13f0d242d0ab3f08d79,202,"{""app_users"": 123, ""store_customers"": 79}",2,worthless,Observed on 202 physical records; strict Rule 2 threshold is greater than 40.,trim only,202,20301
last_name,Z***,e40090e1878f25a5c6a1924eb24418502f290b564bd07ee58d91a2c876f15c79,202,"{""app_users"": 111, ""store_customers"": 91}",2,worthless,Observed on 202 physical records; strict Rule 2 threshold is greater than 40.,trim only,202,20301
last_name,Q***,e4a3874ea049f5cfaf36ea1fc498f516c3f747d21a266bddf54a16a7c88681d1,202,"{""app_users"": 111, ""store_customers"": 91}",2,worthless,Observed on 202 physical records; strict Rule 2 threshold is greater than 40.,trim only,202,20301
last_name,L***,f7523935578bd38ca6fd582306c3bdfd7c3f77582911fac94e49af813ba4d1b6,202,"{""app_users"": 109, ""store_customers"": 93}",2,worthless,Observed on 202 physical records; strict Rule 2 threshold is greater than 40.,trim only,202,20301
first_name,J***,055d7ec9a8844054e1449fe41edc359d2afc17827ee0b9ec9946a7fc2ed2ba17,201,"{""app_users"": 121, ""store_customers"": 80}",2,worthless,Observed on 201 physical records; strict Rule 2 threshold is greater than 40.,trim only,201,20100
first_name,L***,199063344ee71fa6dd7f8ce47e416c0a7fa93492ef8e48b5dfd7d4bbeab1efd5,201,"{""app_users"": 108, ""store_customers"": 93}",2,worthless,Observed on 201 physical records; strict Rule 2 threshold is greater than 40.,trim only,201,20100
first_name,D***,2025db3e7064ed8905a8b083ec5292042521467314d03a74bbc1367a99376aa0,201,"{""app_users"": 112, ""store_customers"": 89}",2,worthless,Observed on 201 physical records; strict Rule 2 threshold is greater than 40.,trim only,201,20100
first_name,F***,252624d37717ec3b9feebc84da5b82675c8d0ae22983387c1fdca8b59f008bc0,201,"{""app_users"": 137, ""store_customers"": 64}",2,worthless,Observed on 201 physical records; strict Rule 2 threshold is greater than 40.,trim only,201,20100
first_name,B***,2e57c7515e9fe9329342003f61c0541925f5216d7b35da6738480f667979f7b4,201,"{""app_users"": 117, ""store_customers"": 84}",2,worthless,Observed on 201 physical records; strict Rule 2 threshold is greater than 40.,trim only,201,20100
first_name,N***,493f93865d883c5c0ca73e0b56c39be57139f8457b3f9a8caa0ad8befa37ab61,201,"{""app_users"": 123, ""store_customers"": 78}",2,worthless,Observed on 201 physical records; strict Rule 2 threshold is greater than 40.,trim only,201,20100
first_name,R***,4dcb1163484997efec48bee2326def1c9780b2ae05c4b988dabdf34f6b3a1f2b,201,"{""app_users"": 113, ""store_customers"": 88}",2,worthless,Observed on 201 physical records; strict Rule 2 threshold is greater than 40.,trim only,201,20100
first_name,N***,5c5db6faeacb85eb9064c0ae172a519e8ebd646310b308e79621b8158605fac7,201,"{""app_users"": 136, ""store_customers"": 65}",2,worthless,Observed on 201 physical records; strict Rule 2 threshold is greater than 40.,trim only,201,20100
first_name,R***,682aa1038ed1307e9f9af1739c2367102f32e788f35c7453b08404fb530ceb3e,201,"{""app_users"": 111, ""store_customers"": 90}",2,worthless,Observed on 201 physical records; strict Rule 2 threshold is greater than 40.,trim only,201,20100
first_name,N***,7139feb6c9472c5930ff99433a5251a87e866f001de9ab58b5784cb34f36b46a,201,"{""app_users"": 111, ""store_customers"": 90}",2,worthless,Observed on 201 physical records; strict Rule 2 threshold is greater than 40.,trim only,201,20100
first_name,P***,75c3bf0599fb185d654310d24a84f11a427b15a350619f7551e71d303a3cc71c,201,"{""app_users"": 127, ""store_customers"": 74}",2,worthless,Observed on 201 physical records; strict Rule 2 threshold is greater than 40.,trim only,201,20100
first_name,F***,7c2e1af75b8882b9284460e5a6b6c30c53e15db36dfcdb8561d1c35e187c6ffe,201,"{""app_users"": 120, ""store_customers"": 81}",2,worthless,Observed on 201 physical records; strict Rule 2 threshold is greater than 40.,trim only,201,20100
first_name,G***,87a1ac54b2e97bce2a660052fcfbff9e40c99c86adbd34c16127782781629f12,201,"{""app_users"": 117, ""store_customers"": 84}",2,worthless,Observed on 201 physical records; strict Rule 2 threshold is greater than 40.,trim only,201,20100
first_name,S***,8b3dbeb545de14368968e936c127d00e5989d307e6e0781ea36418bcc502e1f6,201,"{""app_users"": 130, ""store_customers"": 71}",2,worthless,Observed on 201 physical records; strict Rule 2 threshold is greater than 40.,trim only,201,20100
first_name,S***,95026240068eb46e22e9de9b7d98b47259b261b3ca528573f97c0fe34e40b639,201,"{""app_users"": 111, ""store_customers"": 90}",2,worthless,Observed on 201 physical records; strict Rule 2 threshold is greater than 40.,trim only,201,20100
first_name,D***,a81e02c3621e81c7eb7f524cbdd63f447b0e12d34daebdbf0da3167eb6dcca28,201,"{""app_users"": 112, ""store_customers"": 89}",2,worthless,Observed on 201 physical records; strict Rule 2 threshold is greater than 40.,trim only,201,20100
first_name,T***,a9a354a757095206789c7c65aef716249711df4d1458b9990f06cc22b36d88e5,201,"{""app_users"": 128, ""store_customers"": 73}",2,worthless,Observed on 201 physical records; strict Rule 2 threshold is greater than 40.,trim only,201,20100
first_name,S***,b896547034b940e5617a83bdb3f1b90a971bf7278ca2e82219bd9fc534e16c01,201,"{""app_users"": 115, ""store_customers"": 86}",2,worthless,Observed on 201 physical records; strict Rule 2 threshold is greater than 40.,trim only,201,20100
first_name,B***,bebd1edf3daa36dabb3eec5015853bd3e773403fb97e197695ce1cecf15a9113,201,"{""app_users"": 127, ""store_customers"": 74}",2,worthless,Observed on 201 physical records; strict Rule 2 threshold is greater than 40.,trim only,201,20100
first_name,N***,da546a1850e7ca4f577213c0bc2e56b1dfd2357d847612fab22681c4b421a072,201,"{""app_users"": 118, ""store_customers"": 83}",2,worthless,Observed on 201 physical records; strict Rule 2 threshold is greater than 40.,trim only,201,20100
first_name,M***,e5e32ff3208385623cb06ffedd1ecf493c21c036f308e64be5030618309f28d0,201,"{""app_users"": 124, ""store_customers"": 77}",2,worthless,Observed on 201 physical records; strict Rule 2 threshold is greater than 40.,trim only,201,20100
first_name,S***,f86a6349b5fe478f378ad6cdd52bfa3965afe3c333659a62489313ddee95adb5,201,"{""app_users"": 117, ""store_customers"": 84}",2,worthless,Observed on 201 physical records; strict Rule 2 threshold is greater than 40.,trim only,201,20100
first_name,T***,faaba7ccd9f97ccae9099c80d5d9293b995b93d240a0f71743c1a481b26b757e,201,"{""app_users"": 130, ""store_customers"": 71}",2,worthless,Observed on 201 physical records; strict Rule 2 threshold is greater than 40.,trim only,201,20100
first_name,V***,fdadf9b965cfeb5e0d960123eaa116a4221ccc6b25551535994755f1e0f8b99b,201,"{""app_users"": 115, ""store_customers"": 86}",2,worthless,Observed on 201 physical records; strict Rule 2 threshold is greater than 40.,trim only,201,20100
last_name,C***,2b903ef0cde89f2591a2cf510fd7095b15a7b213d0258c98e7ac9686303e4e36,201,"{""app_users"": 127, ""store_customers"": 74}",2,worthless,Observed on 201 physical records; strict Rule 2 threshold is greater than 40.,trim only,201,20100
last_name,Y***,2fc2ab0db553f00252203485cc218338f27c415ab0ecda7056a3edb61b9d52e7,201,"{""app_users"": 122, ""store_customers"": 79}",2,worthless,Observed on 201 physical records; strict Rule 2 threshold is greater than 40.,trim only,201,20100
last_name,F***,378042b7f5670b0ddaa72f012b57339bfe508967d791c7625a156ac595e38fa2,201,"{""app_users"": 122, ""store_customers"": 79}",2,worthless,Observed on 201 physical records; strict Rule 2 threshold is greater than 40.,trim only,201,20100
last_name,B***,4784863fc0340ef00dcdd879fb7d0e29b822e9f9f71df9b45fb80ffbeaffe423,201,"{""app_users"": 120, ""store_customers"": 81}",2,worthless,Observed on 201 physical records; strict Rule 2 threshold is greater than 40.,trim only,201,20100
last_name,P***,5c60d7d39c91c42d4897462594ea5e70954413db3c7aac8af760a8d93dc0a734,201,"{""app_users"": 121, ""store_customers"": 80}",2,worthless,Observed on 201 physical records; strict Rule 2 threshold is greater than 40.,trim only,201,20100
last_name,Q***,6ead49c0aa6427ada2afda126d8cbc3ce844cb9e63f76cd3b7db8083018ef4ea,201,"{""app_users"": 113, ""store_customers"": 88}",2,worthless,Observed on 201 physical records; strict Rule 2 threshold is greater than 40.,trim only,201,20100
last_name,F***,71d63e0cdf9d46bdd9f58bdb5dddffb19225b0812077901f4296b258f8cea3dd,201,"{""app_users"": 117, ""store_customers"": 84}",2,worthless,Observed on 201 physical records; strict Rule 2 threshold is greater than 40.,trim only,201,20100
last_name,K***,86ae404ff7bf260aeb1c78618db3bf7357ece24e71347bbd3dda16c656efef47,201,"{""app_users"": 113, ""store_customers"": 88}",2,worthless,Observed on 201 physical records; strict Rule 2 threshold is greater than 40.,trim only,201,20100
last_name,S***,8b376ad7212d5ccec8d8948cf687715e56572ed123b9c5bc9cce96d9a65e3ccc,201,"{""app_users"": 108, ""store_customers"": 93}",2,worthless,Observed on 201 physical records; strict Rule 2 threshold is greater than 40.,trim only,201,20100
last_name,R***,91d1ad44566bcaa549af52140a4c8725d1ae5e318ad3e2e927403c635eca80b1,201,"{""app_users"": 104, ""store_customers"": 97}",2,worthless,Observed on 201 physical records; strict Rule 2 threshold is greater than 40.,trim only,201,20100
last_name,L***,91ec6932d05751c8e02f025c9b2714c063f9d15e0751c6ad75ad093ec52339be,201,"{""app_users"": 110, ""store_customers"": 91}",2,worthless,Observed on 201 physical records; strict Rule 2 threshold is greater than 40.,trim only,201,20100
last_name,Y***,9907b2c2399a730e8cf678af6d4a5a3672cbc332fe01da8e7ae489daabd61726,201,"{""app_users"": 113, ""store_customers"": 88}",2,worthless,Observed on 201 physical records; strict Rule 2 threshold is greater than 40.,trim only,201,20100
last_name,N***,9917fe42c9bfc8194ad84abbbe088519fd2930bf74e2e5bfad8441b522e5f6f6,201,"{""app_users"": 125, ""store_customers"": 76}",2,worthless,Observed on 201 physical records; strict Rule 2 threshold is greater than 40.,trim only,201,20100
last_name,B***,9be22085f4793c33eba9d97ce8110d0f3fa7d899b063955653daf204bb7f9820,201,"{""app_users"": 114, ""store_customers"": 87}",2,worthless,Observed on 201 physical records; strict Rule 2 threshold is greater than 40.,trim only,201,20100
last_name,J***,9d2323c6e5a61c34f8d7dbb1b0111219e5c9929336407eeba9eab5f913d7b864,201,"{""app_users"": 117, ""store_customers"": 84}",2,worthless,Observed on 201 physical records; strict Rule 2 threshold is greater than 40.,trim only,201,20100
last_name,G***,a1ae32db388427ef90d0ce2ffedccad737e2baba315d24f9cc17c78d0c942414,201,"{""app_users"": 123, ""store_customers"": 78}",2,worthless,Observed on 201 physical records; strict Rule 2 threshold is greater than 40.,trim only,201,20100
last_name,T***,a580b3d4e8edf9f454aba80b8a3c672449282d8d25dbddec39ab1e553922f02c,201,"{""app_users"": 107, ""store_customers"": 94}",2,worthless,Observed on 201 physical records; strict Rule 2 threshold is greater than 40.,trim only,201,20100
last_name,B***,a8f956144fa76563b0d92bbf9ac57f3c7e638bb60efe8e9705b92b316458e37c,201,"{""app_users"": 116, ""store_customers"": 85}",2,worthless,Observed on 201 physical records; strict Rule 2 threshold is greater than 40.,trim only,201,20100
last_name,B***,bbddb9106c6e56f3033e0382b8b34c2b90b5edd3b077ec7fbbd7a8a1de917c52,201,"{""app_users"": 112, ""store_customers"": 89}",2,worthless,Observed on 201 physical records; strict Rule 2 threshold is greater than 40.,trim only,201,20100
last_name,Q***,c09a606d0d631114ac502a2643910e356bf8b27f355f3994de7e0efcbe74076b,201,"{""app_users"": 112, ""store_customers"": 89}",2,worthless,Observed on 201 physical records; strict Rule 2 threshold is greater than 40.,trim only,201,20100
last_name,L***,e23986e08a12bd59e2178c764702604e68a0160157df2ca88fad98d61cdb56fa,201,"{""app_users"": 112, ""store_customers"": 89}",2,worthless,Observed on 201 physical records; strict Rule 2 threshold is greater than 40.,trim only,201,20100
last_name,P***,f282797415eb3c7aab2de4aa3926861c56e59455b17783791fc75ef9465d5522,201,"{""app_users"": 116, ""store_customers"": 85}",2,worthless,Observed on 201 physical records; strict Rule 2 threshold is greater than 40.,trim only,201,20100
last_name,T***,f6feea49575ddb0dc58ee35a2b511b47eec17efbf2ffd15ef71aa49c87cb14ef,201,"{""app_users"": 116, ""store_customers"": 85}",2,worthless,Observed on 201 physical records; strict Rule 2 threshold is greater than 40.,trim only,201,20100
first_name,N***,0b31db0899a451acb4e9b6abefb8cfe8b302f4e1fbc6b0fad9b3826e948f2248,200,"{""app_users"": 120, ""store_customers"": 80}",2,worthless,Observed on 200 physical records; strict Rule 2 threshold is greater than 40.,trim only,200,19900
first_name,C***,0d3264873a1023285b572eb8a2369f96ab61a64616034ef5d5e01272f1d75a9c,200,"{""app_users"": 118, ""store_customers"": 82}",2,worthless,Observed on 200 physical records; strict Rule 2 threshold is greater than 40.,trim only,200,19900
first_name,C***,10cb2142fa03c43fab90a5656d69c87cde2f1839e43a06e06fb88f8b6f2e58ac,200,"{""app_users"": 115, ""store_customers"": 85}",2,worthless,Observed on 200 physical records; strict Rule 2 threshold is greater than 40.,trim only,200,19900
first_name,X***,1110be0d38fdf42ad0ddab5b89bd68cce9103177f899d3ab73111f3e95dcfaa7,200,"{""app_users"": 126, ""store_customers"": 74}",2,worthless,Observed on 200 physical records; strict Rule 2 threshold is greater than 40.,trim only,200,19900
first_name,D***,1b30eabee5afae4d6790819f713951699ab7201b118468c251e59baff3333a10,200,"{""app_users"": 122, ""store_customers"": 78}",2,worthless,Observed on 200 physical records; strict Rule 2 threshold is greater than 40.,trim only,200,19900
first_name,Y***,2c87878b5d888e857968f7c79763474f7d313da145d6940842bbb2e202caa091,200,"{""app_users"": 126, ""store_customers"": 74}",2,worthless,Observed on 200 physical records; strict Rule 2 threshold is greater than 40.,trim only,200,19900
first_name,F***,2cf307f9ec3da8b1ac8624f75139edef1ed9eb86a132c0ee5afaa6e8d3ec9b77,200,"{""app_users"": 122, ""store_customers"": 78}",2,worthless,Observed on 200 physical records; strict Rule 2 threshold is greater than 40.,trim only,200,19900
first_name,S***,3aa92a800c3d82d3a83596897f38a1e20e545e998d65ad8e3645fb7d3765fefe,200,"{""app_users"": 128, ""store_customers"": 72}",2,worthless,Observed on 200 physical records; strict Rule 2 threshold is greater than 40.,trim only,200,19900
first_name,N***,4c7509d3cc5b6d0b87dfdb3dfb7dee2b416ee9e50a72e122bff63cd94a91025b,200,"{""app_users"": 111, ""store_customers"": 89}",2,worthless,Observed on 200 physical records; strict Rule 2 threshold is greater than 40.,trim only,200,19900
first_name,N***,567e97c5b965fec3b2d725f7a349d8381fe47f82e4009224fba91eca2d193f4d,200,"{""app_users"": 122, ""store_customers"": 78}",2,worthless,Observed on 200 physical records; strict Rule 2 threshold is greater than 40.,trim only,200,19900
first_name,W***,604d675f087685d80e7f356afc8f6afb9e0144cc754ba70d37df63e853a44ace,200,"{""app_users"": 129, ""store_customers"": 71}",2,worthless,Observed on 200 physical records; strict Rule 2 threshold is greater than 40.,trim only,200,19900
first_name,X***,63778bdcc747742b17ab47e78e253caa039479569a1c65dd48f8998fa1b292d3,200,"{""app_users"": 129, ""store_customers"": 71}",2,worthless,Observed on 200 physical records; strict Rule 2 threshold is greater than 40.,trim only,200,19900
first_name,W***,76c320f25cca48761cedf564ebda383e38efdeb8723fca1eb8dde238c215befb,200,"{""app_users"": 122, ""store_customers"": 78}",2,worthless,Observed on 200 physical records; strict Rule 2 threshold is greater than 40.,trim only,200,19900
first_name,R***,78952520ba71871aff3d244666a8b4e1a1680d835d5fbab3718f3670d104b224,200,"{""app_users"": 122, ""store_customers"": 78}",2,worthless,Observed on 200 physical records; strict Rule 2 threshold is greater than 40.,trim only,200,19900
first_name,J***,7db242bdafbe675ab5c89f090e431d771415d19f3fe412243b12e743715177c5,200,"{""app_users"": 120, ""store_customers"": 80}",2,worthless,Observed on 200 physical records; strict Rule 2 threshold is greater than 40.,trim only,200,19900
first_name,C***,80b0ccd23371810fd6dff0f96a997fc94638299d9a4f5140b02f7bb78c863496,200,"{""app_users"": 121, ""store_customers"": 79}",2,worthless,Observed on 200 physical records; strict Rule 2 threshold is greater than 40.,trim only,200,19900
first_name,T***,886e02089fdba2fc111055d94088514994cff813b07d4dfccc11865ec6fb53d3,200,"{""app_users"": 101, ""store_customers"": 99}",2,worthless,Observed on 200 physical records; strict Rule 2 threshold is greater than 40.,trim only,200,19900
first_name,P***,9017cabe9e51566c7e3548f4ad4cf8cac28231521ccf6de25b574df37e1bb573,200,"{""app_users"": 128, ""store_customers"": 72}",2,worthless,Observed on 200 physical records; strict Rule 2 threshold is greater than 40.,trim only,200,19900
first_name,D***,a23f3bcd96e0e52bda941fa0f15e67ea68369183b3ed2f2b02c86c7e78a0fc03,200,"{""app_users"": 119, ""store_customers"": 81}",2,worthless,Observed on 200 physical records; strict Rule 2 threshold is greater than 40.,trim only,200,19900
first_name,S***,b276c7731b0b89236b057804591d5ecfcea71f7b1c83387de27c61faf1b6c4cf,200,"{""app_users"": 118, ""store_customers"": 82}",2,worthless,Observed on 200 physical records; strict Rule 2 threshold is greater than 40.,trim only,200,19900
first_name,L***,bfa1b6f86b69c9ff815111bf38f2874facd83d1c0306c0e77b101c3736c04aff,200,"{""app_users"": 112, ""store_customers"": 88}",2,worthless,Observed on 200 physical records; strict Rule 2 threshold is greater than 40.,trim only,200,19900
first_name,T***,d205cd12206440cde39460001abd9b742fbade7daabf9e34cddcef3cd5668dcb,200,"{""app_users"": 115, ""store_customers"": 85}",2,worthless,Observed on 200 physical records; strict Rule 2 threshold is greater than 40.,trim only,200,19900
first_name,B***,fe088b15b35d05f6355959498950a0ddbbd9a0bc8d273933c5b6d24c39709cb3,200,"{""app_users"": 111, ""store_customers"": 89}",2,worthless,Observed on 200 physical records; strict Rule 2 threshold is greater than 40.,trim only,200,19900
last_name,N***,026e37d08973627d4b3dfaa6787e3067668bf07321643c358548ad23c28c73c1,200,"{""app_users"": 125, ""store_customers"": 75}",2,worthless,Observed on 200 physical records; strict Rule 2 threshold is greater than 40.,trim only,200,19900
last_name,S***,0c81fafde5bab07fb9d5ed9d8ff0deb12673529d20af9b6796ce3f42398b48e1,200,"{""app_users"": 122, ""store_customers"": 78}",2,worthless,Observed on 200 physical records; strict Rule 2 threshold is greater than 40.,trim only,200,19900
last_name,G***,1168f42fe3fe461ebd9d95721f90dba76645f8d8c03e63d0df8b1b6c19de1eda,200,"{""app_users"": 127, ""store_customers"": 73}",2,worthless,Observed on 200 physical records; strict Rule 2 threshold is greater than 40.,trim only,200,19900
last_name,N***,2933a6b10366e25cd20082f66983ab761bc217808476bcb157ecf8e15662f9b3,200,"{""app_users"": 120, ""store_customers"": 80}",2,worthless,Observed on 200 physical records; strict Rule 2 threshold is greater than 40.,trim only,200,19900
last_name,P***,3114967b8c9bd79f7c94b1739efa31602bc0891cc9a319abb18fc4c15bcb4940,200,"{""app_users"": 113, ""store_customers"": 87}",2,worthless,Observed on 200 physical records; strict Rule 2 threshold is greater than 40.,trim only,200,19900
last_name,F***,3153039b8089be14ea5ad1828166472eaff5eecf3af1261f50f68050e2dfec9e,200,"{""app_users"": 114, ""store_customers"": 86}",2,worthless,Observed on 200 physical records; strict Rule 2 threshold is greater than 40.,trim only,200,19900
last_name,L***,32844b711df6bd4936a59cea84e598b49c99644ad4872df00308a23116f6717c,200,"{""app_users"": 118, ""store_customers"": 82}",2,worthless,Observed on 200 physical records; strict Rule 2 threshold is greater than 40.,trim only,200,19900
last_name,R***,3da4eaa1823ea742013b3d8af569cabfbc3097f942a2ec58fca5aaf3e7a50408,200,"{""app_users"": 112, ""store_customers"": 88}",2,worthless,Observed on 200 physical records; strict Rule 2 threshold is greater than 40.,trim only,200,19900
last_name,T***,484da02fb3a42473f4273bdde5233cd9a367068774db5ed9240e8a44be4a6320,200,"{""app_users"": 126, ""store_customers"": 74}",2,worthless,Observed on 200 physical records; strict Rule 2 threshold is greater than 40.,trim only,200,19900
last_name,R***,504f6803d5b3dab09a2ad0741b59e1666dbb96125bbf798b6cd019d2d7d0eeb3,200,"{""app_users"": 123, ""store_customers"": 77}",2,worthless,Observed on 200 physical records; strict Rule 2 threshold is greater than 40.,trim only,200,19900
last_name,R***,523c2d14814b0f71cadaf772c126f317dd814cc3878670100add1623f2c031ea,200,"{""app_users"": 118, ""store_customers"": 82}",2,worthless,Observed on 200 physical records; strict Rule 2 threshold is greater than 40.,trim only,200,19900
last_name,N***,54f0c46e38844253b7fce4ba2211b599345650d2f90e5253f566587b4e3f3fcd,200,"{""app_users"": 123, ""store_customers"": 77}",2,worthless,Observed on 200 physical records; strict Rule 2 threshold is greater than 40.,trim only,200,19900
last_name,P***,608258fa2822827f8760eba20a87057b7101686f9776b8441389d1b9bdbb5f1d,200,"{""app_users"": 122, ""store_customers"": 78}",2,worthless,Observed on 200 physical records; strict Rule 2 threshold is greater than 40.,trim only,200,19900
last_name,R***,6d122a65346d6e524858416fcbeef99615b4c00ba13e27e25049cbf704ec4b7e,200,"{""app_users"": 107, ""store_customers"": 93}",2,worthless,Observed on 200 physical records; strict Rule 2 threshold is greater than 40.,trim only,200,19900
last_name,N***,6ecd9c0b837de26ae19b3b656b5be75c7c4eacbd5afd23c37572853a12f8772d,200,"{""app_users"": 124, ""store_customers"": 76}",2,worthless,Observed on 200 physical records; strict Rule 2 threshold is greater than 40.,trim only,200,19900
last_name,N***,7a910c2f093c52a3e14d2537a80a05084e7f2a0e191ed505292c2e5b31ad7afa,200,"{""app_users"": 119, ""store_customers"": 81}",2,worthless,Observed on 200 physical records; strict Rule 2 threshold is greater than 40.,trim only,200,19900
last_name,S***,821ef612db46b2bdea874616852a1c6bde7ef5aa7bf741c7470e258b4e440491,200,"{""app_users"": 113, ""store_customers"": 87}",2,worthless,Observed on 200 physical records; strict Rule 2 threshold is greater than 40.,trim only,200,19900
last_name,S***,9ce4b1d0a37fd425554c497d345c5763c1af4cfdd592465a9541a94a2bf922dd,200,"{""app_users"": 108, ""store_customers"": 92}",2,worthless,Observed on 200 physical records; strict Rule 2 threshold is greater than 40.,trim only,200,19900
last_name,P***,9dd3b8cf9d246597f7eee681887cd49a907678b5f6fae9d75d5e9c10227f9c27,200,"{""app_users"": 121, ""store_customers"": 79}",2,worthless,Observed on 200 physical records; strict Rule 2 threshold is greater than 40.,trim only,200,19900
last_name,Q***,a285344ecd6d864ba9702614c0bc8890d5f80fbef7afe7e577d78dead4b6605b,200,"{""app_users"": 117, ""store_customers"": 83}",2,worthless,Observed on 200 physical records; strict Rule 2 threshold is greater than 40.,trim only,200,19900
last_name,X***,a55e99bd36ed6ddbbabf36b138306a38dba466e95edda0a25eefc79ba46f3329,200,"{""app_users"": 125, ""store_customers"": 75}",2,worthless,Observed on 200 physical records; strict Rule 2 threshold is greater than 40.,trim only,200,19900
last_name,Q***,b37f380fa5567bab51bc47caeac634ed5387304faaaf728606a82f47473ec9a6,200,"{""app_users"": 130, ""store_customers"": 70}",2,worthless,Observed on 200 physical records; strict Rule 2 threshold is greater than 40.,trim only,200,19900
last_name,P***,bc649a561adef9832b6a90d35a58e103f252b1f36ef8fa4d067f779e79e452fb,200,"{""app_users"": 109, ""store_customers"": 91}",2,worthless,Observed on 200 physical records; strict Rule 2 threshold is greater than 40.,trim only,200,19900
last_name,P***,bc803dc5dde3dc9fa9298c93a78a770ceb46c86331fb65618821578fe92b961c,200,"{""app_users"": 116, ""store_customers"": 84}",2,worthless,Observed on 200 physical records; strict Rule 2 threshold is greater than 40.,trim only,200,19900
last_name,N***,c47d8a46f10be660c78074809132eb5839343c3d0c84d6540077b2871891c4e5,200,"{""app_users"": 113, ""store_customers"": 87}",2,worthless,Observed on 200 physical records; strict Rule 2 threshold is greater than 40.,trim only,200,19900
last_name,D***,ddcfa6a8945d40fdaa7d4ffca06942cc956921d939241d17fffde688b7af48a1,200,"{""app_users"": 109, ""store_customers"": 91}",2,worthless,Observed on 200 physical records; strict Rule 2 threshold is greater than 40.,trim only,200,19900
first_name,K***,07f528f50b6baff390345bc68c823afe4f5704e36895c109ca6d557b14491d41,199,"{""app_users"": 116, ""store_customers"": 83}",2,worthless,Observed on 199 physical records; strict Rule 2 threshold is greater than 40.,trim only,199,19701
first_name,R***,0eb230166aaedea162c312d5fe9e3e1daaa9454e2920c76de448f87213d9564a,199,"{""app_users"": 120, ""store_customers"": 79}",2,worthless,Observed on 199 physical records; strict Rule 2 threshold is greater than 40.,trim only,199,19701
first_name,J***,1c2540d30b6a51e79745b5075a1aff873ed44a263d0ab294a120feb17e2a5244,199,"{""app_users"": 127, ""store_customers"": 72}",2,worthless,Observed on 199 physical records; strict Rule 2 threshold is greater than 40.,trim only,199,19701
first_name,P***,2c6674d014a110cd073334bf175fecf65c874afba285e75b85369b6655ae24b0,199,"{""app_users"": 119, ""store_customers"": 80}",2,worthless,Observed on 199 physical records; strict Rule 2 threshold is greater than 40.,trim only,199,19701
first_name,B***,389301c894cebc400d28d8137346765cf26dfa8978c947dd8a5e23a235e84433,199,"{""app_users"": 120, ""store_customers"": 79}",2,worthless,Observed on 199 physical records; strict Rule 2 threshold is greater than 40.,trim only,199,19701
first_name,R***,432e44e8a9966db8e4ba3cfca532b6af3b0a0058bd714c73b096dbf6699f743b,199,"{""app_users"": 112, ""store_customers"": 87}",2,worthless,Observed on 199 physical records; strict Rule 2 threshold is greater than 40.,trim only,199,19701
first_name,M***,4dd0ff3c6ca1ceea8278d5f42a6a7c04d9034fcaeb7831dd3206d49fe4adbab4,199,"{""app_users"": 121, ""store_customers"": 78}",2,worthless,Observed on 199 physical records; strict Rule 2 threshold is greater than 40.,trim only,199,19701
first_name,S***,558c2dd63b9ea7e8e413fbfc988fec668b4e4fb2e367a50d9cee94e60fdbc6b8,199,"{""app_users"": 114, ""store_customers"": 85}",2,worthless,Observed on 199 physical records; strict Rule 2 threshold is greater than 40.,trim only,199,19701
first_name,M***,58a40698ee15a975e61680aaf1fbbd14e1e9a358107df7f762dbac4a5a2a76ac,199,"{""app_users"": 128, ""store_customers"": 71}",2,worthless,Observed on 199 physical records; strict Rule 2 threshold is greater than 40.,trim only,199,19701
first_name,B***,5ac2fe403d13c8dedf8d493a919e20a79e134e2c23215ece8a65d79b9be1b9a3,199,"{""app_users"": 123, ""store_customers"": 76}",2,worthless,Observed on 199 physical records; strict Rule 2 threshold is greater than 40.,trim only,199,19701
first_name,T***,72e19a6b1600f295552889f7dba43b00ab0ab177732e39adc5491fe4e31079b6,199,"{""app_users"": 113, ""store_customers"": 86}",2,worthless,Observed on 199 physical records; strict Rule 2 threshold is greater than 40.,trim only,199,19701
first_name,P***,ae4f1407b3b1f569c51c9639cdb07a3fcfeee061e607abf06d49b30dbc9d4376,199,"{""app_users"": 112, ""store_customers"": 87}",2,worthless,Observed on 199 physical records; strict Rule 2 threshold is greater than 40.,trim only,199,19701
first_name,S***,c1ff9e4d5abf48fc62ac54801bf8b3fdb606ffc01e5927f890002ed5c28734c0,199,"{""app_users"": 120, ""store_customers"": 79}",2,worthless,Observed on 199 physical records; strict Rule 2 threshold is greater than 40.,trim only,199,19701
first_name,T***,c9464d587ba8f091e954fd7139d9d4dfacf3f8bfc0bbfd33df227f98df8609e2,199,"{""app_users"": 128, ""store_customers"": 71}",2,worthless,Observed on 199 physical records; strict Rule 2 threshold is greater than 40.,trim only,199,19701
first_name,S***,cc407b090c7844c1d25e39c9f1a6d3ae7eae63af68cd61a544e7a66405e6d60f,199,"{""app_users"": 112, ""store_customers"": 87}",2,worthless,Observed on 199 physical records; strict Rule 2 threshold is greater than 40.,trim only,199,19701
first_name,S***,cc7228919cc3339c057b3f681a2c86bda3a23703aad0410b06750c54bb645d85,199,"{""app_users"": 115, ""store_customers"": 84}",2,worthless,Observed on 199 physical records; strict Rule 2 threshold is greater than 40.,trim only,199,19701
first_name,Q***,d046e253e8186a66a8257c8a4c43933b7bcfc58182300996df74545be15902ce,199,"{""app_users"": 121, ""store_customers"": 78}",2,worthless,Observed on 199 physical records; strict Rule 2 threshold is greater than 40.,trim only,199,19701
first_name,T***,d717e53d4135b7c178bd8fb1ead72f9f72fcc09740ae0b8d4611df94e0083c26,199,"{""app_users"": 117, ""store_customers"": 82}",2,worthless,Observed on 199 physical records; strict Rule 2 threshold is greater than 40.,trim only,199,19701
first_name,M***,d91e7b792a71d72870dc468e19b2707a1c07e411394b4a870db88d532555cbd8,199,"{""app_users"": 108, ""store_customers"": 91}",2,worthless,Observed on 199 physical records; strict Rule 2 threshold is greater than 40.,trim only,199,19701
first_name,V***,da8d176725b3a5fb93bbde916250686b01e900ddb7ec8f94d4142a27cdcf30c5,199,"{""app_users"": 112, ""store_customers"": 87}",2,worthless,Observed on 199 physical records; strict Rule 2 threshold is greater than 40.,trim only,199,19701
first_name,Q***,e16a0218aacfb95d5f280ec1a5562282e5ae190aa6ab1e9556ea977510e07f4d,199,"{""app_users"": 129, ""store_customers"": 70}",2,worthless,Observed on 199 physical records; strict Rule 2 threshold is greater than 40.,trim only,199,19701
first_name,G***,f59c241654c7d9dcad74d476cfcd746e8e67e3ad2cf5964e1bd68603d1f67b38,199,"{""app_users"": 118, ""store_customers"": 81}",2,worthless,Observed on 199 physical records; strict Rule 2 threshold is greater than 40.,trim only,199,19701
first_name,C***,fabdbac50acd0d9af02545fced1443a4e403894735c25ae2b02376231664276b,199,"{""app_users"": 114, ""store_customers"": 85}",2,worthless,Observed on 199 physical records; strict Rule 2 threshold is greater than 40.,trim only,199,19701
last_name,C***,04396c9decd3221fb1b5cdfcaf76256c39c702d362bd39732dc5525aadaea8f7,199,"{""app_users"": 110, ""store_customers"": 89}",2,worthless,Observed on 199 physical records; strict Rule 2 threshold is greater than 40.,trim only,199,19701
last_name,C***,06f298e1ccb64f849d7b4142700ce9ec31310ed6ca7e6ede8efdb8aaba08b3c7,199,"{""app_users"": 130, ""store_customers"": 69}",2,worthless,Observed on 199 physical records; strict Rule 2 threshold is greater than 40.,trim only,199,19701
last_name,S***,0af3c658f2adfd2bdc67409dc5569349a1beb3ca338fb3b86494456a368e26c5,199,"{""app_users"": 125, ""store_customers"": 74}",2,worthless,Observed on 199 physical records; strict Rule 2 threshold is greater than 40.,trim only,199,19701
last_name,B***,137646a1abbea729da38de8e55fb04b7740a075726e7d430be5ec73a4d6c426c,199,"{""app_users"": 134, ""store_customers"": 65}",2,worthless,Observed on 199 physical records; strict Rule 2 threshold is greater than 40.,trim only,199,19701
last_name,F***,1ff04e20bbd023a0b6dbd9dd266b1c6850487023dadc654d7c1ac915a4f85d2f,199,"{""app_users"": 114, ""store_customers"": 85}",2,worthless,Observed on 199 physical records; strict Rule 2 threshold is greater than 40.,trim only,199,19701
last_name,P***,2406840add5eaf5a808b101268705c5297275b49762542c0e178618206924631,199,"{""app_users"": 115, ""store_customers"": 84}",2,worthless,Observed on 199 physical records; strict Rule 2 threshold is greater than 40.,trim only,199,19701
last_name,V***,27d473bd3d05b86d62d03c25c970dba3fc49f6d8a5e47205cefbfa3c8647bbf1,199,"{""app_users"": 104, ""store_customers"": 95}",2,worthless,Observed on 199 physical records; strict Rule 2 threshold is greater than 40.,trim only,199,19701
last_name,K***,3a1d748e079fdf620d5e1020cc5f42f1906df9fca410b00d987b8db7496faed1,199,"{""app_users"": 113, ""store_customers"": 86}",2,worthless,Observed on 199 physical records; strict Rule 2 threshold is greater than 40.,trim only,199,19701
last_name,T***,3d20dbad106c8b53bafe2d54a5259f03b43de0e2c42f8d5319f47b6363585a08,199,"{""app_users"": 126, ""store_customers"": 73}",2,worthless,Observed on 199 physical records; strict Rule 2 threshold is greater than 40.,trim only,199,19701
last_name,L***,4073930a858e677c94dcb35e4a217b2bb8f3693be21172977821f184158dd04a,199,"{""app_users"": 117, ""store_customers"": 82}",2,worthless,Observed on 199 physical records; strict Rule 2 threshold is greater than 40.,trim only,199,19701
last_name,Z***,426011103ffc1de6965f50ff9dbe5406ac602dc69982d661baf70119035359cb,199,"{""app_users"": 124, ""store_customers"": 75}",2,worthless,Observed on 199 physical records; strict Rule 2 threshold is greater than 40.,trim only,199,19701
last_name,R***,46a211fa3a2ace04956c76127c7f68784ae1f3c98e5853fd7999120beac7b4a1,199,"{""app_users"": 109, ""store_customers"": 90}",2,worthless,Observed on 199 physical records; strict Rule 2 threshold is greater than 40.,trim only,199,19701
last_name,M***,67383462c8b527208ab8a84d901791ee25d930e0f12098375bb9e893f34d7f9f,199,"{""app_users"": 107, ""store_customers"": 92}",2,worthless,Observed on 199 physical records; strict Rule 2 threshold is greater than 40.,trim only,199,19701
last_name,V***,69f58bc412c5a51fd01015f5b0e7bcac0b57ebef484d3172ebaf07f021f3548c,199,"{""app_users"": 121, ""store_customers"": 78}",2,worthless,Observed on 199 physical records; strict Rule 2 threshold is greater than 40.,trim only,199,19701
last_name,C***,740abc28e9237fc508b01f2f0ea27474ffb974c583d355015ea4d9ea2376c81e,199,"{""app_users"": 113, ""store_customers"": 86}",2,worthless,Observed on 199 physical records; strict Rule 2 threshold is greater than 40.,trim only,199,19701
last_name,L***,77623899302ae0720a596c229a02b84eb0d5b1ddb2dba5739dec9f5a401cc9bc,199,"{""app_users"": 114, ""store_customers"": 85}",2,worthless,Observed on 199 physical records; strict Rule 2 threshold is greater than 40.,trim only,199,19701
last_name,M***,817b00e9279916fb4f393b16df8682641c97bc4e7df80687f02856dfc5ae2032,199,"{""app_users"": 108, ""store_customers"": 91}",2,worthless,Observed on 199 physical records; strict Rule 2 threshold is greater than 40.,trim only,199,19701
last_name,B***,935ca29019e3d27ac56aad2480c03daffbede3fc3f981dd206267dcd0f9dc223,199,"{""app_users"": 105, ""store_customers"": 94}",2,worthless,Observed on 199 physical records; strict Rule 2 threshold is greater than 40.,trim only,199,19701
last_name,B***,977d01f2eef9f5e029f1ea00746981cad7332d5c5727a9f92a2439729c0b4204,199,"{""app_users"": 107, ""store_customers"": 92}",2,worthless,Observed on 199 physical records; strict Rule 2 threshold is greater than 40.,trim only,199,19701
last_name,T***,9857f745ce4307ff604c6e980f33cb048984ec9308c8c14f1152780c65a7d127,199,"{""app_users"": 123, ""store_customers"": 76}",2,worthless,Observed on 199 physical records; strict Rule 2 threshold is greater than 40.,trim only,199,19701
last_name,M***,9a7076353e2c36ab23473c3f127280b498de348f504cc97a21cafc16edd19f41,199,"{""app_users"": 122, ""store_customers"": 77}",2,worthless,Observed on 199 physical records; strict Rule 2 threshold is greater than 40.,trim only,199,19701
last_name,R***,9fd2ffac420af1fca9a7bfd264a309f1b8042e21f9e5c1e887bf0cef62eb9218,199,"{""app_users"": 114, ""store_customers"": 85}",2,worthless,Observed on 199 physical records; strict Rule 2 threshold is greater than 40.,trim only,199,19701
last_name,B***,a89a615a78084fea88200367c322fafe52638e01ec74757e4bf42a06b95149c5,199,"{""app_users"": 125, ""store_customers"": 74}",2,worthless,Observed on 199 physical records; strict Rule 2 threshold is greater than 40.,trim only,199,19701
last_name,K***,a90d6bc29845d7eb6c888079776a3de71767454ec9c736ccb75263ed432d0df8,199,"{""app_users"": 123, ""store_customers"": 76}",2,worthless,Observed on 199 physical records; strict Rule 2 threshold is greater than 40.,trim only,199,19701
last_name,C***,b42b293ce9675c1eabde486093a218f4b683807bbf838d0cf9edb8abd664199c,199,"{""app_users"": 112, ""store_customers"": 87}",2,worthless,Observed on 199 physical records; strict Rule 2 threshold is greater than 40.,trim only,199,19701
last_name,J***,c3477217268f0c05ade49a1f54e8c39b2baf61b8a7e080b878256a75f14703bb,199,"{""app_users"": 117, ""store_customers"": 82}",2,worthless,Observed on 199 physical records; strict Rule 2 threshold is greater than 40.,trim only,199,19701
last_name,N***,cc4959c6db302ae19cf76f8c00e9a6a522d2cca7e73ec3fea6545ff6f199635d,199,"{""app_users"": 120, ""store_customers"": 79}",2,worthless,Observed on 199 physical records; strict Rule 2 threshold is greater than 40.,trim only,199,19701
last_name,R***,d2a19ee69385160cbe3d2a7763e905f119b67b6ed54e4cc19788e8e8ecc80bb8,199,"{""app_users"": 97, ""store_customers"": 102}",2,worthless,Observed on 199 physical records; strict Rule 2 threshold is greater than 40.,trim only,199,19701
last_name,R***,f8334cd2d1dbd68f8884438d44698db9e353b703bfec9776889a28b9d622e40f,199,"{""app_users"": 95, ""store_customers"": 104}",2,worthless,Observed on 199 physical records; strict Rule 2 threshold is greater than 40.,trim only,199,19701
last_name,N***,f9fda8842f0a1a6cdfcd295b66929ca1b2662fe3f41ce2abeb4d8f062b737391,199,"{""app_users"": 118, ""store_customers"": 81}",2,worthless,Observed on 199 physical records; strict Rule 2 threshold is greater than 40.,trim only,199,19701
last_name,P***,fbc4d0ede25bb119f9bf33a2d2b5d0ca6c5c209fbb105b557a5b5cc84e7701ab,199,"{""app_users"": 115, ""store_customers"": 84}",2,worthless,Observed on 199 physical records; strict Rule 2 threshold is greater than 40.,trim only,199,19701
first_name,G***,002ca13e8482f61cbce95a3b3636dd96da82e1f39c2ee8e6ec204382b3f75a6b,198,"{""app_users"": 124, ""store_customers"": 74}",2,worthless,Observed on 198 physical records; strict Rule 2 threshold is greater than 40.,trim only,198,19503
first_name,C***,00c4e7775e6bd93bdf851e57307948653cc1ca44d91341077c9abba0eb474558,198,"{""app_users"": 109, ""store_customers"": 89}",2,worthless,Observed on 198 physical records; strict Rule 2 threshold is greater than 40.,trim only,198,19503
first_name,Y***,061b97f99673328cbfbc0622424f558818801c2725fa9d75736ab7969663d440,198,"{""app_users"": 128, ""store_customers"": 70}",2,worthless,Observed on 198 physical records; strict Rule 2 threshold is greater than 40.,trim only,198,19503
first_name,P***,0d8779938d8eb37b864d0572375c26b29c2e05c4537a7c0159f643054cc4f996,198,"{""app_users"": 111, ""store_customers"": 87}",2,worthless,Observed on 198 physical records; strict Rule 2 threshold is greater than 40.,trim only,198,19503
first_name,T***,39b33d7205bdc72b1dee17332d306eee7273b1d56e48957b379758599f790606,198,"{""app_users"": 118, ""store_customers"": 80}",2,worthless,Observed on 198 physical records; strict Rule 2 threshold is greater than 40.,trim only,198,19503
first_name,Z***,4733a5fb001e5f93bd5a91609ae4a26b7660c88c569687044dcbf859f0f2a961,198,"{""app_users"": 119, ""store_customers"": 79}",2,worthless,Observed on 198 physical records; strict Rule 2 threshold is greater than 40.,trim only,198,19503
first_name,C***,480276cc074cbd4a7dcdef1a3ad132bca73baf16e02924fe74763614a7993760,198,"{""app_users"": 112, ""store_customers"": 86}",2,worthless,Observed on 198 physical records; strict Rule 2 threshold is greater than 40.,trim only,198,19503
first_name,Q***,62a6b828869577be3e732e92ab266bc7dbf21497d1523f5c268c1b686437ee14,198,"{""app_users"": 122, ""store_customers"": 76}",2,worthless,Observed on 198 physical records; strict Rule 2 threshold is greater than 40.,trim only,198,19503
first_name,C***,8f7eef20fba0d1ac2ca90e85530ee278d546f21da3f65a6178bdae63af9c2381,198,"{""app_users"": 103, ""store_customers"": 95}",2,worthless,Observed on 198 physical records; strict Rule 2 threshold is greater than 40.,trim only,198,19503
first_name,S***,919e720e8fc5efd619eb490c45f17373c8c8f14ec95e3b78abb7bd8c373f2f7c,198,"{""app_users"": 110, ""store_customers"": 88}",2,worthless,Observed on 198 physical records; strict Rule 2 threshold is greater than 40.,trim only,198,19503
first_name,S***,993b0a1d4c0ac0e4ec78b43120c11c1fd96211ea0de5b54480adb3769204a9d5,198,"{""app_users"": 118, ""store_customers"": 80}",2,worthless,Observed on 198 physical records; strict Rule 2 threshold is greater than 40.,trim only,198,19503
first_name,T***,9b529d9807841d3e373194645f26d9d0c6a7bd16741e1267106b5bb96ec0064f,198,"{""app_users"": 116, ""store_customers"": 82}",2,worthless,Observed on 198 physical records; strict Rule 2 threshold is greater than 40.,trim only,198,19503
first_name,D***,ab2aa0b263b008ae3c996201acdfd0fc163f33e9ffd77cfca28fda5000cec365,198,"{""app_users"": 133, ""store_customers"": 65}",2,worthless,Observed on 198 physical records; strict Rule 2 threshold is greater than 40.,trim only,198,19503
first_name,L***,b6522ee8eef4b3d1b258a73200cc188fcf5688ed1171ec344fe92d0e96848a56,198,"{""app_users"": 116, ""store_customers"": 82}",2,worthless,Observed on 198 physical records; strict Rule 2 threshold is greater than 40.,trim only,198,19503
first_name,R***,c6b14cf58e4c92b20f1a0312e59a8a9720cc6b62618f45667fc36c8a19e4b908,198,"{""app_users"": 114, ""store_customers"": 84}",2,worthless,Observed on 198 physical records; strict Rule 2 threshold is greater than 40.,trim only,198,19503
first_name,S***,c8aee420de73cd934fa417587e828b1e85b86fc6eb7cd8d6f141e22e20a2df2e,198,"{""app_users"": 120, ""store_customers"": 78}",2,worthless,Observed on 198 physical records; strict Rule 2 threshold is greater than 40.,trim only,198,19503
first_name,J***,cca2802c56db8a8e2075fd7330a010083875d152adfdb886d3b0f4dc0f908e3f,198,"{""app_users"": 131, ""store_customers"": 67}",2,worthless,Observed on 198 physical records; strict Rule 2 threshold is greater than 40.,trim only,198,19503
first_name,W***,d960fdfdf60c9337a282835901a11f4d611987f0c6136f8e95faa58a109a8820,198,"{""app_users"": 124, ""store_customers"": 74}",2,worthless,Observed on 198 physical records; strict Rule 2 threshold is greater than 40.,trim only,198,19503
first_name,R***,e08b65010e433fdfceefb301185bae0dc5d89ed0279bd1ef7a05d8745008c3e6,198,"{""app_users"": 117, ""store_customers"": 81}",2,worthless,Observed on 198 physical records; strict Rule 2 threshold is greater than 40.,trim only,198,19503
first_name,R***,fd3f708258b3c938b3638a061fa60b1b46b0929f8c7d960c5a66c2fb68269f34,198,"{""app_users"": 115, ""store_customers"": 83}",2,worthless,Observed on 198 physical records; strict Rule 2 threshold is greater than 40.,trim only,198,19503
last_name,S***,02b39f073661748271f934898da507880a45ba502ae28a5ff9e2a17a9042903a,198,"{""app_users"": 114, ""store_customers"": 84}",2,worthless,Observed on 198 physical records; strict Rule 2 threshold is greater than 40.,trim only,198,19503
last_name,F***,054efcbb5e87d6c3b3bb6b6c57638791159b47f80aad3b11034508140253c6ac,198,"{""app_users"": 122, ""store_customers"": 76}",2,worthless,Observed on 198 physical records; strict Rule 2 threshold is greater than 40.,trim only,198,19503
last_name,F***,0cd4db32e37badbdc6c2d045b9de5b8768364d536ac99216406d82b56eb3677c,198,"{""app_users"": 105, ""store_customers"": 93}",2,worthless,Observed on 198 physical records; strict Rule 2 threshold is greater than 40.,trim only,198,19503
last_name,B***,0dbe9de056673235a329f229540df51bbb8d0ef122f9f1a3738e8e41e51db80a,198,"{""app_users"": 123, ""store_customers"": 75}",2,worthless,Observed on 198 physical records; strict Rule 2 threshold is greater than 40.,trim only,198,19503
last_name,Y***,0f62bac91b8be571c2405ccc442909feb1e962854ebc422ad255527220b66eea,198,"{""app_users"": 96, ""store_customers"": 102}",2,worthless,Observed on 198 physical records; strict Rule 2 threshold is greater than 40.,trim only,198,19503
last_name,G***,232a5bec27a88229345a2365d6c3f89217b3b2d815fe8c08a05db5ea56c75807,198,"{""app_users"": 129, ""store_customers"": 69}",2,worthless,Observed on 198 physical records; strict Rule 2 threshold is greater than 40.,trim only,198,19503
last_name,K***,23680a44c169a31c7fed5ee8538e3a3ee2575d87ffcefd157b6ce22a20fe1d13,198,"{""app_users"": 115, ""store_customers"": 83}",2,worthless,Observed on 198 physical records; strict Rule 2 threshold is greater than 40.,trim only,198,19503
last_name,R***,25eb3a0d253ae55566cf70a947dab3567f5bfa0cf81274a0569d99bf9688cbc8,198,"{""app_users"": 113, ""store_customers"": 85}",2,worthless,Observed on 198 physical records; strict Rule 2 threshold is greater than 40.,trim only,198,19503
last_name,M***,2b57a8295943d023308db014a7da98d3798c9ea7e7c28914ef46b3ebe96c59e9,198,"{""app_users"": 112, ""store_customers"": 86}",2,worthless,Observed on 198 physical records; strict Rule 2 threshold is greater than 40.,trim only,198,19503
last_name,W***,3d2fd4fb2b9c24843a174c6bd824e13ebf9ebf4ad356f8ddb4977084a2e5c35c,198,"{""app_users"": 109, ""store_customers"": 89}",2,worthless,Observed on 198 physical records; strict Rule 2 threshold is greater than 40.,trim only,198,19503
last_name,Q***,3e35853f7c115f66af771a3da7a044cbfa4b675b1036d1fb97d311bf03a33290,198,"{""app_users"": 116, ""store_customers"": 82}",2,worthless,Observed on 198 physical records; strict Rule 2 threshold is greater than 40.,trim only,198,19503
last_name,N***,44d92ba06b0ada4a7fd41101b48ba9dc74833726f6bf219c65c118988e58981f,198,"{""app_users"": 118, ""store_customers"": 80}",2,worthless,Observed on 198 physical records; strict Rule 2 threshold is greater than 40.,trim only,198,19503
last_name,Q***,46067717ad15f11c1b273e0e1e64a709c9caf2fda366c8e52f2fa61d88f2f43d,198,"{""app_users"": 126, ""store_customers"": 72}",2,worthless,Observed on 198 physical records; strict Rule 2 threshold is greater than 40.,trim only,198,19503
last_name,S***,5dd59e516f82eca017da3aafb566669e7f3b7037999418de7bb2363f36d567ab,198,"{""app_users"": 120, ""store_customers"": 78}",2,worthless,Observed on 198 physical records; strict Rule 2 threshold is greater than 40.,trim only,198,19503
last_name,P***,5dea2ccd2c8a914d06b7221f6798da6ef14968ea60dac2fe241fb187fd71126f,198,"{""app_users"": 124, ""store_customers"": 74}",2,worthless,Observed on 198 physical records; strict Rule 2 threshold is greater than 40.,trim only,198,19503
last_name,G***,61b787b8e481f54a5391964a0764dece09f14b39ed6d01c6c6493cdb4ae8fc5a,198,"{""app_users"": 122, ""store_customers"": 76}",2,worthless,Observed on 198 physical records; strict Rule 2 threshold is greater than 40.,trim only,198,19503
last_name,T***,69704a34dafdd25583061a48a0d1da6d66efdca1c3c9067b07a50965549da377,198,"{""app_users"": 112, ""store_customers"": 86}",2,worthless,Observed on 198 physical records; strict Rule 2 threshold is greater than 40.,trim only,198,19503
last_name,T***,783eb33f75b0354ecc119f64626e6cc55e468f00eafbe282093e309db81c2e85,198,"{""app_users"": 130, ""store_customers"": 68}",2,worthless,Observed on 198 physical records; strict Rule 2 threshold is greater than 40.,trim only,198,19503
last_name,C***,86c2d2c021988570c5095c0eace03d2da6685d74cc4af0309eb26eb74ac6fa9a,198,"{""app_users"": 119, ""store_customers"": 79}",2,worthless,Observed on 198 physical records; strict Rule 2 threshold is greater than 40.,trim only,198,19503
last_name,D***,8a4f6a07b20395e2ed0e0cb27c77e5cbe90449036d6cb2c3ea713532a59bb22e,198,"{""app_users"": 124, ""store_customers"": 74}",2,worthless,Observed on 198 physical records; strict Rule 2 threshold is greater than 40.,trim only,198,19503
last_name,M***,8f7f62504fdc0bdccfca6684cc57652e2a88cb25418924b53c9de40054b353c9,198,"{""app_users"": 122, ""store_customers"": 76}",2,worthless,Observed on 198 physical records; strict Rule 2 threshold is greater than 40.,trim only,198,19503
last_name,N***,9b5bfecef0f07be6254b36aa78f28960915883531e1824c572f4f51ad753e20e,198,"{""app_users"": 112, ""store_customers"": 86}",2,worthless,Observed on 198 physical records; strict Rule 2 threshold is greater than 40.,trim only,198,19503
last_name,J***,a196a7c88e5b4c901b546f66e1a7d30bca497829d7f224dad884b66ea0a7e7a4,198,"{""app_users"": 116, ""store_customers"": 82}",2,worthless,Observed on 198 physical records; strict Rule 2 threshold is greater than 40.,trim only,198,19503
last_name,R***,aa17f413b50b6ef181eaf824b884eece744ba3f25519b9a30dc89f5adfbe7e27,198,"{""app_users"": 114, ""store_customers"": 84}",2,worthless,Observed on 198 physical records; strict Rule 2 threshold is greater than 40.,trim only,198,19503
last_name,L***,acb905372ada3214b86b47dca7f0420bb3a54f86760445b108930fbad67bc595,198,"{""app_users"": 113, ""store_customers"": 85}",2,worthless,Observed on 198 physical records; strict Rule 2 threshold is greater than 40.,trim only,198,19503
last_name,J***,b76488acb61ed864ff5725ac79b993a863a1a24f57d01d0737f2fa181f5a3802,198,"{""app_users"": 120, ""store_customers"": 78}",2,worthless,Observed on 198 physical records; strict Rule 2 threshold is greater than 40.,trim only,198,19503
last_name,C***,bcf27303352010fbf19b0b8ddfd739e7da53bbea2bd3e5d2d8eb13880170c71f,198,"{""app_users"": 124, ""store_customers"": 74}",2,worthless,Observed on 198 physical records; strict Rule 2 threshold is greater than 40.,trim only,198,19503
last_name,Q***,ced5482656a44067a3198fcbdef6dd5692a0d7cbfa6fdffa2532a6f6e7a7eb6a,198,"{""app_users"": 113, ""store_customers"": 85}",2,worthless,Observed on 198 physical records; strict Rule 2 threshold is greater than 40.,trim only,198,19503
last_name,R***,d7c15632b34a368522b873033e25583fbadab7eb65673e9da75e0f468782e5f9,198,"{""app_users"": 119, ""store_customers"": 79}",2,worthless,Observed on 198 physical records; strict Rule 2 threshold is greater than 40.,trim only,198,19503
last_name,K***,e1368dd70e22b7ecc18222a1569511a8b49f311b0691323110d21a2019a27210,198,"{""app_users"": 113, ""store_customers"": 85}",2,worthless,Observed on 198 physical records; strict Rule 2 threshold is greater than 40.,trim only,198,19503
last_name,P***,f75ba6f26b5cdba0fa20c885d85e38675fad0c603a9988737a19fea63d2190d5,198,"{""app_users"": 110, ""store_customers"": 88}",2,worthless,Observed on 198 physical records; strict Rule 2 threshold is greater than 40.,trim only,198,19503
last_name,P***,fb017ac453b283d1c9c8ef9a4e54cbfd7a7eeb0fd6b8385aa23aa1f9baccd3a9,198,"{""app_users"": 129, ""store_customers"": 69}",2,worthless,Observed on 198 physical records; strict Rule 2 threshold is greater than 40.,trim only,198,19503
first_name,Y***,02d21cc446e32d4911335dbc40ecc0b3a3249265779cc5f4d60c7b7f12946445,197,"{""app_users"": 122, ""store_customers"": 75}",2,worthless,Observed on 197 physical records; strict Rule 2 threshold is greater than 40.,trim only,197,19306
first_name,J***,1cbca3a41c193ad5fbee2d05a4ffe8b40253cf5a0e37b09aca7514e1ab930877,197,"{""app_users"": 112, ""store_customers"": 85}",2,worthless,Observed on 197 physical records; strict Rule 2 threshold is greater than 40.,trim only,197,19306
first_name,F***,21c1d2b2cce2ec5274171618328c3a3d7d7eaa3d2e9f429cfa5692e439fe1cdf,197,"{""app_users"": 108, ""store_customers"": 89}",2,worthless,Observed on 197 physical records; strict Rule 2 threshold is greater than 40.,trim only,197,19306
first_name,C***,24fcd249cf062c93b2f941436ea879e1b0bb60ffd0961f348b4d83a900cff5c8,197,"{""app_users"": 119, ""store_customers"": 78}",2,worthless,Observed on 197 physical records; strict Rule 2 threshold is greater than 40.,trim only,197,19306
first_name,Y***,4f0da9cc22939411fc266a07ae7b213147def080fbde1fecf9f5b26d67af3bab,197,"{""app_users"": 115, ""store_customers"": 82}",2,worthless,Observed on 197 physical records; strict Rule 2 threshold is greater than 40.,trim only,197,19306
first_name,B***,4fc3b551035ee65e13978eb08c8e248b97e36b865a562fd86289b7b2b63d6124,197,"{""app_users"": 118, ""store_customers"": 79}",2,worthless,Observed on 197 physical records; strict Rule 2 threshold is greater than 40.,trim only,197,19306
first_name,T***,5616c309fc2455130c3ac3bb480ef47196672cca5d7c93d419e7bc7e507bdd7a,197,"{""app_users"": 110, ""store_customers"": 87}",2,worthless,Observed on 197 physical records; strict Rule 2 threshold is greater than 40.,trim only,197,19306
first_name,N***,58a6ca39bfe8b5e7ea3a71bef8a252088eb7f6b6feb17562753f6fbee1cba294,197,"{""app_users"": 102, ""store_customers"": 95}",2,worthless,Observed on 197 physical records; strict Rule 2 threshold is greater than 40.,trim only,197,19306
first_name,M***,59445903704b30926d1e8d5bf91a2b982fc16cd37417852fd060031db8f99e34,197,"{""app_users"": 117, ""store_customers"": 80}",2,worthless,Observed on 197 physical records; strict Rule 2 threshold is greater than 40.,trim only,197,19306
first_name,S***,67e5fd9433eb1a612489170f3a9adc463319d41ff3eba3b6226fb314845fd88a,197,"{""app_users"": 113, ""store_customers"": 84}",2,worthless,Observed on 197 physical records; strict Rule 2 threshold is greater than 40.,trim only,197,19306
first_name,Y***,6a6b2404f19bc0924d2111209bd82911c8921526e0eafafe8ec675f4ae5b7686,197,"{""app_users"": 129, ""store_customers"": 68}",2,worthless,Observed on 197 physical records; strict Rule 2 threshold is greater than 40.,trim only,197,19306
first_name,L***,6c2cb70258606d9208e563f00c215995f31080ab2ad0302f5be460a002da9100,197,"{""app_users"": 107, ""store_customers"": 90}",2,worthless,Observed on 197 physical records; strict Rule 2 threshold is greater than 40.,trim only,197,19306
first_name,V***,700d9e67d7f57c9c29f5d9374ea58417fe5388d9913747e525e7b1d923fad0a5,197,"{""app_users"": 116, ""store_customers"": 81}",2,worthless,Observed on 197 physical records; strict Rule 2 threshold is greater than 40.,trim only,197,19306
first_name,P***,7715fc1ac740d36defedbdd4ae044e882678bebbf3fd454b05962a1a31a5f517,197,"{""app_users"": 126, ""store_customers"": 71}",2,worthless,Observed on 197 physical records; strict Rule 2 threshold is greater than 40.,trim only,197,19306
first_name,C***,8c8666b970fa2b4aed07bcbea7fa0f09cf3c0eb70458cc11b16b24d2fd672c6e,197,"{""app_users"": 112, ""store_customers"": 85}",2,worthless,Observed on 197 physical records; strict Rule 2 threshold is greater than 40.,trim only,197,19306
first_name,W***,b888448bc856ec9cdf801f8d75298d56922d7be836c8edf48b54fb2cc46c7889,197,"{""app_users"": 112, ""store_customers"": 85}",2,worthless,Observed on 197 physical records; strict Rule 2 threshold is greater than 40.,trim only,197,19306
first_name,N***,bdcbcec2f8fcb98640f8e6091d1b546dab407aa10ad1a989d9175534734a9f5a,197,"{""app_users"": 111, ""store_customers"": 86}",2,worthless,Observed on 197 physical records; strict Rule 2 threshold is greater than 40.,trim only,197,19306
first_name,R***,bde2bd7776849c9de90904b7c00efb1351ac5ed480cef074e44465899b69079d,197,"{""app_users"": 116, ""store_customers"": 81}",2,worthless,Observed on 197 physical records; strict Rule 2 threshold is greater than 40.,trim only,197,19306
first_name,P***,c95de0105d805bdc13f0cd97e1f8c47f2a43af406f3fc0bbd103cc43469fb511,197,"{""app_users"": 123, ""store_customers"": 74}",2,worthless,Observed on 197 physical records; strict Rule 2 threshold is greater than 40.,trim only,197,19306
first_name,B***,ec20d055af421cabfdc355a12fe7b46ff4c72e402948dc36e6aa2dbfae908778,197,"{""app_users"": 112, ""store_customers"": 85}",2,worthless,Observed on 197 physical records; strict Rule 2 threshold is greater than 40.,trim only,197,19306
first_name,Q***,ef22163ec3ddf3bf0ee891f36b754fbf4a58afeb6994b9bf8b3b63b712b64e8e,197,"{""app_users"": 94, ""store_customers"": 103}",2,worthless,Observed on 197 physical records; strict Rule 2 threshold is greater than 40.,trim only,197,19306
first_name,D***,efc08155379f012871f29ac7cab1260e7c9e2e8c961c6be23e7ce363cc108040,197,"{""app_users"": 109, ""store_customers"": 88}",2,worthless,Observed on 197 physical records; strict Rule 2 threshold is greater than 40.,trim only,197,19306
first_name,S***,f0800574f44af048f00d824f5539ab771afa2c6880dad093558b5b415948b7ab,197,"{""app_users"": 115, ""store_customers"": 82}",2,worthless,Observed on 197 physical records; strict Rule 2 threshold is greater than 40.,trim only,197,19306
first_name,Q***,f4fc64770aa7dd1e5e31fbe1c15e54fc5bd50af620ce62a893b317bbe90f5e80,197,"{""app_users"": 123, ""store_customers"": 74}",2,worthless,Observed on 197 physical records; strict Rule 2 threshold is greater than 40.,trim only,197,19306
last_name,N***,1b51c05738c8829b0b3fb1be275a6ab8e064858b33560da8f3b4024054ffc46f,197,"{""app_users"": 115, ""store_customers"": 82}",2,worthless,Observed on 197 physical records; strict Rule 2 threshold is greater than 40.,trim only,197,19306
last_name,Z***,1e6954d08abc44ef8c997c91247863f14d1d148a0a2260cec2e7089286980e18,197,"{""app_users"": 125, ""store_customers"": 72}",2,worthless,Observed on 197 physical records; strict Rule 2 threshold is greater than 40.,trim only,197,19306
last_name,M***,2881c2baac65cd0a1482749be35807e63d7739acd181c92814ce33e9ca2895ac,197,"{""app_users"": 127, ""store_customers"": 70}",2,worthless,Observed on 197 physical records; strict Rule 2 threshold is greater than 40.,trim only,197,19306
last_name,W***,4a310be519ffdefc247bffc06bff56952a288b3259f71d449541814a5a95bdac,197,"{""app_users"": 123, ""store_customers"": 74}",2,worthless,Observed on 197 physical records; strict Rule 2 threshold is greater than 40.,trim only,197,19306
last_name,R***,4f4483da8a7dee8e15bffcb83e5edeb69f602cf1fe8129319ff33c14e5eedc1b,197,"{""app_users"": 114, ""store_customers"": 83}",2,worthless,Observed on 197 physical records; strict Rule 2 threshold is greater than 40.,trim only,197,19306
last_name,Z***,51f61ca5b8f73246ac0fc497ef2e00ddcf5a369532528036dc7200a90e97598a,197,"{""app_users"": 109, ""store_customers"": 88}",2,worthless,Observed on 197 physical records; strict Rule 2 threshold is greater than 40.,trim only,197,19306
last_name,X***,56c9cdf78be4c4a8cd755314f0d81d3ee802e411445a1e4f75f70177d8957f34,197,"{""app_users"": 107, ""store_customers"": 90}",2,worthless,Observed on 197 physical records; strict Rule 2 threshold is greater than 40.,trim only,197,19306
last_name,R***,58594dc1171af464a6e6202284c1e9000bf6407dc4cd6c87143969cc94713645,197,"{""app_users"": 112, ""store_customers"": 85}",2,worthless,Observed on 197 physical records; strict Rule 2 threshold is greater than 40.,trim only,197,19306
last_name,W***,69d1ac1a6e068c73c00ac4707a7d77d60360688049d9472400c6155db7d9c1be,197,"{""app_users"": 111, ""store_customers"": 86}",2,worthless,Observed on 197 physical records; strict Rule 2 threshold is greater than 40.,trim only,197,19306
last_name,T***,6fb3ac5a35102af4e4c9b6ad25c9f624695ecc48a80659641384e817d281e1aa,197,"{""app_users"": 105, ""store_customers"": 92}",2,worthless,Observed on 197 physical records; strict Rule 2 threshold is greater than 40.,trim only,197,19306
last_name,D***,8493c9d31c3a5116da08b008f68626811c402e85156318dd47e813edd82d2a1e,197,"{""app_users"": 129, ""store_customers"": 68}",2,worthless,Observed on 197 physical records; strict Rule 2 threshold is greater than 40.,trim only,197,19306
last_name,K***,8da9b1a93e618b773243a01ff6d8f2a50859877c649d9508eddd53deb5e161c4,197,"{""app_users"": 121, ""store_customers"": 76}",2,worthless,Observed on 197 physical records; strict Rule 2 threshold is greater than 40.,trim only,197,19306
last_name,R***,8f118a06f7eff723ddae581c5a2312919162eeae3db0e55f438e9611151409de,197,"{""app_users"": 96, ""store_customers"": 101}",2,worthless,Observed on 197 physical records; strict Rule 2 threshold is greater than 40.,trim only,197,19306
last_name,S***,9138687f4f28425dd7fad8973b3728a6d73c73d4b14eb8e751a4dac7b7b8b0a5,197,"{""app_users"": 121, ""store_customers"": 76}",2,worthless,Observed on 197 physical records; strict Rule 2 threshold is greater than 40.,trim only,197,19306
last_name,P***,94866e656a1658d0200380b857b8f6d1eb8c1ca374637f658277a8e860c0879e,197,"{""app_users"": 114, ""store_customers"": 83}",2,worthless,Observed on 197 physical records; strict Rule 2 threshold is greater than 40.,trim only,197,19306
last_name,R***,97ed32139b8906badc874927715e77dfddd93479e78e5e4e74ad9428eee1e3e6,197,"{""app_users"": 121, ""store_customers"": 76}",2,worthless,Observed on 197 physical records; strict Rule 2 threshold is greater than 40.,trim only,197,19306
last_name,F***,a9b612c3c581116decc148217e123b3984fc076c81e8e7cf49ddf4e54eef6564,197,"{""app_users"": 105, ""store_customers"": 92}",2,worthless,Observed on 197 physical records; strict Rule 2 threshold is greater than 40.,trim only,197,19306
last_name,S***,ac10355be88df127b6027d73f9b5c6978ce43aa13d9b18ee711177093724023c,197,"{""app_users"": 108, ""store_customers"": 89}",2,worthless,Observed on 197 physical records; strict Rule 2 threshold is greater than 40.,trim only,197,19306
last_name,W***,c643635e52c01885b0f90c68f9cceb7bd73ef322d2e5a9865d400d3f8469c514,197,"{""app_users"": 119, ""store_customers"": 78}",2,worthless,Observed on 197 physical records; strict Rule 2 threshold is greater than 40.,trim only,197,19306
last_name,T***,cb0cf975b7156e2509e27177a5efd38498ab01000c80caa492a5067052d3ab4f,197,"{""app_users"": 116, ""store_customers"": 81}",2,worthless,Observed on 197 physical records; strict Rule 2 threshold is greater than 40.,trim only,197,19306
last_name,G***,ebd95bf8ae50f14f065111a1892c02c3f6272bd202b6cced754d07482e568ad7,197,"{""app_users"": 110, ""store_customers"": 87}",2,worthless,Observed on 197 physical records; strict Rule 2 threshold is greater than 40.,trim only,197,19306
last_name,S***,ec49aaf041841861498284927f6847855bc18188a76395e9564eea0e2ae827a3,197,"{""app_users"": 110, ""store_customers"": 87}",2,worthless,Observed on 197 physical records; strict Rule 2 threshold is greater than 40.,trim only,197,19306
last_name,R***,fc18e3e8b32dcfd1743cad2bc4694de5aba101d94aec328805469672d0c07d35,197,"{""app_users"": 132, ""store_customers"": 65}",2,worthless,Observed on 197 physical records; strict Rule 2 threshold is greater than 40.,trim only,197,19306
first_name,M***,0f49eef6903298c6caa814ab80f0794bf1d3b97d31d9f457044b101e38ac8f52,196,"{""app_users"": 114, ""store_customers"": 82}",2,worthless,Observed on 196 physical records; strict Rule 2 threshold is greater than 40.,trim only,196,19110
first_name,S***,1b9903c135368e5ea4c434b5e70bd5968dfcee9340da4c48bfd8b75e66170519,196,"{""app_users"": 111, ""store_customers"": 85}",2,worthless,Observed on 196 physical records; strict Rule 2 threshold is greater than 40.,trim only,196,19110
first_name,Y***,22157e013e5336848321b674cc9b6e1a6b77c33e9998eb926649afceadbe6010,196,"{""app_users"": 124, ""store_customers"": 72}",2,worthless,Observed on 196 physical records; strict Rule 2 threshold is greater than 40.,trim only,196,19110
first_name,W***,2386fb6eff06e56638cc86b78ddfaf8c6596fa83b7fc855b6552b32bf848a80e,196,"{""app_users"": 106, ""store_customers"": 90}",2,worthless,Observed on 196 physical records; strict Rule 2 threshold is greater than 40.,trim only,196,19110
first_name,C***,2c8f793df46f92e498bd938a6fb5cf39a3c3744bc8783f5ee94666fc0ada7b66,196,"{""app_users"": 125, ""store_customers"": 71}",2,worthless,Observed on 196 physical records; strict Rule 2 threshold is greater than 40.,trim only,196,19110
first_name,N***,33675b79c46aa5ef5fdf076c4e5ca50c81c3ba2fe30a833266b16c4d003c40a0,196,"{""app_users"": 112, ""store_customers"": 84}",2,worthless,Observed on 196 physical records; strict Rule 2 threshold is greater than 40.,trim only,196,19110
first_name,Y***,36753cdc121596c209c3bcf0722ef64f0b87ae78b8aa5aaf3db66122f0d2e222,196,"{""app_users"": 124, ""store_customers"": 72}",2,worthless,Observed on 196 physical records; strict Rule 2 threshold is greater than 40.,trim only,196,19110
first_name,P***,3c66ed0070a1c3cf36656421cbaec1238f2739ade887f16e918e2c54adcc480f,196,"{""app_users"": 109, ""store_customers"": 87}",2,worthless,Observed on 196 physical records; strict Rule 2 threshold is greater than 40.,trim only,196,19110
first_name,P***,4259017b905c73bfeb0417bf3380ea4b170b58b9a9c57ffcb5fe1154e228ccfd,196,"{""app_users"": 106, ""store_customers"": 90}",2,worthless,Observed on 196 physical records; strict Rule 2 threshold is greater than 40.,trim only,196,19110
first_name,K***,43609c0fb2075decd455e805943ce11bc9e0eab88aecee289d87be795aaf64ff,196,"{""app_users"": 125, ""store_customers"": 71}",2,worthless,Observed on 196 physical records; strict Rule 2 threshold is greater than 40.,trim only,196,19110
first_name,T***,44e68acc4fe12f117dc53f60e282c9685781a05683952da9555504c7eabd2c01,196,"{""app_users"": 117, ""store_customers"": 79}",2,worthless,Observed on 196 physical records; strict Rule 2 threshold is greater than 40.,trim only,196,19110
first_name,S***,553323699b40f0c599221739ef121cf4f21df51227fb0535cbeab676e8cefd58,196,"{""app_users"": 117, ""store_customers"": 79}",2,worthless,Observed on 196 physical records; strict Rule 2 threshold is greater than 40.,trim only,196,19110
first_name,B***,5cfec8c001bba9344e9bdf159221b263534c9b7c9e00d289f42f61ecdcaa283d,196,"{""app_users"": 116, ""store_customers"": 80}",2,worthless,Observed on 196 physical records; strict Rule 2 threshold is greater than 40.,trim only,196,19110
first_name,G***,5dac729d8e6221e52e5844c11c07e52f5a89b425d94f6422ea1c0f242b2cf2ee,196,"{""app_users"": 132, ""store_customers"": 64}",2,worthless,Observed on 196 physical records; strict Rule 2 threshold is greater than 40.,trim only,196,19110
first_name,R***,6449c1eb7e6c360f5457ae923773d9d933d06000899eadb8cf5031fd738c23b7,196,"{""app_users"": 111, ""store_customers"": 85}",2,worthless,Observed on 196 physical records; strict Rule 2 threshold is greater than 40.,trim only,196,19110
first_name,P***,94578ab900de94a5030badacb5f7ad3367bf641b0940bb157f7d5ac0bed02ee7,196,"{""app_users"": 109, ""store_customers"": 87}",2,worthless,Observed on 196 physical records; strict Rule 2 threshold is greater than 40.,trim only,196,19110
first_name,S***,ac9ef677b82461e77364e2fce5c19ab27530edc2fdd7c572808aa0c488444df2,196,"{""app_users"": 109, ""store_customers"": 87}",2,worthless,Observed on 196 physical records; strict Rule 2 threshold is greater than 40.,trim only,196,19110
first_name,Z***,b013beebcdd4d8f78b072421be947d33b90484d034709378f261e6709e608ab7,196,"{""app_users"": 101, ""store_customers"": 95}",2,worthless,Observed on 196 physical records; strict Rule 2 threshold is greater than 40.,trim only,196,19110
first_name,T***,cd1fa9df99ddfb19e03e2d6d92d45ac66d3ad061705d65a3d8bdd4b207dfa0aa,196,"{""app_users"": 110, ""store_customers"": 86}",2,worthless,Observed on 196 physical records; strict Rule 2 threshold is greater than 40.,trim only,196,19110
first_name,S***,ddcd17f0792a85490ddb9d9bf888837e17f378ab740203009f55835f853b6ec3,196,"{""app_users"": 116, ""store_customers"": 80}",2,worthless,Observed on 196 physical records; strict Rule 2 threshold is greater than 40.,trim only,196,19110
first_name,L***,ddec4af57e10744bae19a20fdc184d8737f46f2d54fb04fcd8fbe4e261d63f49,196,"{""app_users"": 129, ""store_customers"": 67}",2,worthless,Observed on 196 physical records; strict Rule 2 threshold is greater than 40.,trim only,196,19110
first_name,R***,def09ad2812ebf8872c7796e78ceac05eb1f479a2949943e80bf3d07f6c6229d,196,"{""app_users"": 121, ""store_customers"": 75}",2,worthless,Observed on 196 physical records; strict Rule 2 threshold is greater than 40.,trim only,196,19110
first_name,L***,e733b30fedacfd04f6728b65501a73de60ff9054eccab1d5deab91296ba4a543,196,"{""app_users"": 126, ""store_customers"": 70}",2,worthless,Observed on 196 physical records; strict Rule 2 threshold is greater than 40.,trim only,196,19110
first_name,B***,fdc7c2f007b5e6966a4aff7a8531f47e1c9081d6a0aef808be24ea507b96ce2d,196,"{""app_users"": 122, ""store_customers"": 74}",2,worthless,Observed on 196 physical records; strict Rule 2 threshold is greater than 40.,trim only,196,19110
last_name,F***,11c4a6d8c65656f5489071ed1980dc377731a4aec88d09a22262694f1dc0e3e5,196,"{""app_users"": 116, ""store_customers"": 80}",2,worthless,Observed on 196 physical records; strict Rule 2 threshold is greater than 40.,trim only,196,19110
last_name,W***,15e81021a3f01bfad4a0c689c01be7c2c8cd30966c8a0b1e55eb1c3e30ae7d6d,196,"{""app_users"": 111, ""store_customers"": 85}",2,worthless,Observed on 196 physical records; strict Rule 2 threshold is greater than 40.,trim only,196,19110
last_name,D***,175a909e2afb91c5e585095c84b7928ed094285b89cf4461eb5be0b518e63e61,196,"{""app_users"": 120, ""store_customers"": 76}",2,worthless,Observed on 196 physical records; strict Rule 2 threshold is greater than 40.,trim only,196,19110
last_name,P***,2ab5d4d02164cdc4f9e7e58b79814c3830660cd591ce9e0b06f3ab8d2937ef96,196,"{""app_users"": 116, ""store_customers"": 80}",2,worthless,Observed on 196 physical records; strict Rule 2 threshold is greater than 40.,trim only,196,19110
last_name,P***,2bf47650dbef5a0e94e30a34c7cd133a2573c443d1f18111c3fe6d9b3706d732,196,"{""app_users"": 116, ""store_customers"": 80}",2,worthless,Observed on 196 physical records; strict Rule 2 threshold is greater than 40.,trim only,196,19110
last_name,T***,38e6cf658d44b98c4e17223c6d8469f8f8b0b12af56dff5deae8261a6246e29a,196,"{""app_users"": 112, ""store_customers"": 84}",2,worthless,Observed on 196 physical records; strict Rule 2 threshold is greater than 40.,trim only,196,19110
last_name,P***,3d21400d2e59d073c07d098ba82058c6e5bc097410f9b5bd3a4d8c28f23c61e8,196,"{""app_users"": 107, ""store_customers"": 89}",2,worthless,Observed on 196 physical records; strict Rule 2 threshold is greater than 40.,trim only,196,19110
last_name,B***,3eba2851300c88a15a2886c30049bb5ef5dba4ac11c1d5f4da76718885ed5369,196,"{""app_users"": 113, ""store_customers"": 83}",2,worthless,Observed on 196 physical records; strict Rule 2 threshold is greater than 40.,trim only,196,19110
last_name,N***,5133ad8e2e3b7b7871afe939e0504ba000cf2b9e1d3e9d7f06ee03573d3995cb,196,"{""app_users"": 112, ""store_customers"": 84}",2,worthless,Observed on 196 physical records; strict Rule 2 threshold is greater than 40.,trim only,196,19110
last_name,D***,63339521ce18cb2f4b5714a1ca24490df49572f72a7c91fb2370bc23c8d28601,196,"{""app_users"": 115, ""store_customers"": 81}",2,worthless,Observed on 196 physical records; strict Rule 2 threshold is greater than 40.,trim only,196,19110
last_name,Q***,777e7c32b074ee3941d249a66dd67ee3499ffec8b8645198ad4aee049a70f0b6,196,"{""app_users"": 117, ""store_customers"": 79}",2,worthless,Observed on 196 physical records; strict Rule 2 threshold is greater than 40.,trim only,196,19110
last_name,Z***,818ec9921ed7c438ec4b9e786208d495dedd883fa0347add1e20600432c040e7,196,"{""app_users"": 117, ""store_customers"": 79}",2,worthless,Observed on 196 physical records; strict Rule 2 threshold is greater than 40.,trim only,196,19110
last_name,T***,924c3d1c64c01021e59d3b9d40440b1be09ae7b8f02ebbba10f8240bcb930aef,196,"{""app_users"": 118, ""store_customers"": 78}",2,worthless,Observed on 196 physical records; strict Rule 2 threshold is greater than 40.,trim only,196,19110
last_name,Q***,a0674a690339b14db98fe049c0e470e97a956b9d71cb5059ca0157deee8e1ea9,196,"{""app_users"": 111, ""store_customers"": 85}",2,worthless,Observed on 196 physical records; strict Rule 2 threshold is greater than 40.,trim only,196,19110
last_name,R***,a2ce8837a282a799f722f69f9914b56c726caa0648fde75cb2d6cf64dbbf0a8b,196,"{""app_users"": 116, ""store_customers"": 80}",2,worthless,Observed on 196 physical records; strict Rule 2 threshold is greater than 40.,trim only,196,19110
last_name,G***,c5d6dbfcd1d29567b355e9a3502f7db1dd0163939e9697ab38bdd7d29843d394,196,"{""app_users"": 120, ""store_customers"": 76}",2,worthless,Observed on 196 physical records; strict Rule 2 threshold is greater than 40.,trim only,196,19110
last_name,P***,c5d9ee25ed3a7e47de4630f0f830c599fd1fc7dddfab6437684a78e6f8ea0632,196,"{""app_users"": 118, ""store_customers"": 78}",2,worthless,Observed on 196 physical records; strict Rule 2 threshold is greater than 40.,trim only,196,19110
last_name,S***,c9349a76b9aa723ebc2d1f42441d4a385901ecabccdc547dd21e40e0654da1d7,196,"{""app_users"": 113, ""store_customers"": 83}",2,worthless,Observed on 196 physical records; strict Rule 2 threshold is greater than 40.,trim only,196,19110
last_name,Q***,cb93996a21ccdfc746c5dac0e36d04c86b8b6e23f248f1fee88861a0e3fe37cf,196,"{""app_users"": 112, ""store_customers"": 84}",2,worthless,Observed on 196 physical records; strict Rule 2 threshold is greater than 40.,trim only,196,19110
last_name,D***,d45cdb5f25d9fc2790b764ca11aae522092d9b3b750b82121c18a854dcb60fc5,196,"{""app_users"": 111, ""store_customers"": 85}",2,worthless,Observed on 196 physical records; strict Rule 2 threshold is greater than 40.,trim only,196,19110
last_name,T***,ea970be4873194dbd59357dc9b28c77098aa82959da3e8638af8d77a9880430f,196,"{""app_users"": 121, ""store_customers"": 75}",2,worthless,Observed on 196 physical records; strict Rule 2 threshold is greater than 40.,trim only,196,19110
last_name,K***,ec90403ec4ed22927a5a6bfc163dd9e2543becf02a3bb29af0698480bb9e84a7,196,"{""app_users"": 108, ""store_customers"": 88}",2,worthless,Observed on 196 physical records; strict Rule 2 threshold is greater than 40.,trim only,196,19110
last_name,P***,f1665893abb11dd878965042c7f0089f14d43199bbf568dc2e0974d7b66b45c7,196,"{""app_users"": 119, ""store_customers"": 77}",2,worthless,Observed on 196 physical records; strict Rule 2 threshold is greater than 40.,trim only,196,19110
last_name,X***,f1952c9b15068230eb60e4f3a0120e381992120e5910fb89fd66414788900903,196,"{""app_users"": 107, ""store_customers"": 89}",2,worthless,Observed on 196 physical records; strict Rule 2 threshold is greater than 40.,trim only,196,19110
last_name,N***,f5d06b3ebf8e21406d7f40cf25e5cbbf9e2c310299f98301113b922df407a10a,196,"{""app_users"": 118, ""store_customers"": 78}",2,worthless,Observed on 196 physical records; strict Rule 2 threshold is greater than 40.,trim only,196,19110
last_name,T***,fd1be2b66f3b8f53974908ac828e1c62cd1396f9a8f8637b74b16504e3f4a733,196,"{""app_users"": 111, ""store_customers"": 85}",2,worthless,Observed on 196 physical records; strict Rule 2 threshold is greater than 40.,trim only,196,19110
first_name,S***,01c67140e2d02720594bb41f8a5d14f6a67a4f6edfcf9c8558604a537186a5d4,195,"{""app_users"": 105, ""store_customers"": 90}",2,worthless,Observed on 195 physical records; strict Rule 2 threshold is greater than 40.,trim only,195,18915
first_name,L***,0f337abd153786313aac3f013b2aa3039ff60b018524726dd30e3c34be5f336f,195,"{""app_users"": 120, ""store_customers"": 75}",2,worthless,Observed on 195 physical records; strict Rule 2 threshold is greater than 40.,trim only,195,18915
first_name,X***,1200b9b4624d60b68872eb8cf5f68335209f4abd3f731ff299500cc1ca4a3939,195,"{""app_users"": 124, ""store_customers"": 71}",2,worthless,Observed on 195 physical records; strict Rule 2 threshold is greater than 40.,trim only,195,18915
first_name,B***,13ce9749b3e41b16383a8c69d7fa2051278ac270e784ffbf7c6d6b17ea224cd0,195,"{""app_users"": 114, ""store_customers"": 81}",2,worthless,Observed on 195 physical records; strict Rule 2 threshold is greater than 40.,trim only,195,18915
first_name,P***,49f507295d26ef38733d7c6f0168fda7337e898742a8d43876ffa2732fd3c494,195,"{""app_users"": 121, ""store_customers"": 74}",2,worthless,Observed on 195 physical records; strict Rule 2 threshold is greater than 40.,trim only,195,18915
first_name,W***,56d507a7703a75dabab52258b7c30ba1be620a31b15595731d576f24c62bbd90,195,"{""app_users"": 121, ""store_customers"": 74}",2,worthless,Observed on 195 physical records; strict Rule 2 threshold is greater than 40.,trim only,195,18915
first_name,Z***,61789ff25a2aa9d56091d5a159109e81ed00ae0f31ac41b09e6280d0324b2389,195,"{""app_users"": 122, ""store_customers"": 73}",2,worthless,Observed on 195 physical records; strict Rule 2 threshold is greater than 40.,trim only,195,18915
first_name,C***,b3be9d4f1becf797843dcc62047c38175abadda2618f005d56fa087f6625c0c7,195,"{""app_users"": 112, ""store_customers"": 83}",2,worthless,Observed on 195 physical records; strict Rule 2 threshold is greater than 40.,trim only,195,18915
first_name,P***,b5b102e8fa82eb74430297a5031a3f94c050d0b2b7ab1f461566be5627b74b11,195,"{""app_users"": 113, ""store_customers"": 82}",2,worthless,Observed on 195 physical records; strict Rule 2 threshold is greater than 40.,trim only,195,18915
first_name,S***,ccca8dad0392b0c6eae132961eaa7cfbdf0b0f592d217476a3738cd09dd5c7f8,195,"{""app_users"": 120, ""store_customers"": 75}",2,worthless,Observed on 195 physical records; strict Rule 2 threshold is greater than 40.,trim only,195,18915
first_name,K***,ee7cc3eb05885c7fe5915b7793d8f4a3b0fe643ed474e1ccff976150cf871e4c,195,"{""app_users"": 119, ""store_customers"": 76}",2,worthless,Observed on 195 physical records; strict Rule 2 threshold is greater than 40.,trim only,195,18915
first_name,C***,f34a4f40d4e6996a4d4bd0ba15b0052d2a4de2a170b23a6ff8969fcd8ddd76e4,195,"{""app_users"": 104, ""store_customers"": 91}",2,worthless,Observed on 195 physical records; strict Rule 2 threshold is greater than 40.,trim only,195,18915
last_name,C***,0290dacf179881ea960af9426c168a4cc9f97be50cda6ec877bbcbbe9f342eb4,195,"{""app_users"": 105, ""store_customers"": 90}",2,worthless,Observed on 195 physical records; strict Rule 2 threshold is greater than 40.,trim only,195,18915
last_name,J***,06ef233a470cfe3f9c264010beab2c35894f2ce4ac037d305ae1343bce36b9b4,195,"{""app_users"": 112, ""store_customers"": 83}",2,worthless,Observed on 195 physical records; strict Rule 2 threshold is greater than 40.,trim only,195,18915
last_name,G***,0774e08f168d49189b5fa531c0bc1b7c935ca1727a2423b4f0e04b219a2a51ca,195,"{""app_users"": 116, ""store_customers"": 79}",2,worthless,Observed on 195 physical records; strict Rule 2 threshold is greater than 40.,trim only,195,18915
last_name,W***,110cdb78355712a6cd6e0904175a82114f78958fb5772b1a15ae41dd4657ee87,195,"{""app_users"": 111, ""store_customers"": 84}",2,worthless,Observed on 195 physical records; strict Rule 2 threshold is greater than 40.,trim only,195,18915
last_name,Z***,2cd3ae169493615fa5d6e9e9876d3bc62aa7e1524fdd4a76097a8b054444c2c1,195,"{""app_users"": 106, ""store_customers"": 89}",2,worthless,Observed on 195 physical records; strict Rule 2 threshold is greater than 40.,trim only,195,18915
last_name,N***,3a53af1d8ab528c3aa334e91c75316cfb2baf268181a9de3d9e345a92ab9c460,195,"{""app_users"": 121, ""store_customers"": 74}",2,worthless,Observed on 195 physical records; strict Rule 2 threshold is greater than 40.,trim only,195,18915
last_name,K***,3e5b2c218121e6ae47cca052b480a04f1bcfad3aa3c2bfe0cdf3a4ab23203891,195,"{""app_users"": 109, ""store_customers"": 86}",2,worthless,Observed on 195 physical records; strict Rule 2 threshold is greater than 40.,trim only,195,18915
last_name,B***,4ac4049f04df80062e11ed80f1a40da8828d0445deda122233ba35984c7d9dad,195,"{""app_users"": 119, ""store_customers"": 76}",2,worthless,Observed on 195 physical records; strict Rule 2 threshold is greater than 40.,trim only,195,18915
last_name,B***,5d4cdd2ff9688a6eb319dcca89abf5511d78aeded65ae1d9b2a99fc8a2d327b5,195,"{""app_users"": 112, ""store_customers"": 83}",2,worthless,Observed on 195 physical records; strict Rule 2 threshold is greater than 40.,trim only,195,18915
last_name,M***,5edc899948b043fd3a49f6fe1730e95552c8c1d253a7921a343494b7f5cd0ead,195,"{""app_users"": 101, ""store_customers"": 94}",2,worthless,Observed on 195 physical records; strict Rule 2 threshold is greater than 40.,trim only,195,18915
last_name,Z***,6bc77994f26c3c28be481eedf0ca40a76bcce333744be82649301a5c6b47a107,195,"{""app_users"": 120, ""store_customers"": 75}",2,worthless,Observed on 195 physical records; strict Rule 2 threshold is greater than 40.,trim only,195,18915
last_name,P***,6c0d201c92fcac00b189657817207b0b419fe9c8cf59a6c67c6a1438c12d9fbd,195,"{""app_users"": 106, ""store_customers"": 89}",2,worthless,Observed on 195 physical records; strict Rule 2 threshold is greater than 40.,trim only,195,18915
last_name,N***,6fca77598f8052936221f633758b28f6ca299d6f91f2cdfa11fa51f39b454426,195,"{""app_users"": 119, ""store_customers"": 76}",2,worthless,Observed on 195 physical records; strict Rule 2 threshold is greater than 40.,trim only,195,18915
last_name,C***,70e51fb3bc35ca6e06f9b423eba1b2537f838ab05b9cdde3e367bfe7431fcbea,195,"{""app_users"": 113, ""store_customers"": 82}",2,worthless,Observed on 195 physical records; strict Rule 2 threshold is greater than 40.,trim only,195,18915
last_name,T***,73fecfa86531bd83c293d3569e91b29778da79d8fed3f1575997607c4ddeceb6,195,"{""app_users"": 117, ""store_customers"": 78}",2,worthless,Observed on 195 physical records; strict Rule 2 threshold is greater than 40.,trim only,195,18915
last_name,D***,8b0235c39ec563cb94ea661a787250431f1cb1d1b521103e9e84b4edde4070a2,195,"{""app_users"": 119, ""store_customers"": 76}",2,worthless,Observed on 195 physical records; strict Rule 2 threshold is greater than 40.,trim only,195,18915
last_name,F***,b7199680e2ae6f6c5522c9c9b4a30c9ace2aa1ceb4e3632d77403e559d78fe31,195,"{""app_users"": 121, ""store_customers"": 74}",2,worthless,Observed on 195 physical records; strict Rule 2 threshold is greater than 40.,trim only,195,18915
last_name,C***,baaab3339b83ff3dca1a99501c585ec8ac54be3f6ed9ed8eaf1d2d99faf15e97,195,"{""app_users"": 120, ""store_customers"": 75}",2,worthless,Observed on 195 physical records; strict Rule 2 threshold is greater than 40.,trim only,195,18915
last_name,P***,c4c24e362f7ba1ee423ee5415039b15bba76718e96c0b62f2e36c865c98412ca,195,"{""app_users"": 128, ""store_customers"": 67}",2,worthless,Observed on 195 physical records; strict Rule 2 threshold is greater than 40.,trim only,195,18915
last_name,T***,cd35b7dd5e13fa478dde0be4f6945c661392e23f7231db0c9ef340a86c08dfda,195,"{""app_users"": 123, ""store_customers"": 72}",2,worthless,Observed on 195 physical records; strict Rule 2 threshold is greater than 40.,trim only,195,18915
last_name,B***,db46a4d8a389e141ef1dee33164a78e5a6bb2e8d5fc5328512c46eef6ed7a032,195,"{""app_users"": 133, ""store_customers"": 62}",2,worthless,Observed on 195 physical records; strict Rule 2 threshold is greater than 40.,trim only,195,18915
last_name,P***,ef44c838362de4607b0e1d125390f559dd7a0500c5a1566722981144b7728fb1,195,"{""app_users"": 115, ""store_customers"": 80}",2,worthless,Observed on 195 physical records; strict Rule 2 threshold is greater than 40.,trim only,195,18915
last_name,F***,efd0402cf03fe97bac2b6f6225ca48cc00de9023a3263f35c800bc10a3113a6f,195,"{""app_users"": 113, ""store_customers"": 82}",2,worthless,Observed on 195 physical records; strict Rule 2 threshold is greater than 40.,trim only,195,18915
first_name,B***,0eec7e83b23155f8f5d39504bf4ae95ca8721f896ae77cf9930f81fd8cd2921f,194,"{""app_users"": 121, ""store_customers"": 73}",2,worthless,Observed on 194 physical records; strict Rule 2 threshold is greater than 40.,trim only,194,18721
first_name,L***,1e85ecafb91cc86666852845c4e35dbfbaf981d5248165d49d6c9f7c2a5d404c,194,"{""app_users"": 119, ""store_customers"": 75}",2,worthless,Observed on 194 physical records; strict Rule 2 threshold is greater than 40.,trim only,194,18721
first_name,S***,22a4bcd659b29cf30ea9b2c62fa9de3c5abba893c01ecdbdbfa5ccd0044d1672,194,"{""app_users"": 98, ""store_customers"": 96}",2,worthless,Observed on 194 physical records; strict Rule 2 threshold is greater than 40.,trim only,194,18721
first_name,C***,273dd1208fbd7d9244ca41ec107abcfdd9037ca1c44c0ebeaf7bb6cbef2f66d0,194,"{""app_users"": 100, ""store_customers"": 94}",2,worthless,Observed on 194 physical records; strict Rule 2 threshold is greater than 40.,trim only,194,18721
first_name,P***,360ee000cdf8daf0b1bcf31a88955e46f56466e08bd81e1a02d1f2cd185bedb8,194,"{""app_users"": 121, ""store_customers"": 73}",2,worthless,Observed on 194 physical records; strict Rule 2 threshold is greater than 40.,trim only,194,18721
first_name,G***,3ba4c5403a33a49e30e65ed4c000417ec662b5d7b9154b08c2db17efdd74323f,194,"{""app_users"": 116, ""store_customers"": 78}",2,worthless,Observed on 194 physical records; strict Rule 2 threshold is greater than 40.,trim only,194,18721
first_name,C***,4f9d8535e0c018cc4897facf9c1e9aa74f8bd261f543fb323b5eb1fbcd60dd48,194,"{""app_users"": 108, ""store_customers"": 86}",2,worthless,Observed on 194 physical records; strict Rule 2 threshold is greater than 40.,trim only,194,18721
first_name,P***,55564fca771305f3ade993070708b93c932eb87d16ba7414124fade71eb0a00a,194,"{""app_users"": 131, ""store_customers"": 63}",2,worthless,Observed on 194 physical records; strict Rule 2 threshold is greater than 40.,trim only,194,18721
first_name,P***,72d61365cd7dc456d4d2d70d644d44f3df3dac2fd7a9005dd1676d18f40362c9,194,"{""app_users"": 115, ""store_customers"": 79}",2,worthless,Observed on 194 physical records; strict Rule 2 threshold is greater than 40.,trim only,194,18721
first_name,R***,765b371a6bfd73cae8d500a478dc4c840ad03c6f66cd0158aa4eda4c90c07c51,194,"{""app_users"": 119, ""store_customers"": 75}",2,worthless,Observed on 194 physical records; strict Rule 2 threshold is greater than 40.,trim only,194,18721
first_name,D***,7a8884aec79331c8683217038a05db42e2b843b9ab7aa4d2b9d7ff705199d776,194,"{""app_users"": 119, ""store_customers"": 75}",2,worthless,Observed on 194 physical records; strict Rule 2 threshold is greater than 40.,trim only,194,18721
first_name,X***,8b390004adff397fdb7a26f64b78a3887009026afe2cdb5d842c23df1a8228d6,194,"{""app_users"": 103, ""store_customers"": 91}",2,worthless,Observed on 194 physical records; strict Rule 2 threshold is greater than 40.,trim only,194,18721
first_name,K***,917d3493fb3f9e0113c044a30b83663568357e962340efb0ec85d95cea8ee665,194,"{""app_users"": 114, ""store_customers"": 80}",2,worthless,Observed on 194 physical records; strict Rule 2 threshold is greater than 40.,trim only,194,18721
first_name,B***,b3ebfc11e8b3cd4682368664d1cd215970164efa5ef37adcf0ddbefb4dae5f56,194,"{""app_users"": 104, ""store_customers"": 90}",2,worthless,Observed on 194 physical records; strict Rule 2 threshold is greater than 40.,trim only,194,18721
first_name,V***,c5b0baefc408fbd5bb1e6f69c0dd9cd9df5d46b640137d1d1284a6a58562b432,194,"{""app_users"": 110, ""store_customers"": 84}",2,worthless,Observed on 194 physical records; strict Rule 2 threshold is greater than 40.,trim only,194,18721
first_name,J***,d9c904b99db0aa6efc1de942e578e274657112b61f4868daa752d4c981c755f7,194,"{""app_users"": 110, ""store_customers"": 84}",2,worthless,Observed on 194 physical records; strict Rule 2 threshold is greater than 40.,trim only,194,18721
first_name,N***,e7a4d05e2aca589bcdf98a909ccbc625c74303f35ebd5ddfec335a8eac150a40,194,"{""app_users"": 107, ""store_customers"": 87}",2,worthless,Observed on 194 physical records; strict Rule 2 threshold is greater than 40.,trim only,194,18721
first_name,V***,eaed2c95e19ff8d67a8d1c8d2087cf1b3432a904c54e784fc7050a4fb0c20bfe,194,"{""app_users"": 121, ""store_customers"": 73}",2,worthless,Observed on 194 physical records; strict Rule 2 threshold is greater than 40.,trim only,194,18721
first_name,P***,fc3e1024de8e7b098b9869198929f15c5b9a58bcf1fea93e5b6f6bf67a5233b3,194,"{""app_users"": 119, ""store_customers"": 75}",2,worthless,Observed on 194 physical records; strict Rule 2 threshold is greater than 40.,trim only,194,18721
last_name,N***,1ea928ffbcd92890de4fd1fa0324a943b627043c8b96d4428d1a1f4c1ef4f63c,194,"{""app_users"": 98, ""store_customers"": 96}",2,worthless,Observed on 194 physical records; strict Rule 2 threshold is greater than 40.,trim only,194,18721
last_name,W***,22c1e2575cb5a79d6414de5e57f3f3cb32a94c5886fdf7094a1f877aa3f02db7,194,"{""app_users"": 121, ""store_customers"": 73}",2,worthless,Observed on 194 physical records; strict Rule 2 threshold is greater than 40.,trim only,194,18721
last_name,S***,2a694b3703c6cd4822d367142a81113de514c34d44432ab8766e7cda4c5b3c0f,194,"{""app_users"": 127, ""store_customers"": 67}",2,worthless,Observed on 194 physical records; strict Rule 2 threshold is greater than 40.,trim only,194,18721
last_name,P***,323efd20253f8ccc872417272e1f694159569ca7539096776655a53be9165c30,194,"{""app_users"": 115, ""store_customers"": 79}",2,worthless,Observed on 194 physical records; strict Rule 2 threshold is greater than 40.,trim only,194,18721
last_name,R***,34417e7fe73f460509e6b59209371fb807165333b531e1a25a8937707d1663bb,194,"{""app_users"": 115, ""store_customers"": 79}",2,worthless,Observed on 194 physical records; strict Rule 2 threshold is greater than 40.,trim only,194,18721
last_name,P***,34d005c054537fe8428ea700edcdfdd682f0828099c856c1d84323f2dd064dfc,194,"{""app_users"": 113, ""store_customers"": 81}",2,worthless,Observed on 194 physical records; strict Rule 2 threshold is greater than 40.,trim only,194,18721
last_name,Q***,3a4c3edd68e6ddc25ab806e7520c6dff5f031878c262f82b96c96732f35992e5,194,"{""app_users"": 122, ""store_customers"": 72}",2,worthless,Observed on 194 physical records; strict Rule 2 threshold is greater than 40.,trim only,194,18721
last_name,W***,3fe48776a3b56ddddc1f5255b00273042192a1dd05204fd816e6012007136427,194,"{""app_users"": 110, ""store_customers"": 84}",2,worthless,Observed on 194 physical records; strict Rule 2 threshold is greater than 40.,trim only,194,18721
last_name,T***,4a31c6125643329a798efbc6a47529ef9857989524bcefafdd5e292922f5558b,194,"{""app_users"": 120, ""store_customers"": 74}",2,worthless,Observed on 194 physical records; strict Rule 2 threshold is greater than 40.,trim only,194,18721
last_name,M***,5660eb3a512ac83a1212a4e8673486bc544eae38b7d358f7752398b32815e85b,194,"{""app_users"": 114, ""store_customers"": 80}",2,worthless,Observed on 194 physical records; strict Rule 2 threshold is greater than 40.,trim only,194,18721
last_name,W***,5e471be460b6e59e6fa8198a3fd8d93a9d2561c57073e3ece88f6bab1500e2c6,194,"{""app_users"": 103, ""store_customers"": 91}",2,worthless,Observed on 194 physical records; strict Rule 2 threshold is greater than 40.,trim only,194,18721
last_name,L***,75823a15020e39819989f5470259bafb33e6279388ec5f499aca5aac236735ad,194,"{""app_users"": 99, ""store_customers"": 95}",2,worthless,Observed on 194 physical records; strict Rule 2 threshold is greater than 40.,trim only,194,18721
last_name,P***,78a0e897ffff8207a8d0f0d5add8d8565e33735f4a9468d06599b9a58eaeed7d,194,"{""app_users"": 112, ""store_customers"": 82}",2,worthless,Observed on 194 physical records; strict Rule 2 threshold is greater than 40.,trim only,194,18721
last_name,K***,7b4c1f737ce1ceb2dcc6010769d2e73bbda871a43f0692200441cfab316b9d06,194,"{""app_users"": 120, ""store_customers"": 74}",2,worthless,Observed on 194 physical records; strict Rule 2 threshold is greater than 40.,trim only,194,18721
last_name,D***,80f3a4fe1d20993537a635a6e66d38f23d82af1cb171bd0fa4bf9fee536ec75c,194,"{""app_users"": 103, ""store_customers"": 91}",2,worthless,Observed on 194 physical records; strict Rule 2 threshold is greater than 40.,trim only,194,18721
last_name,V***,8af8ce448235349f2a98b4940f33c078f6b36b7f80afa87d7f8e5337fa2be539,194,"{""app_users"": 116, ""store_customers"": 78}",2,worthless,Observed on 194 physical records; strict Rule 2 threshold is greater than 40.,trim only,194,18721
last_name,N***,917e12d5530f46ddc0147d902865094f06423c218d2f886b683e781f46bea9da,194,"{""app_users"": 118, ""store_customers"": 76}",2,worthless,Observed on 194 physical records; strict Rule 2 threshold is greater than 40.,trim only,194,18721
last_name,X***,aa9813874787300e023d7b6113334c3a742ad1de33bb018b6ecc3d372069f732,194,"{""app_users"": 112, ""store_customers"": 82}",2,worthless,Observed on 194 physical records; strict Rule 2 threshold is greater than 40.,trim only,194,18721
last_name,J***,cd38ad5c0929cfb317e1685e77dce68f2bb6d68899e5f7d121536d78b552c230,194,"{""app_users"": 117, ""store_customers"": 77}",2,worthless,Observed on 194 physical records; strict Rule 2 threshold is greater than 40.,trim only,194,18721
last_name,S***,e4c6711239abf4bddbf4690db38869e484e864546c678b4cda8ef455db89cf33,194,"{""app_users"": 102, ""store_customers"": 92}",2,worthless,Observed on 194 physical records; strict Rule 2 threshold is greater than 40.,trim only,194,18721
first_name,S***,00b3e2307dd754d0593a42d2728c2cf0c973778685d1f699b0a21682e21c89c9,193,"{""app_users"": 124, ""store_customers"": 69}",2,worthless,Observed on 193 physical records; strict Rule 2 threshold is greater than 40.,trim only,193,18528
first_name,T***,185a7f78ac60fe16ead8e545fda1fa95136ba7a2cb689fc599ee30b445dbb527,193,"{""app_users"": 123, ""store_customers"": 70}",2,worthless,Observed on 193 physical records; strict Rule 2 threshold is greater than 40.,trim only,193,18528
first_name,C***,199342e9b5941527083def2ad2b26f0a3c8885b5a72240af19aabe19dd6248ef,193,"{""app_users"": 113, ""store_customers"": 80}",2,worthless,Observed on 193 physical records; strict Rule 2 threshold is greater than 40.,trim only,193,18528
first_name,S***,1b158e74bbe4b0e6beb08d1c625bc2e46cc1c99e941d7cd60279409706b7a59e,193,"{""app_users"": 115, ""store_customers"": 78}",2,worthless,Observed on 193 physical records; strict Rule 2 threshold is greater than 40.,trim only,193,18528
first_name,C***,1f7865eb6c61832e5ba5fe9a211ab2c9452ecfe471c9792107039f61539e71ed,193,"{""app_users"": 114, ""store_customers"": 79}",2,worthless,Observed on 193 physical records; strict Rule 2 threshold is greater than 40.,trim only,193,18528
first_name,S***,27d1c6dea0588dea5760b417ce18bf1af946b3fb7bbb9da6cb7b723eaad64049,193,"{""app_users"": 99, ""store_customers"": 94}",2,worthless,Observed on 193 physical records; strict Rule 2 threshold is greater than 40.,trim only,193,18528
first_name,S***,2ce2ecbbda03acf89dc9d6f66cb7a17e8d7f207de6ffcf63fc15b0d20b4e7996,193,"{""app_users"": 107, ""store_customers"": 86}",2,worthless,Observed on 193 physical records; strict Rule 2 threshold is greater than 40.,trim only,193,18528
first_name,X***,53a5ef657cea72210c7a17b984c21daec675ba61143868b555aa68d417a8d17f,193,"{""app_users"": 107, ""store_customers"": 86}",2,worthless,Observed on 193 physical records; strict Rule 2 threshold is greater than 40.,trim only,193,18528
first_name,F***,5b6451f3845a1f70a75557666f26f1d95da603a1047f0f1478c191b035b274c5,193,"{""app_users"": 109, ""store_customers"": 84}",2,worthless,Observed on 193 physical records; strict Rule 2 threshold is greater than 40.,trim only,193,18528
first_name,P***,65da7d6a7e1936982e762362c975b6595c6897234afef340269111e95a8c86d6,193,"{""app_users"": 110, ""store_customers"": 83}",2,worthless,Observed on 193 physical records; strict Rule 2 threshold is greater than 40.,trim only,193,18528
first_name,C***,6dba31e68703b567c07c47d5e1280e0e3bd453a58d3267adb7de72bfdabdc68e,193,"{""app_users"": 110, ""store_customers"": 83}",2,worthless,Observed on 193 physical records; strict Rule 2 threshold is greater than 40.,trim only,193,18528
first_name,R***,75addfc946f75892df8477ee89f81d4fefbf9d1db745feeb1832caac18439094,193,"{""app_users"": 96, ""store_customers"": 97}",2,worthless,Observed on 193 physical records; strict Rule 2 threshold is greater than 40.,trim only,193,18528
first_name,Z***,78c17e7f1a459b70e6db3962f3e1966ab58afade0c7b484b659ac7f5819bad41,193,"{""app_users"": 101, ""store_customers"": 92}",2,worthless,Observed on 193 physical records; strict Rule 2 threshold is greater than 40.,trim only,193,18528
first_name,Z***,7c56fb0dd9bcaa307806601556f88845b6e9596add2f51de88aea37eb1e3ab61,193,"{""app_users"": 110, ""store_customers"": 83}",2,worthless,Observed on 193 physical records; strict Rule 2 threshold is greater than 40.,trim only,193,18528
first_name,S***,803ce821369ac0d3c004b6e4937ccb926c4020a388a44cab124b70e5a94f56bf,193,"{""app_users"": 122, ""store_customers"": 71}",2,worthless,Observed on 193 physical records; strict Rule 2 threshold is greater than 40.,trim only,193,18528
first_name,R***,9d7e8dc44220b98e7a1c79bc4b078ee64ed23e00831598180d36de6ffa7500d8,193,"{""app_users"": 114, ""store_customers"": 79}",2,worthless,Observed on 193 physical records; strict Rule 2 threshold is greater than 40.,trim only,193,18528
first_name,K***,dd7efa89039130793cb955f1fae86589028c5e3c2b136cbb70316ce2f1a27162,193,"{""app_users"": 115, ""store_customers"": 78}",2,worthless,Observed on 193 physical records; strict Rule 2 threshold is greater than 40.,trim only,193,18528
first_name,L***,e4177d0494e0f6e75d4409b514ad30b873b42383eca7e42f4ed457029a0f7b82,193,"{""app_users"": 103, ""store_customers"": 90}",2,worthless,Observed on 193 physical records; strict Rule 2 threshold is greater than 40.,trim only,193,18528
first_name,T***,fa387d00763416fd0bd4ca501de415867ff669206840267f1d419fbdfe691c1f,193,"{""app_users"": 120, ""store_customers"": 73}",2,worthless,Observed on 193 physical records; strict Rule 2 threshold is greater than 40.,trim only,193,18528
first_name,M***,fb49e4c592a81b43e7e6ac43a95d36ae3a6cbe16c3170fa9ba958efe1e803c57,193,"{""app_users"": 101, ""store_customers"": 92}",2,worthless,Observed on 193 physical records; strict Rule 2 threshold is greater than 40.,trim only,193,18528
last_name,D***,031ce79e7d50bae381be31e6d76b4803f1c2fc08efa86ab921828c6fc5297f74,193,"{""app_users"": 112, ""store_customers"": 81}",2,worthless,Observed on 193 physical records; strict Rule 2 threshold is greater than 40.,trim only,193,18528
last_name,M***,0b941bd4d06ad31dba0c65994e0ebe99f2167a64190fe679c7734ae770cae263,193,"{""app_users"": 120, ""store_customers"": 73}",2,worthless,Observed on 193 physical records; strict Rule 2 threshold is greater than 40.,trim only,193,18528
last_name,F***,0cae8f9babad71726142971c0456e2682c8aa18108c8b7ffb155b8f329a62123,193,"{""app_users"": 114, ""store_customers"": 79}",2,worthless,Observed on 193 physical records; strict Rule 2 threshold is greater than 40.,trim only,193,18528
last_name,R***,238e587f1bca136b45ba7025e7c1e71b165d9e92cc50b46010617bdc27d72b40,193,"{""app_users"": 113, ""store_customers"": 80}",2,worthless,Observed on 193 physical records; strict Rule 2 threshold is greater than 40.,trim only,193,18528
last_name,B***,3250b4ab23bb251fc6533d75ff8883ebf87e2d5b0b60b10248001ef10de95a55,193,"{""app_users"": 104, ""store_customers"": 89}",2,worthless,Observed on 193 physical records; strict Rule 2 threshold is greater than 40.,trim only,193,18528
last_name,J***,35fcf031ac86b36e27f8947aea067adf5d8ebf7e1f21cf6c97b256059e7b6b06,193,"{""app_users"": 104, ""store_customers"": 89}",2,worthless,Observed on 193 physical records; strict Rule 2 threshold is greater than 40.,trim only,193,18528
last_name,N***,460df55494fa0dd039f4694fb5291b91cb0af00ffeb47ad7b6e9f6369c8a7c96,193,"{""app_users"": 120, ""store_customers"": 73}",2,worthless,Observed on 193 physical records; strict Rule 2 threshold is greater than 40.,trim only,193,18528
last_name,G***,4e6d304c66088ddb60c9b9c208dc489bf68cb39c233e9aceb05bcdfb7ebaf244,193,"{""app_users"": 115, ""store_customers"": 78}",2,worthless,Observed on 193 physical records; strict Rule 2 threshold is greater than 40.,trim only,193,18528
last_name,R***,5c259b8505b30f6c041b686557af76af2af87eb429d52423da8a94f84a2dc220,193,"{""app_users"": 116, ""store_customers"": 77}",2,worthless,Observed on 193 physical records; strict Rule 2 threshold is greater than 40.,trim only,193,18528
last_name,T***,74c7d3fba9c8ad44681dcded6e5409095d9fe1f711c25ebdc722dbe34ff69e58,193,"{""app_users"": 123, ""store_customers"": 70}",2,worthless,Observed on 193 physical records; strict Rule 2 threshold is greater than 40.,trim only,193,18528
last_name,G***,7ac9ba5ba12f2f469646be80f9afdb3f80d242bc5cf7a34294ef7db2928204fb,193,"{""app_users"": 108, ""store_customers"": 85}",2,worthless,Observed on 193 physical records; strict Rule 2 threshold is greater than 40.,trim only,193,18528
last_name,T***,897874eff14c5ce15295e2f19677a915021e636e5ec1e8c443b2b729fabc08c5,193,"{""app_users"": 117, ""store_customers"": 76}",2,worthless,Observed on 193 physical records; strict Rule 2 threshold is greater than 40.,trim only,193,18528
last_name,N***,a02b0dd79e112d5537b0d72b1d92057fbd1419af8f8e5004e055e625e34a7560,193,"{""app_users"": 109, ""store_customers"": 84}",2,worthless,Observed on 193 physical records; strict Rule 2 threshold is greater than 40.,trim only,193,18528
last_name,N***,a3a4e80960c69663a2075ef8fd28361a66025ca6dd895c5a58915a5846286a9b,193,"{""app_users"": 116, ""store_customers"": 77}",2,worthless,Observed on 193 physical records; strict Rule 2 threshold is greater than 40.,trim only,193,18528
last_name,L***,abfa5d94b7499e8528b57e3b4988208c9a9968efaf2fbd480e9fbcf1e291eb78,193,"{""app_users"": 117, ""store_customers"": 76}",2,worthless,Observed on 193 physical records; strict Rule 2 threshold is greater than 40.,trim only,193,18528
last_name,F***,f425a65171c939fe6b63e816ff4c03a903a211be294da9a7f84396f711b036a9,193,"{""app_users"": 122, ""store_customers"": 71}",2,worthless,Observed on 193 physical records; strict Rule 2 threshold is greater than 40.,trim only,193,18528
first_name,C***,0654324531fe0225ab79394c477511158695f1cd1580ee9dcda4549755fc7190,192,"{""app_users"": 111, ""store_customers"": 81}",2,worthless,Observed on 192 physical records; strict Rule 2 threshold is greater than 40.,trim only,192,18336
first_name,J***,0cab2e5e5f2bd5b7206d64d2743bbd17b09339b514ce24ab856c5df7b0a66a11,192,"{""app_users"": 125, ""store_customers"": 67}",2,worthless,Observed on 192 physical records; strict Rule 2 threshold is greater than 40.,trim only,192,18336
first_name,P***,13aacd5cf927b1c9d38fd0d6344f0076d422b4d10d80a43910b04f7189ca24b5,192,"{""app_users"": 127, ""store_customers"": 65}",2,worthless,Observed on 192 physical records; strict Rule 2 threshold is greater than 40.,trim only,192,18336
first_name,K***,1e03e6e5eff4159f3b76a52715aafcc5db8c730a8c6c7c97603bb3fbcd10a834,192,"{""app_users"": 127, ""store_customers"": 65}",2,worthless,Observed on 192 physical records; strict Rule 2 threshold is greater than 40.,trim only,192,18336
first_name,R***,37a1e46b2d89c8d22aa977a5caf0b8ad4c8491265b0d63d8ab9a81eb7eda34aa,192,"{""app_users"": 119, ""store_customers"": 73}",2,worthless,Observed on 192 physical records; strict Rule 2 threshold is greater than 40.,trim only,192,18336
first_name,P***,4179a64197a178dda949db1fa34c7d63b92658acd4066581bad351f16faa6c3c,192,"{""app_users"": 103, ""store_customers"": 89}",2,worthless,Observed on 192 physical records; strict Rule 2 threshold is greater than 40.,trim only,192,18336
first_name,T***,574cba61fd348b3d5eeab582c24334a6e07d3ceeb7529c36318f7c2aaee85163,192,"{""app_users"": 117, ""store_customers"": 75}",2,worthless,Observed on 192 physical records; strict Rule 2 threshold is greater than 40.,trim only,192,18336
first_name,F***,78b58021f386dc5dd80afa834c175a76439302c305fd3efbdc67172fdad1220b,192,"{""app_users"": 119, ""store_customers"": 73}",2,worthless,Observed on 192 physical records; strict Rule 2 threshold is greater than 40.,trim only,192,18336
first_name,G***,819379086d6e52c9bbc1f51e96f5dffe3436d6c5e125c5912e581399b2db5d04,192,"{""app_users"": 128, ""store_customers"": 64}",2,worthless,Observed on 192 physical records; strict Rule 2 threshold is greater than 40.,trim only,192,18336
first_name,F***,a6b8671f5969d04fc822431d2672b18ba09f8b3cc33d235c5a3d53926b1392f1,192,"{""app_users"": 110, ""store_customers"": 82}",2,worthless,Observed on 192 physical records; strict Rule 2 threshold is greater than 40.,trim only,192,18336
first_name,W***,cccde9a1aae98d97e087383470c7a8aafabf52d7aab83c32fe40b4dd4a3ee12a,192,"{""app_users"": 102, ""store_customers"": 90}",2,worthless,Observed on 192 physical records; strict Rule 2 threshold is greater than 40.,trim only,192,18336
first_name,C***,e3478974764263f79d252a7b3f63f1c7e054afa5622c8d6aa83bcf0e6c8c1828,192,"{""app_users"": 107, ""store_customers"": 85}",2,worthless,Observed on 192 physical records; strict Rule 2 threshold is greater than 40.,trim only,192,18336
first_name,R***,fe5d2d5ac00ab377bb5bfc8b44e48c7e6a5f2cbb319ccc1a4f9402fb03497f4d,192,"{""app_users"": 118, ""store_customers"": 74}",2,worthless,Observed on 192 physical records; strict Rule 2 threshold is greater than 40.,trim only,192,18336
last_name,T***,08c769a3dd643d4ca76a74db18379d65b5d24131b9e73feaf4543190d56cc243,192,"{""app_users"": 126, ""store_customers"": 66}",2,worthless,Observed on 192 physical records; strict Rule 2 threshold is greater than 40.,trim only,192,18336
last_name,D***,0a5d285bb6b6e57100e5b47f1b43d298ef9a77ae76f34cbe0ae7d8ade48ca665,192,"{""app_users"": 110, ""store_customers"": 82}",2,worthless,Observed on 192 physical records; strict Rule 2 threshold is greater than 40.,trim only,192,18336
last_name,B***,29a80bcbfebd74d69cdc43db87bea7d31fe9076d5da1fb2a4e56064e6fce68bd,192,"{""app_users"": 104, ""store_customers"": 88}",2,worthless,Observed on 192 physical records; strict Rule 2 threshold is greater than 40.,trim only,192,18336
last_name,D***,41206660b26defe0b837073af89d0067952786a0f8d8b11e89e1314f2cb0bb4c,192,"{""app_users"": 114, ""store_customers"": 78}",2,worthless,Observed on 192 physical records; strict Rule 2 threshold is greater than 40.,trim only,192,18336
last_name,N***,46405a25a7c7081b48ab76f8614eca625a2d8c8beaa1b28770929054c7202a0e,192,"{""app_users"": 114, ""store_customers"": 78}",2,worthless,Observed on 192 physical records; strict Rule 2 threshold is greater than 40.,trim only,192,18336
last_name,S***,47280fd5e0e7ba8fd1a2f3c98df86c20eb5ecf151d729c1ff051998c84ced6d0,192,"{""app_users"": 102, ""store_customers"": 90}",2,worthless,Observed on 192 physical records; strict Rule 2 threshold is greater than 40.,trim only,192,18336
last_name,W***,477531bcdc5a1d0058f2f063f1351585d58c7ea113eca222fa1e29a928952d07,192,"{""app_users"": 126, ""store_customers"": 66}",2,worthless,Observed on 192 physical records; strict Rule 2 threshold is greater than 40.,trim only,192,18336
last_name,G***,4aa5160e24dcd2ef0cfb8b4eb29928381cabb1f937925117f5eb98ad4e65a11d,192,"{""app_users"": 107, ""store_customers"": 85}",2,worthless,Observed on 192 physical records; strict Rule 2 threshold is greater than 40.,trim only,192,18336
last_name,N***,4bf001408c32eb8c7459c9cab05e1addabb4c347b1fb58f08cd618319c665197,192,"{""app_users"": 113, ""store_customers"": 79}",2,worthless,Observed on 192 physical records; strict Rule 2 threshold is greater than 40.,trim only,192,18336
last_name,R***,554f76bba4658c1ab5571c4beeae0c3387248004cfcf4aee9ea5c110cb64c535,192,"{""app_users"": 115, ""store_customers"": 77}",2,worthless,Observed on 192 physical records; strict Rule 2 threshold is greater than 40.,trim only,192,18336
last_name,Z***,613512e149881ccd281aa26f472addc9847e177077063b5f24636751fdc3531a,192,"{""app_users"": 112, ""store_customers"": 80}",2,worthless,Observed on 192 physical records; strict Rule 2 threshold is greater than 40.,trim only,192,18336
last_name,B***,6a20588733fe18b127ad0cf75a0b2609094a8cd00ac0dcd75706751072bd1f05,192,"{""app_users"": 109, ""store_customers"": 83}",2,worthless,Observed on 192 physical records; strict Rule 2 threshold is greater than 40.,trim only,192,18336
last_name,T***,78dd8ee049d610ce7e10e777a3985d96d47d5b852506cec66350e4e0173602a8,192,"{""app_users"": 119, ""store_customers"": 73}",2,worthless,Observed on 192 physical records; strict Rule 2 threshold is greater than 40.,trim only,192,18336
last_name,J***,820453eb81fd298dab3b6ae39732ec968d03d9d185f1fc1813a1328b7a13f360,192,"{""app_users"": 117, ""store_customers"": 75}",2,worthless,Observed on 192 physical records; strict Rule 2 threshold is greater than 40.,trim only,192,18336
last_name,X***,99b0ab7a1d89de35edce824997dcd63b8e1236c88044377ede7edd137c8305ca,192,"{""app_users"": 102, ""store_customers"": 90}",2,worthless,Observed on 192 physical records; strict Rule 2 threshold is greater than 40.,trim only,192,18336
last_name,P***,9e6099310b22da6c842c6e34b69f94de2171a77fcdbd91aebbd86ce7fce0e7e8,192,"{""app_users"": 118, ""store_customers"": 74}",2,worthless,Observed on 192 physical records; strict Rule 2 threshold is greater than 40.,trim only,192,18336
last_name,Z***,a1de2dbe95188d5bdfac5cd982b60baab4d7b1971de7689b2476ed6dfbb50f78,192,"{""app_users"": 114, ""store_customers"": 78}",2,worthless,Observed on 192 physical records; strict Rule 2 threshold is greater than 40.,trim only,192,18336
last_name,N***,b4f45d9c20b8bb6d3612ecdacb126a22559752b6f31f471e0724a1ba50507d28,192,"{""app_users"": 113, ""store_customers"": 79}",2,worthless,Observed on 192 physical records; strict Rule 2 threshold is greater than 40.,trim only,192,18336
last_name,N***,b5f47ae9159e3bd18990985d79d7f915b5184ec84204c85ac556ed13f4973ece,192,"{""app_users"": 127, ""store_customers"": 65}",2,worthless,Observed on 192 physical records; strict Rule 2 threshold is greater than 40.,trim only,192,18336
last_name,R***,e985b5f31e426bb13ebd9b965debb5df90f7537128eaa795a14d6be8201f9c51,192,"{""app_users"": 109, ""store_customers"": 83}",2,worthless,Observed on 192 physical records; strict Rule 2 threshold is greater than 40.,trim only,192,18336
last_name,Y***,ee1e8554d8df5b39371287a4d5bf27e5ba7c63b97821a74c42d54a7ec5589cc1,192,"{""app_users"": 116, ""store_customers"": 76}",2,worthless,Observed on 192 physical records; strict Rule 2 threshold is greater than 40.,trim only,192,18336
last_name,L***,f1157cc02d9d4fa31af9d96c579d96e55713c9d9c519def04ba914fb09437859,192,"{""app_users"": 111, ""store_customers"": 81}",2,worthless,Observed on 192 physical records; strict Rule 2 threshold is greater than 40.,trim only,192,18336
last_name,S***,f50972f14906931dc70a1e838ba50926f714b31b57df2084227da234580ab28f,192,"{""app_users"": 118, ""store_customers"": 74}",2,worthless,Observed on 192 physical records; strict Rule 2 threshold is greater than 40.,trim only,192,18336
last_name,L***,f9f78e9954c335ad65214d722bfbd836c34ddac7d21306623e6bb30ca7fe7a60,192,"{""app_users"": 116, ""store_customers"": 76}",2,worthless,Observed on 192 physical records; strict Rule 2 threshold is greater than 40.,trim only,192,18336
last_name,K***,fc5a1d4f430a58770f1f9b8a42a16845e6e5529b2d7a5ff474d2c38c0d14a055,192,"{""app_users"": 119, ""store_customers"": 73}",2,worthless,Observed on 192 physical records; strict Rule 2 threshold is greater than 40.,trim only,192,18336
first_name,D***,006362637379c353829037ab007e3e492157d8e8dc5c0f3437412c41ba58a32d,191,"{""app_users"": 123, ""store_customers"": 68}",2,worthless,Observed on 191 physical records; strict Rule 2 threshold is greater than 40.,trim only,191,18145
first_name,M***,00d658bc13268e09906fdb7f75e032035e2052fd95739243e14417892d0d8d34,191,"{""app_users"": 103, ""store_customers"": 88}",2,worthless,Observed on 191 physical records; strict Rule 2 threshold is greater than 40.,trim only,191,18145
first_name,Z***,0688f7c2cbce3eb36f739c01e23d1f1303421a7a58e216133d29f65ae1b87ccb,191,"{""app_users"": 118, ""store_customers"": 73}",2,worthless,Observed on 191 physical records; strict Rule 2 threshold is greater than 40.,trim only,191,18145
first_name,C***,1cdc73f729b8b2d5690d1d42fbf5b6c37e0dcb01599794bba893243e24e212f7,191,"{""app_users"": 105, ""store_customers"": 86}",2,worthless,Observed on 191 physical records; strict Rule 2 threshold is greater than 40.,trim only,191,18145
first_name,S***,21dded401990b170c8e29498822913bbe27db1775a0d503a87eaf5e021f41ee8,191,"{""app_users"": 114, ""store_customers"": 77}",2,worthless,Observed on 191 physical records; strict Rule 2 threshold is greater than 40.,trim only,191,18145
first_name,K***,33d9782bb090a532f56527592600b4f379b69630edec2f20f82060839b071966,191,"{""app_users"": 101, ""store_customers"": 90}",2,worthless,Observed on 191 physical records; strict Rule 2 threshold is greater than 40.,trim only,191,18145
first_name,R***,388e2201e101096aaab8f9f749b1e3ae121733617c13b89e0137d4e68879c38b,191,"{""app_users"": 103, ""store_customers"": 88}",2,worthless,Observed on 191 physical records; strict Rule 2 threshold is greater than 40.,trim only,191,18145
first_name,L***,3b50be219631709169a36cfc0119ba0cb74f73311db5bb5dc6ad704cc13bc214,191,"{""app_users"": 104, ""store_customers"": 87}",2,worthless,Observed on 191 physical records; strict Rule 2 threshold is greater than 40.,trim only,191,18145
first_name,M***,4bbd15ce0aa0a3209fab75186d36fdfa77bcfc42ffbc9203a43deb28fcc33c44,191,"{""app_users"": 113, ""store_customers"": 78}",2,worthless,Observed on 191 physical records; strict Rule 2 threshold is greater than 40.,trim only,191,18145
first_name,G***,52a39521913284098f97cbd68cefcc38adee3a7d72ddc422028da7a8c9fadf2c,191,"{""app_users"": 108, ""store_customers"": 83}",2,worthless,Observed on 191 physical records; strict Rule 2 threshold is greater than 40.,trim only,191,18145
first_name,M***,57f231128f361ef7154e3a2a399321236802f17a2c4cbbb1fa1eb001d3bc4aff,191,"{""app_users"": 103, ""store_customers"": 88}",2,worthless,Observed on 191 physical records; strict Rule 2 threshold is greater than 40.,trim only,191,18145
first_name,F***,7d0990db6a8fdb608a13a3cfded26494eb1bdbe03f7bc4463fa106eec6183262,191,"{""app_users"": 108, ""store_customers"": 83}",2,worthless,Observed on 191 physical records; strict Rule 2 threshold is greater than 40.,trim only,191,18145
first_name,N***,841b9472d70203b01873943c443d984c789bc641f1021dabb896651d815df443,191,"{""app_users"": 114, ""store_customers"": 77}",2,worthless,Observed on 191 physical records; strict Rule 2 threshold is greater than 40.,trim only,191,18145
first_name,P***,87cca44dd469e6bedce7bb310c45c3977921725f6ed21c51334f684cd8f086a0,191,"{""app_users"": 110, ""store_customers"": 81}",2,worthless,Observed on 191 physical records; strict Rule 2 threshold is greater than 40.,trim only,191,18145
first_name,C***,95b3085664e1ed5ce0318959128dc1baa0a6e28f79ce8a6cd3b61ebd352927fe,191,"{""app_users"": 127, ""store_customers"": 64}",2,worthless,Observed on 191 physical records; strict Rule 2 threshold is greater than 40.,trim only,191,18145
first_name,T***,95d7f31e20b660e25574f3bfeac897e2443932fcb0bf60fe9d78d513bb2a7f03,191,"{""app_users"": 113, ""store_customers"": 78}",2,worthless,Observed on 191 physical records; strict Rule 2 threshold is greater than 40.,trim only,191,18145
first_name,G***,a2bc9e42d5b026b0abbe240061cf4af05f1f59156822f79ed3905bfec81f7752,191,"{""app_users"": 115, ""store_customers"": 76}",2,worthless,Observed on 191 physical records; strict Rule 2 threshold is greater than 40.,trim only,191,18145
first_name,L***,a9097592c46129c2530c001cbd9d6bc4285e188c527bac12eab6b4be6744e018,191,"{""app_users"": 111, ""store_customers"": 80}",2,worthless,Observed on 191 physical records; strict Rule 2 threshold is greater than 40.,trim only,191,18145
first_name,Y***,be19693cb2d70465062889404ac946bdbef263baf07a14de521bd3eb4af73118,191,"{""app_users"": 101, ""store_customers"": 90}",2,worthless,Observed on 191 physical records; strict Rule 2 threshold is greater than 40.,trim only,191,18145
first_name,J***,d9f940b146e02e7c3efa96dd18c8edc10e84be1de6591114a05b0ac32753e57f,191,"{""app_users"": 112, ""store_customers"": 79}",2,worthless,Observed on 191 physical records; strict Rule 2 threshold is greater than 40.,trim only,191,18145
first_name,D***,decbad3729dc1d895bb44e820f9cb9abb1a9e2a566224cefc6d51575c4643a09,191,"{""app_users"": 109, ""store_customers"": 82}",2,worthless,Observed on 191 physical records; strict Rule 2 threshold is greater than 40.,trim only,191,18145
first_name,W***,e8af7a1cacd585e4cb9b7ed5562502e48a6d1f6ac59b400825929cded3ea66c5,191,"{""app_users"": 120, ""store_customers"": 71}",2,worthless,Observed on 191 physical records; strict Rule 2 threshold is greater than 40.,trim only,191,18145
first_name,L***,f9e6f0e4a7f657777946f3b9a07632fffae36b939bde134809fbd30ea2dba6b1,191,"{""app_users"": 100, ""store_customers"": 91}",2,worthless,Observed on 191 physical records; strict Rule 2 threshold is greater than 40.,trim only,191,18145
first_name,J***,fd085014b40efbb5918d7f50317497ed80d66cd739accb65dab19c0aced9366c,191,"{""app_users"": 122, ""store_customers"": 69}",2,worthless,Observed on 191 physical records; strict Rule 2 threshold is greater than 40.,trim only,191,18145
last_name,L***,062ca0fb9830214e81ccf2a090b16642f17595d01ac56cd4bbfcae413f842bd2,191,"{""app_users"": 122, ""store_customers"": 69}",2,worthless,Observed on 191 physical records; strict Rule 2 threshold is greater than 40.,trim only,191,18145
last_name,S***,0adba5da0f8479ef58bad80a30d506b8e5e64e956892d5756dee149f1faffb20,191,"{""app_users"": 116, ""store_customers"": 75}",2,worthless,Observed on 191 physical records; strict Rule 2 threshold is greater than 40.,trim only,191,18145
last_name,S***,2b8b897e722f77329b5d4d1b32eaa42f140014bdc4a907681a6a8e28aaa9004d,191,"{""app_users"": 123, ""store_customers"": 68}",2,worthless,Observed on 191 physical records; strict Rule 2 threshold is greater than 40.,trim only,191,18145
last_name,S***,3f10d538bdf6a2db7c16bd7149ff94d058a7c9ce470752f34dd557e0985c8d6b,191,"{""app_users"": 111, ""store_customers"": 80}",2,worthless,Observed on 191 physical records; strict Rule 2 threshold is greater than 40.,trim only,191,18145
last_name,C***,50860c2547af4539a7ebbcbf3e3a2bf7d87b5da3bb30c042336fe8f8949f5b2d,191,"{""app_users"": 122, ""store_customers"": 69}",2,worthless,Observed on 191 physical records; strict Rule 2 threshold is greater than 40.,trim only,191,18145
last_name,R***,5590c8478796a6f2ab4d3d27b3e5d9089d0c445cf98bf2a4fa258342b073af77,191,"{""app_users"": 101, ""store_customers"": 90}",2,worthless,Observed on 191 physical records; strict Rule 2 threshold is greater than 40.,trim only,191,18145
last_name,X***,55a487351797e771f4178506e90cbc78163bd4d7455d586de9357a39c68b77ea,191,"{""app_users"": 109, ""store_customers"": 82}",2,worthless,Observed on 191 physical records; strict Rule 2 threshold is greater than 40.,trim only,191,18145
last_name,Z***,5f4dcf99a256cef78c6e26ba567c3ea48674638e10944ea532e30d430559d042,191,"{""app_users"": 117, ""store_customers"": 74}",2,worthless,Observed on 191 physical records; strict Rule 2 threshold is greater than 40.,trim only,191,18145
last_name,Y***,939e8afd0fa76e5241898aca9798a61b3fc5de2237539b9ae5caca96d7bb61dc,191,"{""app_users"": 115, ""store_customers"": 76}",2,worthless,Observed on 191 physical records; strict Rule 2 threshold is greater than 40.,trim only,191,18145
last_name,X***,b5677dedb61b21af656f6af4aaac4916b07ad9becb576d798f5bc0dbb0f07944,191,"{""app_users"": 109, ""store_customers"": 82}",2,worthless,Observed on 191 physical records; strict Rule 2 threshold is greater than 40.,trim only,191,18145
last_name,G***,e56ef511dd66e05daf08f1409a723c62c52a5cd6a74a2f29830498cd9f64c9e1,191,"{""app_users"": 117, ""store_customers"": 74}",2,worthless,Observed on 191 physical records; strict Rule 2 threshold is greater than 40.,trim only,191,18145
last_name,P***,f6e718d78c414835de029c84f18ece43a9e80ec1a69a5bc11fa7f6fd56242b00,191,"{""app_users"": 118, ""store_customers"": 73}",2,worthless,Observed on 191 physical records; strict Rule 2 threshold is greater than 40.,trim only,191,18145
last_name,J***,f9cce6697dc71ac68240c59ed543f7234c4edc497e2d00b36fe4f84d95d39d78,191,"{""app_users"": 107, ""store_customers"": 84}",2,worthless,Observed on 191 physical records; strict Rule 2 threshold is greater than 40.,trim only,191,18145
first_name,S***,09e68479360f526427b8de17b8d1fe6916d557db6e321216f0c5219096a9ced6,190,"{""app_users"": 123, ""store_customers"": 67}",2,worthless,Observed on 190 physical records; strict Rule 2 threshold is greater than 40.,trim only,190,17955
first_name,C***,0b5a30f85183952f0dbf40a400a116159de2092fef6007488eaafce205a13a89,190,"{""app_users"": 102, ""store_customers"": 88}",2,worthless,Observed on 190 physical records; strict Rule 2 threshold is greater than 40.,trim only,190,17955
first_name,P***,4ab8961a860920fd1a7123f4a073c046bb93018a786ae8bb41e9fd0292984ab4,190,"{""app_users"": 121, ""store_customers"": 69}",2,worthless,Observed on 190 physical records; strict Rule 2 threshold is greater than 40.,trim only,190,17955
first_name,V***,524bc4a1a4914679915f58d4549e4043dda503aa9d0ce26afdc0e25e451839ad,190,"{""app_users"": 110, ""store_customers"": 80}",2,worthless,Observed on 190 physical records; strict Rule 2 threshold is greater than 40.,trim only,190,17955
first_name,N***,56776f5215752c0bd08a0258dc81eccd00ff095d0467f9e924dee7fc45a39dc7,190,"{""app_users"": 118, ""store_customers"": 72}",2,worthless,Observed on 190 physical records; strict Rule 2 threshold is greater than 40.,trim only,190,17955
first_name,V***,6faaff4e9cebccd92f837e2e7d185ba97fe3740bc5735e6d7f6175f288a105cc,190,"{""app_users"": 109, ""store_customers"": 81}",2,worthless,Observed on 190 physical records; strict Rule 2 threshold is greater than 40.,trim only,190,17955
first_name,B***,7457e0da0e6a3dbd5b905112b979079e5a376924cfa317ce82d5b0b9565180ec,190,"{""app_users"": 107, ""store_customers"": 83}",2,worthless,Observed on 190 physical records; strict Rule 2 threshold is greater than 40.,trim only,190,17955
first_name,S***,828b9b34b6390eebb1cb60349571f731617e627bead797c4420f32aa85611988,190,"{""app_users"": 116, ""store_customers"": 74}",2,worthless,Observed on 190 physical records; strict Rule 2 threshold is greater than 40.,trim only,190,17955
first_name,L***,82df8600f5b7193b411c09d2efd7193249bcc75fb38aafdb77e7c554b2745717,190,"{""app_users"": 117, ""store_customers"": 73}",2,worthless,Observed on 190 physical records; strict Rule 2 threshold is greater than 40.,trim only,190,17955
first_name,Q***,8b01f4811baf8129e1daa7a4a61e1ac64fc4cb95f16b4cc6f3a92d2b6838429d,190,"{""app_users"": 124, ""store_customers"": 66}",2,worthless,Observed on 190 physical records; strict Rule 2 threshold is greater than 40.,trim only,190,17955
first_name,L***,900a3dc61aef3e569895c2d54c80ab26a8bdea5095f24a201633fcf3588b2731,190,"{""app_users"": 109, ""store_customers"": 81}",2,worthless,Observed on 190 physical records; strict Rule 2 threshold is greater than 40.,trim only,190,17955
first_name,X***,99327c1d81eebc142b05991f414c6508a0b4ae106dbce63945c09e1e9c4ee2e5,190,"{""app_users"": 109, ""store_customers"": 81}",2,worthless,Observed on 190 physical records; strict Rule 2 threshold is greater than 40.,trim only,190,17955
first_name,T***,d5029ca43f64eb9b4f050c7df6a370117de50eee33dac5636dfcb25d507d3ccd,190,"{""app_users"": 121, ""store_customers"": 69}",2,worthless,Observed on 190 physical records; strict Rule 2 threshold is greater than 40.,trim only,190,17955
first_name,B***,e54f0497f817710f36cd869e3e629bde027e93f11d80eb8ac909a9941e69be84,190,"{""app_users"": 115, ""store_customers"": 75}",2,worthless,Observed on 190 physical records; strict Rule 2 threshold is greater than 40.,trim only,190,17955
last_name,S***,171b137130050b39e2134de753a44bb7273a6ee006f27a4339a526a493dc0421,190,"{""app_users"": 106, ""store_customers"": 84}",2,worthless,Observed on 190 physical records; strict Rule 2 threshold is greater than 40.,trim only,190,17955
last_name,R***,30cf9eea1ee8dceab2f86814e9d17cebe2a7bc8e86cb5d94ffaba7a9c6298a82,190,"{""app_users"": 119, ""store_customers"": 71}",2,worthless,Observed on 190 physical records; strict Rule 2 threshold is greater than 40.,trim only,190,17955
last_name,X***,76589cbbf3fdaf29a347d922e567d80d35214d376241e2a0c7fa66f97f9e2634,190,"{""app_users"": 104, ""store_customers"": 86}",2,worthless,Observed on 190 physical records; strict Rule 2 threshold is greater than 40.,trim only,190,17955
last_name,P***,8f1edc13cec81d2f8c069ef8be830dcad84169f53967804c8452cfa67e2a53fb,190,"{""app_users"": 118, ""store_customers"": 72}",2,worthless,Observed on 190 physical records; strict Rule 2 threshold is greater than 40.,trim only,190,17955
last_name,Z***,9da565d91cfe720642c150d1117a22bf9d941d7809e701a2df2dc158f644e8e8,190,"{""app_users"": 116, ""store_customers"": 74}",2,worthless,Observed on 190 physical records; strict Rule 2 threshold is greater than 40.,trim only,190,17955
last_name,X***,aa6a4e015b281fb2fa6882ac1ff343ebc0e80696b5bc89eeca7a65af742d8ae2,190,"{""app_users"": 123, ""store_customers"": 67}",2,worthless,Observed on 190 physical records; strict Rule 2 threshold is greater than 40.,trim only,190,17955
last_name,L***,bd3a46c0dce90324ffdfdb5fbdd17170cedb06aa828f1c1d98417a2c6f24eed0,190,"{""app_users"": 106, ""store_customers"": 84}",2,worthless,Observed on 190 physical records; strict Rule 2 threshold is greater than 40.,trim only,190,17955
first_name,T***,202d8414629a3a509d40d4cd5f3069c744981857b3c7b9637bc1a6d23519a6aa,189,"{""app_users"": 112, ""store_customers"": 77}",2,worthless,Observed on 189 physical records; strict Rule 2 threshold is greater than 40.,trim only,189,17766
first_name,Q***,4d55c6a7534fa276b67731908b385332a01104a81b1753dad63dccf44886f39c,189,"{""app_users"": 102, ""store_customers"": 87}",2,worthless,Observed on 189 physical records; strict Rule 2 threshold is greater than 40.,trim only,189,17766
first_name,P***,9b3d5ada33f48224f5747c3c5888ef8e7cc7e7cc33831cf99802105fc13eca96,189,"{""app_users"": 109, ""store_customers"": 80}",2,worthless,Observed on 189 physical records; strict Rule 2 threshold is greater than 40.,trim only,189,17766
first_name,K***,c56446d2597ef70313e866f1caf0cfc535350d91366056575d4285278f421739,189,"{""app_users"": 108, ""store_customers"": 81}",2,worthless,Observed on 189 physical records; strict Rule 2 threshold is greater than 40.,trim only,189,17766
first_name,S***,c8c6ebbc27a0d8b73f0a587323c413cb4b1e72ef0f9e333e7716969ae6a9b3ca,189,"{""app_users"": 106, ""store_customers"": 83}",2,worthless,Observed on 189 physical records; strict Rule 2 threshold is greater than 40.,trim only,189,17766
first_name,T***,d4f88ff44f500d9c08264c92e7402c2cd79abac8bb4d9329750887b74244ea2d,189,"{""app_users"": 120, ""store_customers"": 69}",2,worthless,Observed on 189 physical records; strict Rule 2 threshold is greater than 40.,trim only,189,17766
first_name,Q***,e1a0de4685273bc3e2b57d08bc293539727cec4794cc7e6a37b27e6d27fdac63,189,"{""app_users"": 114, ""store_customers"": 75}",2,worthless,Observed on 189 physical records; strict Rule 2 threshold is greater than 40.,trim only,189,17766
last_name,R***,02c4326a935143b155a123678bde722fea8c57f463c932020e746689d9ced9d2,189,"{""app_users"": 100, ""store_customers"": 89}",2,worthless,Observed on 189 physical records; strict Rule 2 threshold is greater than 40.,trim only,189,17766
last_name,P***,072caaa0c331431c17be9e61cfa91564f3535fa5c0c6e598a45462ead883535a,189,"{""app_users"": 113, ""store_customers"": 76}",2,worthless,Observed on 189 physical records; strict Rule 2 threshold is greater than 40.,trim only,189,17766
last_name,L***,1d4355178ff99f947517d161456764edd9288c6eaf206a3a402255cf21bcf564,189,"{""app_users"": 105, ""store_customers"": 84}",2,worthless,Observed on 189 physical records; strict Rule 2 threshold is greater than 40.,trim only,189,17766
last_name,S***,26a8ed902cfac1f5e24abffedbccdaba30cac6b31389a8a6b61fb6abe92a61b0,189,"{""app_users"": 127, ""store_customers"": 62}",2,worthless,Observed on 189 physical records; strict Rule 2 threshold is greater than 40.,trim only,189,17766
last_name,Z***,2bd5284aa20c0999a5587ebd82c28a33e652144f89ad82b9e6f6473d334b6ad2,189,"{""app_users"": 128, ""store_customers"": 61}",2,worthless,Observed on 189 physical records; strict Rule 2 threshold is greater than 40.,trim only,189,17766
last_name,C***,492d50e4402caa549d8875db446f4ce620109f69b271a9d7e74dc9673b63e83e,189,"{""app_users"": 110, ""store_customers"": 79}",2,worthless,Observed on 189 physical records; strict Rule 2 threshold is greater than 40.,trim only,189,17766
last_name,L***,5c08d1bc04524f87a9d08971893b907e2130744ac09c4342fdfb41766dfbdf59,189,"{""app_users"": 113, ""store_customers"": 76}",2,worthless,Observed on 189 physical records; strict Rule 2 threshold is greater than 40.,trim only,189,17766
last_name,B***,8871e768da667ffd5485310f6501e40495dbe7a9e0bd366e52734108e58b4d4d,189,"{""app_users"": 117, ""store_customers"": 72}",2,worthless,Observed on 189 physical records; strict Rule 2 threshold is greater than 40.,trim only,189,17766
last_name,P***,8969869b983a6abf0c56593c207f3bfb9d7a0bb12329008cb134f5deb8fbf340,189,"{""app_users"": 116, ""store_customers"": 73}",2,worthless,Observed on 189 physical records; strict Rule 2 threshold is greater than 40.,trim only,189,17766
last_name,C***,8bb0709312df576fc20bca51bc3a5ce86169b0beb0cbc85e196255e5548d356e,189,"{""app_users"": 118, ""store_customers"": 71}",2,worthless,Observed on 189 physical records; strict Rule 2 threshold is greater than 40.,trim only,189,17766
last_name,T***,a6eb960763de4782e2b90628fcada0c79be3846ed8e7936e0bd4ad0a9022cf6d,189,"{""app_users"": 109, ""store_customers"": 80}",2,worthless,Observed on 189 physical records; strict Rule 2 threshold is greater than 40.,trim only,189,17766
last_name,B***,bb0a653f856df741abc9dc46b8a613dbd4496223e2ffba542823edd6a5fd1734,189,"{""app_users"": 106, ""store_customers"": 83}",2,worthless,Observed on 189 physical records; strict Rule 2 threshold is greater than 40.,trim only,189,17766
last_name,N***,d7cd1ff214050a0cf7a1b7a970f2ac9980515151524a784011768d92e8fdff3a,189,"{""app_users"": 110, ""store_customers"": 79}",2,worthless,Observed on 189 physical records; strict Rule 2 threshold is greater than 40.,trim only,189,17766
last_name,C***,e0ed32356452854d74362a391b42877383e80677f5397eeff83c6a1ef58a6adc,189,"{""app_users"": 113, ""store_customers"": 76}",2,worthless,Observed on 189 physical records; strict Rule 2 threshold is greater than 40.,trim only,189,17766
last_name,B***,e85de84ba092f793b894c593b29ddabcb74760b1a2b654bcec7830ff9d583aa0,189,"{""app_users"": 116, ""store_customers"": 73}",2,worthless,Observed on 189 physical records; strict Rule 2 threshold is greater than 40.,trim only,189,17766
last_name,Z***,ec4169f3b0ac913f66234c2511b67a6b17115fdb1970d10ef226ed1089a266f2,189,"{""app_users"": 111, ""store_customers"": 78}",2,worthless,Observed on 189 physical records; strict Rule 2 threshold is greater than 40.,trim only,189,17766
first_name,N***,004ce3e8c5572ec978098ac9235bc272c7e26dbb153858bec567c3921e56ea80,188,"{""app_users"": 122, ""store_customers"": 66}",2,worthless,Observed on 188 physical records; strict Rule 2 threshold is greater than 40.,trim only,188,17578
first_name,P***,1b7010592f3d2ec22f2373a48bb147e6eff8193a102b078079d4de1b52cebfda,188,"{""app_users"": 124, ""store_customers"": 64}",2,worthless,Observed on 188 physical records; strict Rule 2 threshold is greater than 40.,trim only,188,17578
first_name,T***,320ce57fc2acfa2f9158fdc34b6574dbb1cd9a153a6154e6d326d2cdf3045e78,188,"{""app_users"": 110, ""store_customers"": 78}",2,worthless,Observed on 188 physical records; strict Rule 2 threshold is greater than 40.,trim only,188,17578
first_name,N***,3365f9b588116060619f3a3185a05fd87c6cbf5a372308f49af45e9d397dfada,188,"{""app_users"": 120, ""store_customers"": 68}",2,worthless,Observed on 188 physical records; strict Rule 2 threshold is greater than 40.,trim only,188,17578
first_name,T***,34b1b632c33efb593fcfb00c3b685788de4efee31595ff2b12f29d1d5ec356bb,188,"{""app_users"": 124, ""store_customers"": 64}",2,worthless,Observed on 188 physical records; strict Rule 2 threshold is greater than 40.,trim only,188,17578
first_name,V***,3946c86982880e3ac0169ed2e577ba852a4508ee64327a104d0e85abe8f65652,188,"{""app_users"": 96, ""store_customers"": 92}",2,worthless,Observed on 188 physical records; strict Rule 2 threshold is greater than 40.,trim only,188,17578
first_name,S***,4054ee62cb98cc23403de63a1f46f96e5fd14b9616f401617b7e32c45b33891b,188,"{""app_users"": 121, ""store_customers"": 67}",2,worthless,Observed on 188 physical records; strict Rule 2 threshold is greater than 40.,trim only,188,17578
first_name,K***,4bf93b83bd27801f177052c5076fb322cabcfe01c1a85dfa56c3784a1b456696,188,"{""app_users"": 115, ""store_customers"": 73}",2,worthless,Observed on 188 physical records; strict Rule 2 threshold is greater than 40.,trim only,188,17578
first_name,N***,82255544e692a02939a29a3069e8e5aa53b8dc6c30768c596869d0e05340df80,188,"{""app_users"": 97, ""store_customers"": 91}",2,worthless,Observed on 188 physical records; strict Rule 2 threshold is greater than 40.,trim only,188,17578
first_name,P***,8877cc88d5b57be20e78bfb1050d5c463d1eb7880d0cdbada4ef3c199d4703e0,188,"{""app_users"": 103, ""store_customers"": 85}",2,worthless,Observed on 188 physical records; strict Rule 2 threshold is greater than 40.,trim only,188,17578
first_name,P***,8fe998a7e9eae09c048fc3c9738d4eb030e39c5fa952f3becc860dfcfdf4bec7,188,"{""app_users"": 115, ""store_customers"": 73}",2,worthless,Observed on 188 physical records; strict Rule 2 threshold is greater than 40.,trim only,188,17578
first_name,C***,aae90aaafe6387358d8dabaa65c871b47272caeb7a7b71f439c21a396129b66b,188,"{""app_users"": 105, ""store_customers"": 83}",2,worthless,Observed on 188 physical records; strict Rule 2 threshold is greater than 40.,trim only,188,17578
first_name,Z***,bbe48d942cbacc195510b901823020438432ee778c44ca1b9ce96f19e3806de8,188,"{""app_users"": 115, ""store_customers"": 73}",2,worthless,Observed on 188 physical records; strict Rule 2 threshold is greater than 40.,trim only,188,17578
first_name,Q***,e91afa8df280aee581765a833871328ca0f8c003dd3338ed66e9619d77a8dc1c,188,"{""app_users"": 119, ""store_customers"": 69}",2,worthless,Observed on 188 physical records; strict Rule 2 threshold is greater than 40.,trim only,188,17578
first_name,S***,f8acbe4fb9a576a1d53cbf376b6cddd52cbea636bf8923e76ae2921d6e365331,188,"{""app_users"": 110, ""store_customers"": 78}",2,worthless,Observed on 188 physical records; strict Rule 2 threshold is greater than 40.,trim only,188,17578
first_name,P***,faf02c3ac52c96eda36f390834dbd3ca61b80a27fe020592733365b3d0874bad,188,"{""app_users"": 116, ""store_customers"": 72}",2,worthless,Observed on 188 physical records; strict Rule 2 threshold is greater than 40.,trim only,188,17578
last_name,N***,002eb6772b8eead167f6643a2d06da9287b672fb04e701648fc6e1c8153a4ee3,188,"{""app_users"": 118, ""store_customers"": 70}",2,worthless,Observed on 188 physical records; strict Rule 2 threshold is greater than 40.,trim only,188,17578
last_name,J***,02f06c7ccff3f367489b85cf5aaa2492048e520b0c704d4e0f4c9b6321bb84d5,188,"{""app_users"": 115, ""store_customers"": 73}",2,worthless,Observed on 188 physical records; strict Rule 2 threshold is greater than 40.,trim only,188,17578
last_name,W***,2c9a838a6ea9789c994681820eea3bce06793fc901c1c8bd49743d2fc98a83ca,188,"{""app_users"": 120, ""store_customers"": 68}",2,worthless,Observed on 188 physical records; strict Rule 2 threshold is greater than 40.,trim only,188,17578
last_name,C***,373d052a2f92870d1e6de13d5e840615fc6f9b1f307200e475ada8b298575809,188,"{""app_users"": 108, ""store_customers"": 80}",2,worthless,Observed on 188 physical records; strict Rule 2 threshold is greater than 40.,trim only,188,17578
last_name,N***,3a8fce7009298f8400bc3d6956b59a54cd6e9d525731627fa33a2a5bdc9dc797,188,"{""app_users"": 119, ""store_customers"": 69}",2,worthless,Observed on 188 physical records; strict Rule 2 threshold is greater than 40.,trim only,188,17578
last_name,J***,3ca206543692108fa38f15c5f40391b4859c882176c47bfe6df2776a70af81d3,188,"{""app_users"": 100, ""store_customers"": 88}",2,worthless,Observed on 188 physical records; strict Rule 2 threshold is greater than 40.,trim only,188,17578
last_name,D***,49a2e17b302b57106e98b7a3393458f261ab0574e7034176c4f7b21c6cdfd84d,188,"{""app_users"": 120, ""store_customers"": 68}",2,worthless,Observed on 188 physical records; strict Rule 2 threshold is greater than 40.,trim only,188,17578
last_name,C***,4defadf72a32232206b20296c97a01a9b89a521a2cb7089fada41e6a131462a9,188,"{""app_users"": 104, ""store_customers"": 84}",2,worthless,Observed on 188 physical records; strict Rule 2 threshold is greater than 40.,trim only,188,17578
last_name,N***,54bd5f785752d3eb004e4402d508d65e8a9e75201df862451670d282c72f3e6e,188,"{""app_users"": 111, ""store_customers"": 77}",2,worthless,Observed on 188 physical records; strict Rule 2 threshold is greater than 40.,trim only,188,17578
last_name,R***,7390db0be84cc4cd79545424d50927a0beea31d18d9d430c59d2b1644b069e88,188,"{""app_users"": 107, ""store_customers"": 81}",2,worthless,Observed on 188 physical records; strict Rule 2 threshold is greater than 40.,trim only,188,17578
last_name,R***,811432b9fc54fb88e13244fea0de6c9bcecf843e55c545664653f0ab473e4bcf,188,"{""app_users"": 104, ""store_customers"": 84}",2,worthless,Observed on 188 physical records; strict Rule 2 threshold is greater than 40.,trim only,188,17578
last_name,L***,866d6363277c18412c341e2cf69c37bad250071ec35d0d7de145ea4426b3c4b6,188,"{""app_users"": 111, ""store_customers"": 77}",2,worthless,Observed on 188 physical records; strict Rule 2 threshold is greater than 40.,trim only,188,17578
last_name,F***,a6adaf4dfaf21fa24901d84ff899c692665568b523775a7b36ed2d0b87cc0b97,188,"{""app_users"": 102, ""store_customers"": 86}",2,worthless,Observed on 188 physical records; strict Rule 2 threshold is greater than 40.,trim only,188,17578
last_name,P***,bb2343dbca8e386f9a18409263e11201d142afc91e7c8a3a774741230c923e8a,188,"{""app_users"": 114, ""store_customers"": 74}",2,worthless,Observed on 188 physical records; strict Rule 2 threshold is greater than 40.,trim only,188,17578
last_name,V***,c1789728d4ee66356423a9dae403a8567a084e2a5518191cf1a15407006ab49b,188,"{""app_users"": 114, ""store_customers"": 74}",2,worthless,Observed on 188 physical records; strict Rule 2 threshold is greater than 40.,trim only,188,17578
last_name,S***,ce3521174e08c8303eeeb9675e978d08bb8e94cdb819f926d7f7239bb567d9f0,188,"{""app_users"": 118, ""store_customers"": 70}",2,worthless,Observed on 188 physical records; strict Rule 2 threshold is greater than 40.,trim only,188,17578
last_name,D***,e208dcabc80c33f3a1bdb2d7f8d2c1b10aa5d0a221b8b434738a5ba02e9a7f6c,188,"{""app_users"": 112, ""store_customers"": 76}",2,worthless,Observed on 188 physical records; strict Rule 2 threshold is greater than 40.,trim only,188,17578
last_name,C***,e584fa47eeedef0dbeaa7f6cd6b2d6816586a750f9aa2a4dbe88624f007a21e5,188,"{""app_users"": 107, ""store_customers"": 81}",2,worthless,Observed on 188 physical records; strict Rule 2 threshold is greater than 40.,trim only,188,17578
last_name,Y***,ea4c4259daea7494bc517870e625dd85a300da1e248eca8b93ab84836f687106,188,"{""app_users"": 108, ""store_customers"": 80}",2,worthless,Observed on 188 physical records; strict Rule 2 threshold is greater than 40.,trim only,188,17578
last_name,N***,ed2c2de651d46936fa0efac6131572595c44feb1033f339a6d1cd7a0f720ffff,188,"{""app_users"": 109, ""store_customers"": 79}",2,worthless,Observed on 188 physical records; strict Rule 2 threshold is greater than 40.,trim only,188,17578
last_name,P***,ee32100d093215768ada7f200bca466a74576b7c8e8a14154ce50eb79c103f8f,188,"{""app_users"": 123, ""store_customers"": 65}",2,worthless,Observed on 188 physical records; strict Rule 2 threshold is greater than 40.,trim only,188,17578
last_name,F***,fdb0fd69a6b3d6b8288628172b3b68d7c0ae69412353a97ec676711f23cf11d7,188,"{""app_users"": 109, ""store_customers"": 79}",2,worthless,Observed on 188 physical records; strict Rule 2 threshold is greater than 40.,trim only,188,17578
first_name,B***,0c7713f7342d39ad482d78dcd3106b2ff5c50cc738f801fafa9303b284fac120,187,"{""app_users"": 101, ""store_customers"": 86}",2,worthless,Observed on 187 physical records; strict Rule 2 threshold is greater than 40.,trim only,187,17391
first_name,R***,112865db3d22a5fd8d943a9ad71d1246ab4a123bfe8fe2d2959a42cf0c3be41f,187,"{""app_users"": 96, ""store_customers"": 91}",2,worthless,Observed on 187 physical records; strict Rule 2 threshold is greater than 40.,trim only,187,17391
first_name,Q***,197a032a3102e29471f3ce9b3929a97a3f2b19feffe3c0ddb44fa2c63632449e,187,"{""app_users"": 108, ""store_customers"": 79}",2,worthless,Observed on 187 physical records; strict Rule 2 threshold is greater than 40.,trim only,187,17391
first_name,P***,555c0f187d4d78c193db3c5a38380df054ca133d00dbfbe5d8e7e3b14af5f474,187,"{""app_users"": 111, ""store_customers"": 76}",2,worthless,Observed on 187 physical records; strict Rule 2 threshold is greater than 40.,trim only,187,17391
first_name,F***,5cd573f91543478d4b3f6094cbc3cc7b53b5234440a544d1ce7a8eb9ab9985b4,187,"{""app_users"": 111, ""store_customers"": 76}",2,worthless,Observed on 187 physical records; strict Rule 2 threshold is greater than 40.,trim only,187,17391
first_name,R***,6dbcf2328eeda5541677992af33c4f7ed5c0515f98f5e669aa5fbe18a0594881,187,"{""app_users"": 103, ""store_customers"": 84}",2,worthless,Observed on 187 physical records; strict Rule 2 threshold is greater than 40.,trim only,187,17391
first_name,G***,7d639f89b645d556483db018fa86115b2da44758cd6f8162b5096ae6bcf0f766,187,"{""app_users"": 113, ""store_customers"": 74}",2,worthless,Observed on 187 physical records; strict Rule 2 threshold is greater than 40.,trim only,187,17391
first_name,F***,8230b98028c8778edb4463683603e74f559062c21a4e1727c3cb79a7c1e6289e,187,"{""app_users"": 106, ""store_customers"": 81}",2,worthless,Observed on 187 physical records; strict Rule 2 threshold is greater than 40.,trim only,187,17391
first_name,D***,8970eea45afc6b13e25c145327d4ecfb81e8bf2ad7661754af270fe4cb58557d,187,"{""app_users"": 108, ""store_customers"": 79}",2,worthless,Observed on 187 physical records; strict Rule 2 threshold is greater than 40.,trim only,187,17391
first_name,T***,985c1049be190b6d54fd40cf602010731a0e5850219d7a52796680d174665072,187,"{""app_users"": 111, ""store_customers"": 76}",2,worthless,Observed on 187 physical records; strict Rule 2 threshold is greater than 40.,trim only,187,17391
first_name,M***,ddf229cf6fb35022170c16cefaaa55bf1ed5a15becebb757d1b9cda75d176522,187,"{""app_users"": 105, ""store_customers"": 82}",2,worthless,Observed on 187 physical records; strict Rule 2 threshold is greater than 40.,trim only,187,17391
first_name,P***,e6b3efae40f0101d33679695a10b55461ba66b78016ffb4d537a53f2e6d8633f,187,"{""app_users"": 108, ""store_customers"": 79}",2,worthless,Observed on 187 physical records; strict Rule 2 threshold is greater than 40.,trim only,187,17391
first_name,Z***,e9969287121a603a2e972472cd5c261c23de50a4def805d3e12f946c45080ca0,187,"{""app_users"": 104, ""store_customers"": 83}",2,worthless,Observed on 187 physical records; strict Rule 2 threshold is greater than 40.,trim only,187,17391
first_name,K***,ec58d6165c50fe12be099b83f3c675e69c59f1a0bc4359f5f078b23b1952a0d8,187,"{""app_users"": 106, ""store_customers"": 81}",2,worthless,Observed on 187 physical records; strict Rule 2 threshold is greater than 40.,trim only,187,17391
last_name,S***,0734e0d3982c4db7fb941938dea2ecb660efea4724c4fcc4a46f19f06e242732,187,"{""app_users"": 101, ""store_customers"": 86}",2,worthless,Observed on 187 physical records; strict Rule 2 threshold is greater than 40.,trim only,187,17391
last_name,V***,0b5684e51517fa798b06b78b0d71104f4d17ac33e04c0e287a2d3370fabf1ea9,187,"{""app_users"": 109, ""store_customers"": 78}",2,worthless,Observed on 187 physical records; strict Rule 2 threshold is greater than 40.,trim only,187,17391
last_name,S***,5684ef16128c8c7eba5dee093ad3d08dd91e11d2df3609cd82b16eebb04fee86,187,"{""app_users"": 103, ""store_customers"": 84}",2,worthless,Observed on 187 physical records; strict Rule 2 threshold is greater than 40.,trim only,187,17391
last_name,L***,617048ee4bad3ef3e3b7cf5fcf4f3644d7b150d5e221937fdd502b3b0f5bc96e,187,"{""app_users"": 107, ""store_customers"": 80}",2,worthless,Observed on 187 physical records; strict Rule 2 threshold is greater than 40.,trim only,187,17391
last_name,S***,62359ad1488fe9cdb8cc625ec5f0cebde868e55ad9a82bab3fd204cce7ea2bdf,187,"{""app_users"": 100, ""store_customers"": 87}",2,worthless,Observed on 187 physical records; strict Rule 2 threshold is greater than 40.,trim only,187,17391
last_name,W***,87492a6a1f29d838237d11ebf084d9f5975490c7867a79ea8d7744e844c421d8,187,"{""app_users"": 120, ""store_customers"": 67}",2,worthless,Observed on 187 physical records; strict Rule 2 threshold is greater than 40.,trim only,187,17391
last_name,V***,90e328328915f83d992cbb7b907c5564f1b70f3e55a2d80c0fce557545c4f9ba,187,"{""app_users"": 131, ""store_customers"": 56}",2,worthless,Observed on 187 physical records; strict Rule 2 threshold is greater than 40.,trim only,187,17391
last_name,B***,9829db7f9234ef106f52c65bf26c8af81ee748495717e0ae81cd2b74710eeedd,187,"{""app_users"": 114, ""store_customers"": 73}",2,worthless,Observed on 187 physical records; strict Rule 2 threshold is greater than 40.,trim only,187,17391
last_name,N***,9a56e882b865c811c478f55c40a95c437b2d7b0ef16e445a34fcc60b9c039692,187,"{""app_users"": 123, ""store_customers"": 64}",2,worthless,Observed on 187 physical records; strict Rule 2 threshold is greater than 40.,trim only,187,17391
last_name,T***,f24f2da91dfe2b0c4b4aae0ca7e866479dc4e70a84a1dab4e322565d573212d9,187,"{""app_users"": 107, ""store_customers"": 80}",2,worthless,Observed on 187 physical records; strict Rule 2 threshold is greater than 40.,trim only,187,17391
first_name,G***,118eeaec606cf0f7723abcbd57f952a1d7c7c59a99f4d31a7d96156815fbad6c,186,"{""app_users"": 109, ""store_customers"": 77}",2,worthless,Observed on 186 physical records; strict Rule 2 threshold is greater than 40.,trim only,186,17205
first_name,X***,20c902818931c9ef99ba33e34cdfed715da6ca0c3f4890286409416b946d80a3,186,"{""app_users"": 112, ""store_customers"": 74}",2,worthless,Observed on 186 physical records; strict Rule 2 threshold is greater than 40.,trim only,186,17205
first_name,L***,2784b0a65aeafcb7b13464e0f3d7b4aa5dcd820a233433d8ab63369afa4373b9,186,"{""app_users"": 109, ""store_customers"": 77}",2,worthless,Observed on 186 physical records; strict Rule 2 threshold is greater than 40.,trim only,186,17205
first_name,F***,46f345a0d87a413d38c9f42b74d7f2ae2d74202ffc71defd8d60dc44713cd0be,186,"{""app_users"": 121, ""store_customers"": 65}",2,worthless,Observed on 186 physical records; strict Rule 2 threshold is greater than 40.,trim only,186,17205
first_name,Z***,4bd5504bbaea57258de627683038feb34f71d97702cb983d9f03266bc0c700a3,186,"{""app_users"": 114, ""store_customers"": 72}",2,worthless,Observed on 186 physical records; strict Rule 2 threshold is greater than 40.,trim only,186,17205
first_name,N***,59f8357ceba2bde89992251dd48a7fff97bb948435687e69f348e60f80d35104,186,"{""app_users"": 108, ""store_customers"": 78}",2,worthless,Observed on 186 physical records; strict Rule 2 threshold is greater than 40.,trim only,186,17205
first_name,X***,82d4eaa54f2d0205914d8881d071157b0631982d6586c7042f7d1c9fdab57731,186,"{""app_users"": 102, ""store_customers"": 84}",2,worthless,Observed on 186 physical records; strict Rule 2 threshold is greater than 40.,trim only,186,17205
first_name,K***,aad9e47bd052f7953dedf91eb9745adec7ecc8e29b20006a585468cc339b4c98,186,"{""app_users"": 107, ""store_customers"": 79}",2,worthless,Observed on 186 physical records; strict Rule 2 threshold is greater than 40.,trim only,186,17205
first_name,V***,bb7e0d8b17d4840bd21e90d54db3264e20737557d13eeeb3df5e181516934e7f,186,"{""app_users"": 118, ""store_customers"": 68}",2,worthless,Observed on 186 physical records; strict Rule 2 threshold is greater than 40.,trim only,186,17205
last_name,S***,18c4b0307767a3ad1cfd800194bced777d7365753f21da2193366680f19de01a,186,"{""app_users"": 112, ""store_customers"": 74}",2,worthless,Observed on 186 physical records; strict Rule 2 threshold is greater than 40.,trim only,186,17205
last_name,L***,282a79f8021ef8f42b189cfe13e18bca13afb9d02f3c5c9ff10fe81c4fca1e7e,186,"{""app_users"": 118, ""store_customers"": 68}",2,worthless,Observed on 186 physical records; strict Rule 2 threshold is greater than 40.,trim only,186,17205
last_name,R***,3f11feac01c21fe0cfce95df9441b8f521b40095e7eaa3ab7e8c6bee648bb66e,186,"{""app_users"": 106, ""store_customers"": 80}",2,worthless,Observed on 186 physical records; strict Rule 2 threshold is greater than 40.,trim only,186,17205
last_name,B***,763126fb3e29ef96100cd8f6262d047d1a03053f69e6608a0be549ff21b33d75,186,"{""app_users"": 111, ""store_customers"": 75}",2,worthless,Observed on 186 physical records; strict Rule 2 threshold is greater than 40.,trim only,186,17205
last_name,C***,7966f3278aedb69db67f0bf1ad11fe107c780774f9a9fd1d64f7c8c6d6252e7a,186,"{""app_users"": 121, ""store_customers"": 65}",2,worthless,Observed on 186 physical records; strict Rule 2 threshold is greater than 40.,trim only,186,17205
last_name,T***,798880afa6e13e6fe560bfd7e285d224f92a1bfba01ac99f0f840150b27bef48,186,"{""app_users"": 99, ""store_customers"": 87}",2,worthless,Observed on 186 physical records; strict Rule 2 threshold is greater than 40.,trim only,186,17205
last_name,S***,93e605b41a8259b317d3a50e2ce2201a118d1b2077f741d9461aa30a80e71ea9,186,"{""app_users"": 108, ""store_customers"": 78}",2,worthless,Observed on 186 physical records; strict Rule 2 threshold is greater than 40.,trim only,186,17205
last_name,M***,9d321f9513183235b18281eefef35064b7414595c9d04089d6312211b87580e9,186,"{""app_users"": 113, ""store_customers"": 73}",2,worthless,Observed on 186 physical records; strict Rule 2 threshold is greater than 40.,trim only,186,17205
last_name,S***,adc9fc9ed9ceec42821880d071ad473fee71c74ce12e530d0e6b6deea049e541,186,"{""app_users"": 110, ""store_customers"": 76}",2,worthless,Observed on 186 physical records; strict Rule 2 threshold is greater than 40.,trim only,186,17205
last_name,X***,b43ec741c59b5da456af16884d5877e80cc7114c46583f623ce962cc9ff2c9ff,186,"{""app_users"": 101, ""store_customers"": 85}",2,worthless,Observed on 186 physical records; strict Rule 2 threshold is greater than 40.,trim only,186,17205
last_name,Z***,b5d7c3939c9d0159ae32f6b075686751a8a90bc17dd3d38aa088147a7353debb,186,"{""app_users"": 107, ""store_customers"": 79}",2,worthless,Observed on 186 physical records; strict Rule 2 threshold is greater than 40.,trim only,186,17205
last_name,C***,d3516f104d2d6f3a9a8b1d3c7193b18aa09238e705f55d2ed0b2a87cd99d8de4,186,"{""app_users"": 116, ""store_customers"": 70}",2,worthless,Observed on 186 physical records; strict Rule 2 threshold is greater than 40.,trim only,186,17205
last_name,L***,dfabda1fcfc69ebcf8a87ceb41fc4375ca6ff8548fa6192ac150c7487305a137,186,"{""app_users"": 113, ""store_customers"": 73}",2,worthless,Observed on 186 physical records; strict Rule 2 threshold is greater than 40.,trim only,186,17205
last_name,C***,f401a2e506875d5d010cbd785ba47f67ac30061ddf51a07d6ee0e4fb46437c15,186,"{""app_users"": 94, ""store_customers"": 92}",2,worthless,Observed on 186 physical records; strict Rule 2 threshold is greater than 40.,trim only,186,17205
last_name,X***,ff38b74d57b2ff6454766aefe631831592d495486d4ea3552b3607c855791882,186,"{""app_users"": 114, ""store_customers"": 72}",2,worthless,Observed on 186 physical records; strict Rule 2 threshold is greater than 40.,trim only,186,17205
first_name,R***,04362aa24610654987f16f684d6c8c350e9eba44b4ee6bd0779d53cacbd48088,185,"{""app_users"": 108, ""store_customers"": 77}",2,worthless,Observed on 185 physical records; strict Rule 2 threshold is greater than 40.,trim only,185,17020
first_name,B***,13bfa345d65b783a0a39f23989139e34e4535a96190b873290a1482a3a4806af,185,"{""app_users"": 118, ""store_customers"": 67}",2,worthless,Observed on 185 physical records; strict Rule 2 threshold is greater than 40.,trim only,185,17020
first_name,M***,14fc256631cf270a7009200ca13f058fdd8e99eadabb89648fac1642ea91aac0,185,"{""app_users"": 116, ""store_customers"": 69}",2,worthless,Observed on 185 physical records; strict Rule 2 threshold is greater than 40.,trim only,185,17020
first_name,P***,27bf0dedd2d8fb11fa77c80672456a13bfb2346cfcff1d0d34953275d3d214b2,185,"{""app_users"": 103, ""store_customers"": 82}",2,worthless,Observed on 185 physical records; strict Rule 2 threshold is greater than 40.,trim only,185,17020
first_name,D***,35436fcde0b3c75cacfdd8e301e72d411c02b8bfc5b6187f07127a09de00453d,185,"{""app_users"": 99, ""store_customers"": 86}",2,worthless,Observed on 185 physical records; strict Rule 2 threshold is greater than 40.,trim only,185,17020
first_name,X***,3f6228cf24e852dee349cf4fc0621bf09113bda8abf2cb12c0daf9454cfd0964,185,"{""app_users"": 109, ""store_customers"": 76}",2,worthless,Observed on 185 physical records; strict Rule 2 threshold is greater than 40.,trim only,185,17020
first_name,M***,86e4949560dcf75af0de46f96808c0078895ea53bcc085625c416a6be9eca1b9,185,"{""app_users"": 108, ""store_customers"": 77}",2,worthless,Observed on 185 physical records; strict Rule 2 threshold is greater than 40.,trim only,185,17020
first_name,T***,8a917505fbf1924a1393f9189f1d32435d4ec1515a7cce67d075b51de62caa04,185,"{""app_users"": 100, ""store_customers"": 85}",2,worthless,Observed on 185 physical records; strict Rule 2 threshold is greater than 40.,trim only,185,17020
first_name,S***,a9a453260d25f517691dfb456ceecc11f739c952cde28d7797ec6cdf94781bd5,185,"{""app_users"": 114, ""store_customers"": 71}",2,worthless,Observed on 185 physical records; strict Rule 2 threshold is greater than 40.,trim only,185,17020
first_name,Z***,cc905d7fd46a00bc1cd2b4689b343d849c74a53ace02def7c1508f92fb410c8f,185,"{""app_users"": 120, ""store_customers"": 65}",2,worthless,Observed on 185 physical records; strict Rule 2 threshold is greater than 40.,trim only,185,17020
first_name,C***,d719bfae1a75fe35ca426246b5c53a8c6557be4afe60cd678eaedaa49a3bee49,185,"{""app_users"": 112, ""store_customers"": 73}",2,worthless,Observed on 185 physical records; strict Rule 2 threshold is greater than 40.,trim only,185,17020
first_name,L***,e7a45bcc9e7d14a028c0623fbbff0a6773fd3a677948f8e63ef9a751f529930c,185,"{""app_users"": 109, ""store_customers"": 76}",2,worthless,Observed on 185 physical records; strict Rule 2 threshold is greater than 40.,trim only,185,17020
first_name,K***,e7bf3742f7e0264bdce6c1de29f6d9fa956fab8ea5d4f34896e1aa4183c1105f,185,"{""app_users"": 120, ""store_customers"": 65}",2,worthless,Observed on 185 physical records; strict Rule 2 threshold is greater than 40.,trim only,185,17020
first_name,L***,e807d2cfa620e2601a43d2783b3c99d329e43b741d19ba9b8d047c18a3001aa2,185,"{""app_users"": 113, ""store_customers"": 72}",2,worthless,Observed on 185 physical records; strict Rule 2 threshold is greater than 40.,trim only,185,17020
first_name,R***,edcda144e15e5e5c082111a355191c5aedd55f6c8b7e908993ad4b3b3e49325b,185,"{""app_users"": 101, ""store_customers"": 84}",2,worthless,Observed on 185 physical records; strict Rule 2 threshold is greater than 40.,trim only,185,17020
first_name,R***,f65fa929bb26f200f58b1990b2fbeb72127705d478264088aa71cabfbef6935d,185,"{""app_users"": 107, ""store_customers"": 78}",2,worthless,Observed on 185 physical records; strict Rule 2 threshold is greater than 40.,trim only,185,17020
first_name,P***,fa130706b96c56cca1f6426d7693085531aa7e3f172b7e6fcb55af70ddbfe0fd,185,"{""app_users"": 103, ""store_customers"": 82}",2,worthless,Observed on 185 physical records; strict Rule 2 threshold is greater than 40.,trim only,185,17020
last_name,N***,793a6d0a190fa94795b77bff3f5194f2837e15569b4820e196f17549943550a2,185,"{""app_users"": 102, ""store_customers"": 83}",2,worthless,Observed on 185 physical records; strict Rule 2 threshold is greater than 40.,trim only,185,17020
last_name,V***,a72f4e5b9d1dafb19020a4c9a8cf3b1e443045ce7d8c44c7053697414dcbd5e2,185,"{""app_users"": 113, ""store_customers"": 72}",2,worthless,Observed on 185 physical records; strict Rule 2 threshold is greater than 40.,trim only,185,17020
last_name,S***,b39ca39688a433b7975606ea14437ac1eb43495fcafef012f1ca6f14c268a4d2,185,"{""app_users"": 111, ""store_customers"": 74}",2,worthless,Observed on 185 physical records; strict Rule 2 threshold is greater than 40.,trim only,185,17020
last_name,B***,c06f0d343352f121de69a442f085cf7e20b67577af70c5ac03aa645756698b00,185,"{""app_users"": 109, ""store_customers"": 76}",2,worthless,Observed on 185 physical records; strict Rule 2 threshold is greater than 40.,trim only,185,17020
first_name,C***,1c81e455b5a1e3d10bbeec10817acf934bc8197665f08cb924afd3777d436c89,184,"{""app_users"": 105, ""store_customers"": 79}",2,worthless,Observed on 184 physical records; strict Rule 2 threshold is greater than 40.,trim only,184,16836
first_name,B***,1ffa30a4a64c6ecc5c29300294c42213d9b2d6376f8992afb5622323ab3589e7,184,"{""app_users"": 98, ""store_customers"": 86}",2,worthless,Observed on 184 physical records; strict Rule 2 threshold is greater than 40.,trim only,184,16836
first_name,J***,2413a1190e12ba287d3dfbd4cd743e5f62d5a1067bf3f41e587671dc0744bd6e,184,"{""app_users"": 113, ""store_customers"": 71}",2,worthless,Observed on 184 physical records; strict Rule 2 threshold is greater than 40.,trim only,184,16836
first_name,P***,422c221bc6956231eee2aa1fd0a12b17535e3e99a3fdec99e265c6e7280cc039,184,"{""app_users"": 111, ""store_customers"": 73}",2,worthless,Observed on 184 physical records; strict Rule 2 threshold is greater than 40.,trim only,184,16836
first_name,S***,47a956a1c4e84f3a71fb6b50330673aeca40f4b354ad6b7332b4984fa6b5be54,184,"{""app_users"": 102, ""store_customers"": 82}",2,worthless,Observed on 184 physical records; strict Rule 2 threshold is greater than 40.,trim only,184,16836
first_name,F***,51158381fd090c2d2bf6866867bce4e49db6b1f0e4693fb6522d55491b2b4d9d,184,"{""app_users"": 113, ""store_customers"": 71}",2,worthless,Observed on 184 physical records; strict Rule 2 threshold is greater than 40.,trim only,184,16836
first_name,F***,561202c20df5926100bde76ecc1ec0b7c7f60d7517421051b4e1d1ce67ed65ad,184,"{""app_users"": 102, ""store_customers"": 82}",2,worthless,Observed on 184 physical records; strict Rule 2 threshold is greater than 40.,trim only,184,16836
first_name,F***,57a4066291134e882ccb876ee129ce7331895328ebcb687dc83f723397bebc4c,184,"{""app_users"": 102, ""store_customers"": 82}",2,worthless,Observed on 184 physical records; strict Rule 2 threshold is greater than 40.,trim only,184,16836
first_name,F***,6c60d79818b726cc7e3129110d4c9f837e97fb63420845f74fae5359437d38a2,184,"{""app_users"": 99, ""store_customers"": 85}",2,worthless,Observed on 184 physical records; strict Rule 2 threshold is greater than 40.,trim only,184,16836
first_name,B***,8f08c831fbdb9842101cb574ebd20326ebe059f5ca1442a39ffb7a9d92e2e6b1,184,"{""app_users"": 108, ""store_customers"": 76}",2,worthless,Observed on 184 physical records; strict Rule 2 threshold is greater than 40.,trim only,184,16836
first_name,K***,d6901cf2fa73c2a3ee0f82fdce42883f130b4ba4ed49252e7831bad310cd4fdb,184,"{""app_users"": 107, ""store_customers"": 77}",2,worthless,Observed on 184 physical records; strict Rule 2 threshold is greater than 40.,trim only,184,16836
first_name,N***,d7336d8a58867e65d5f1cbbebc5659768df46bdab4d629b7a8fb22dfd63cc5c9,184,"{""app_users"": 109, ""store_customers"": 75}",2,worthless,Observed on 184 physical records; strict Rule 2 threshold is greater than 40.,trim only,184,16836
first_name,B***,ea1ea0205a9bca5135ed285463f960fb6eaef3601e13afca85fcd2bf505d0b72,184,"{""app_users"": 114, ""store_customers"": 70}",2,worthless,Observed on 184 physical records; strict Rule 2 threshold is greater than 40.,trim only,184,16836
first_name,T***,f1773059460c9eec0d5a137bb92d715846a219f5c25b1c14bcfbdd813e6cb25b,184,"{""app_users"": 115, ""store_customers"": 69}",2,worthless,Observed on 184 physical records; strict Rule 2 threshold is greater than 40.,trim only,184,16836
first_name,R***,f2eb04dbfe57c4fa0ca665d52ffa9fa60da6f208eabbfb4320815b510ef28b17,184,"{""app_users"": 105, ""store_customers"": 79}",2,worthless,Observed on 184 physical records; strict Rule 2 threshold is greater than 40.,trim only,184,16836
first_name,D***,f4bd1f7d21ae14bc6892d104c499f72d74b1c21e93a4f3c9243661d11aef8040,184,"{""app_users"": 111, ""store_customers"": 73}",2,worthless,Observed on 184 physical records; strict Rule 2 threshold is greater than 40.,trim only,184,16836
first_name,W***,f95fda43823f184c86d51fe509ffeea9f379278e94162bd5e90fae34dc5cf95c,184,"{""app_users"": 89, ""store_customers"": 95}",2,worthless,Observed on 184 physical records; strict Rule 2 threshold is greater than 40.,trim only,184,16836
last_name,V***,07e230bf3c036cd4eb19a87d260544602eec97c63008ee512d33c178baf346b1,184,"{""app_users"": 113, ""store_customers"": 71}",2,worthless,Observed on 184 physical records; strict Rule 2 threshold is greater than 40.,trim only,184,16836
last_name,T***,42f4fc86e18a89d6e4fb02fef75ef61b9d8f5a70ba203d7c5ae301c28901e629,184,"{""app_users"": 105, ""store_customers"": 79}",2,worthless,Observed on 184 physical records; strict Rule 2 threshold is greater than 40.,trim only,184,16836
last_name,P***,78f30e42dd18120ad66f3912fed5f7c99ff8e4925fdfab7d4a2f0fb5b48b5a08,184,"{""app_users"": 112, ""store_customers"": 72}",2,worthless,Observed on 184 physical records; strict Rule 2 threshold is greater than 40.,trim only,184,16836
last_name,Y***,a45ea793af57c196ec554fe783489e723fd10ef45666107509c6ec67cc31d70d,184,"{""app_users"": 106, ""store_customers"": 78}",2,worthless,Observed on 184 physical records; strict Rule 2 threshold is greater than 40.,trim only,184,16836
last_name,R***,b53dd2ed2d84c4688159aab3ed0f368dab4547d780d71f6ed6adb82fa3666420,184,"{""app_users"": 116, ""store_customers"": 68}",2,worthless,Observed on 184 physical records; strict Rule 2 threshold is greater than 40.,trim only,184,16836
last_name,L***,bbd4919b1c4f32c715de91ecd6730a9c4f589ba3ab8984cb494232fd841eed16,184,"{""app_users"": 107, ""store_customers"": 77}",2,worthless,Observed on 184 physical records; strict Rule 2 threshold is greater than 40.,trim only,184,16836
last_name,Y***,be891d1dba9606d344f3992887cf20155f9a02da5b24a85c62e4f423555c9c99,184,"{""app_users"": 122, ""store_customers"": 62}",2,worthless,Observed on 184 physical records; strict Rule 2 threshold is greater than 40.,trim only,184,16836
last_name,X***,d5d1f917641be16ab5741b7dee21af9a19270679c56cc6ecea614e6141b03c9f,184,"{""app_users"": 103, ""store_customers"": 81}",2,worthless,Observed on 184 physical records; strict Rule 2 threshold is greater than 40.,trim only,184,16836
last_name,V***,d71c9edde33f404c03536b704ea351f3c65ec8f59ef20e404deec809d7a37e27,184,"{""app_users"": 104, ""store_customers"": 80}",2,worthless,Observed on 184 physical records; strict Rule 2 threshold is greater than 40.,trim only,184,16836
first_name,L***,24ad169716af9b90074a8361ee0f858bb3354b461d343f514b8186fc564da8c0,183,"{""app_users"": 101, ""store_customers"": 82}",2,worthless,Observed on 183 physical records; strict Rule 2 threshold is greater than 40.,trim only,183,16653
first_name,S***,3582298f3cdaebb6cdf28ff851f6d4d9734eb4245ab30f04c669f93815d3440d,183,"{""app_users"": 114, ""store_customers"": 69}",2,worthless,Observed on 183 physical records; strict Rule 2 threshold is greater than 40.,trim only,183,16653
first_name,G***,56b026caf97157f0117150c576afaad09f24c1c4b64536fad9f197b625eed268,183,"{""app_users"": 112, ""store_customers"": 71}",2,worthless,Observed on 183 physical records; strict Rule 2 threshold is greater than 40.,trim only,183,16653
first_name,J***,80a076072422805acb38387a18f01ba1530cbb157319d20b32abf6dbac6a6f49,183,"{""app_users"": 110, ""store_customers"": 73}",2,worthless,Observed on 183 physical records; strict Rule 2 threshold is greater than 40.,trim only,183,16653
first_name,V***,950393e18d0f129c4cdb71f50674baacfafbe045ad484772b103e0f820527f0d,183,"{""app_users"": 102, ""store_customers"": 81}",2,worthless,Observed on 183 physical records; strict Rule 2 threshold is greater than 40.,trim only,183,16653
first_name,G***,b23942d140a475f5b5eab2ee89abbce6f344abbb28292f6ed51a1943f89da7bb,183,"{""app_users"": 107, ""store_customers"": 76}",2,worthless,Observed on 183 physical records; strict Rule 2 threshold is greater than 40.,trim only,183,16653
first_name,V***,cc1bc0739757ad5e98cce980ac5773877b8f653ec83c17cf29245a6f0020f8e6,183,"{""app_users"": 120, ""store_customers"": 63}",2,worthless,Observed on 183 physical records; strict Rule 2 threshold is greater than 40.,trim only,183,16653
last_name,P***,217706c7b7d4970cfb7ea45971a450b71daaf83e84fb5a3bff82aa95b58d41d0,183,"{""app_users"": 102, ""store_customers"": 81}",2,worthless,Observed on 183 physical records; strict Rule 2 threshold is greater than 40.,trim only,183,16653
last_name,S***,3f64b338c3b72d92d750d8b504029c42795305adfb16149f8dff03b17e8bc108,183,"{""app_users"": 112, ""store_customers"": 71}",2,worthless,Observed on 183 physical records; strict Rule 2 threshold is greater than 40.,trim only,183,16653
last_name,S***,51a569f75bdcc9c1f5856326df018ab17eb484d91270d51dd90b814394854f67,183,"{""app_users"": 108, ""store_customers"": 75}",2,worthless,Observed on 183 physical records; strict Rule 2 threshold is greater than 40.,trim only,183,16653
last_name,R***,58296f44e29e0cf9a6b29bde0aead31597e6b8cfea7511ecae46b50b51152d1f,183,"{""app_users"": 115, ""store_customers"": 68}",2,worthless,Observed on 183 physical records; strict Rule 2 threshold is greater than 40.,trim only,183,16653
last_name,D***,589e6d0b7b3f13e166d1ea76fb584837dda0fbc94a929f09c425e54d599d1cf6,183,"{""app_users"": 115, ""store_customers"": 68}",2,worthless,Observed on 183 physical records; strict Rule 2 threshold is greater than 40.,trim only,183,16653
last_name,S***,7200c6ebcdb86a42349828c333cc74c745a3bbb38216fcc403e2656910ebd6a0,183,"{""app_users"": 109, ""store_customers"": 74}",2,worthless,Observed on 183 physical records; strict Rule 2 threshold is greater than 40.,trim only,183,16653
last_name,B***,b4a5d83ae9818e2790e922eaee9ccc2dc4e9dc1d942b113a268d3f78249d7e03,183,"{""app_users"": 122, ""store_customers"": 61}",2,worthless,Observed on 183 physical records; strict Rule 2 threshold is greater than 40.,trim only,183,16653
last_name,G***,c6d0be97106aa938f83c036ae121ab15ed4e684d0dd57193c769bd7ecd6f4d82,183,"{""app_users"": 100, ""store_customers"": 83}",2,worthless,Observed on 183 physical records; strict Rule 2 threshold is greater than 40.,trim only,183,16653
last_name,P***,d754ceebea8b3b4ffa59e9e84b954bf1b67881909c70166b2a862caec68cb839,183,"{""app_users"": 103, ""store_customers"": 80}",2,worthless,Observed on 183 physical records; strict Rule 2 threshold is greater than 40.,trim only,183,16653
first_name,Q***,0eb91e28090cdb90bd067ae926126bb66c4fdeb6885bcde4facbd4ae0e394157,182,"{""app_users"": 119, ""store_customers"": 63}",2,worthless,Observed on 182 physical records; strict Rule 2 threshold is greater than 40.,trim only,182,16471
first_name,P***,2d24f0d42154c4324cfca08804b6ff600a72adec635f48b39939cabdc0755bc9,182,"{""app_users"": 102, ""store_customers"": 80}",2,worthless,Observed on 182 physical records; strict Rule 2 threshold is greater than 40.,trim only,182,16471
first_name,Y***,378aecc97fa4fe988021eacc54f7ff109be133ad2c40d9988e4d4265bc5e5537,182,"{""app_users"": 119, ""store_customers"": 63}",2,worthless,Observed on 182 physical records; strict Rule 2 threshold is greater than 40.,trim only,182,16471
first_name,M***,4582b0e25fc1b7182c077e2eda8bc480c23e73b4a76a4d36933909d27f6e3a50,182,"{""app_users"": 104, ""store_customers"": 78}",2,worthless,Observed on 182 physical records; strict Rule 2 threshold is greater than 40.,trim only,182,16471
first_name,M***,5a954db4c93b14297e77d5f72753ba2008f56c5a5f4914282bb677c257c27c82,182,"{""app_users"": 105, ""store_customers"": 77}",2,worthless,Observed on 182 physical records; strict Rule 2 threshold is greater than 40.,trim only,182,16471
first_name,Y***,81e45a4a49dee64c03da26655c047fbd70c4caa72856d1e54b8abfc3a11c0ae0,182,"{""app_users"": 101, ""store_customers"": 81}",2,worthless,Observed on 182 physical records; strict Rule 2 threshold is greater than 40.,trim only,182,16471
first_name,L***,99ff44e5d14d338619caaa1bb63673227d62b5610206f47381734be5259977f7,182,"{""app_users"": 104, ""store_customers"": 78}",2,worthless,Observed on 182 physical records; strict Rule 2 threshold is greater than 40.,trim only,182,16471
first_name,N***,9ebf0978064b6d620b869da111f140c4aa53cce2aeb90a982b67dbea621f89b8,182,"{""app_users"": 114, ""store_customers"": 68}",2,worthless,Observed on 182 physical records; strict Rule 2 threshold is greater than 40.,trim only,182,16471
first_name,D***,a7f2660d8ddb7631e7e465d47a23d15e8bf671d31ac94fbcae6a2d9d03a12aa7,182,"{""app_users"": 114, ""store_customers"": 68}",2,worthless,Observed on 182 physical records; strict Rule 2 threshold is greater than 40.,trim only,182,16471
first_name,P***,bd0f32eebaa62dafc7cad2c987f8e5bcd8de88683a5b666d02cbcc92a94ff9c7,182,"{""app_users"": 97, ""store_customers"": 85}",2,worthless,Observed on 182 physical records; strict Rule 2 threshold is greater than 40.,trim only,182,16471
first_name,R***,c73c0c25222547ac1dd14aa81fbc86011562653e54dd0b611f918b6f84b65bce,182,"{""app_users"": 109, ""store_customers"": 73}",2,worthless,Observed on 182 physical records; strict Rule 2 threshold is greater than 40.,trim only,182,16471
first_name,N***,e2c3007a0d808c5aa45442b872178d627c46414e91041913fc7e1bdb1897e97a,182,"{""app_users"": 109, ""store_customers"": 73}",2,worthless,Observed on 182 physical records; strict Rule 2 threshold is greater than 40.,trim only,182,16471
first_name,K***,efbdade72a2fc2bee890512d06fd7df1d4dad651cdf53e043ce611dd6886cfb8,182,"{""app_users"": 96, ""store_customers"": 86}",2,worthless,Observed on 182 physical records; strict Rule 2 threshold is greater than 40.,trim only,182,16471
last_name,L***,00d181f863a6790c3d504bff53b7ce576210646c5061ef0c7e141953017cc38c,182,"{""app_users"": 111, ""store_customers"": 71}",2,worthless,Observed on 182 physical records; strict Rule 2 threshold is greater than 40.,trim only,182,16471
last_name,L***,1b259183e329029fed1d6d72389c012df2a48eecf82a30fceaa402ee982a5ec3,182,"{""app_users"": 113, ""store_customers"": 69}",2,worthless,Observed on 182 physical records; strict Rule 2 threshold is greater than 40.,trim only,182,16471
last_name,F***,4d2c0efae9f9fb9380b03920b05bda833d577c147a4568d974f0d667803905c6,182,"{""app_users"": 104, ""store_customers"": 78}",2,worthless,Observed on 182 physical records; strict Rule 2 threshold is greater than 40.,trim only,182,16471
last_name,F***,5d61f5f7c780363349d2921878a4e107677df9b1e0e432163bb50ed9a9093ff0,182,"{""app_users"": 115, ""store_customers"": 67}",2,worthless,Observed on 182 physical records; strict Rule 2 threshold is greater than 40.,trim only,182,16471
last_name,R***,62de88bd35a209fafc6a2dd23e964615eeee03ecfd0c7f54807a06c97234e79d,182,"{""app_users"": 129, ""store_customers"": 53}",2,worthless,Observed on 182 physical records; strict Rule 2 threshold is greater than 40.,trim only,182,16471
last_name,P***,667c95c1850d0c1f51f90e58118c7a931019101b86a677fb2d518ac5e3820c3e,182,"{""app_users"": 108, ""store_customers"": 74}",2,worthless,Observed on 182 physical records; strict Rule 2 threshold is greater than 40.,trim only,182,16471
last_name,C***,6719fe183f18e9b7b094d69fc56e83d87385c253635b69a475b8d5d6cd95d711,182,"{""app_users"": 103, ""store_customers"": 79}",2,worthless,Observed on 182 physical records; strict Rule 2 threshold is greater than 40.,trim only,182,16471
last_name,V***,6b2d99513f90ebb57a42f79654c90c959665f16033b3ede3f99bb67c61ff60d1,182,"{""app_users"": 110, ""store_customers"": 72}",2,worthless,Observed on 182 physical records; strict Rule 2 threshold is greater than 40.,trim only,182,16471
last_name,R***,72b52c535687653c4b010d47635b26a241e2b0bed9cc076d455865dd4cdb1983,182,"{""app_users"": 115, ""store_customers"": 67}",2,worthless,Observed on 182 physical records; strict Rule 2 threshold is greater than 40.,trim only,182,16471
last_name,L***,858746a767af47a0c1f1620b52ecba0b875ab5f78e506980598dffe826f65605,182,"{""app_users"": 109, ""store_customers"": 73}",2,worthless,Observed on 182 physical records; strict Rule 2 threshold is greater than 40.,trim only,182,16471
last_name,X***,b5e4f847b0d95397badd9333a46a14e1ee71bb516de86a4c60f529a7ce2aab20,182,"{""app_users"": 106, ""store_customers"": 76}",2,worthless,Observed on 182 physical records; strict Rule 2 threshold is greater than 40.,trim only,182,16471
last_name,L***,c19a25ecc6603805e2ba411479e89a318f393b5f64538c0b2602db7b6d7eac7f,182,"{""app_users"": 106, ""store_customers"": 76}",2,worthless,Observed on 182 physical records; strict Rule 2 threshold is greater than 40.,trim only,182,16471
last_name,M***,df7ca88309472f6c267aad8d028bd5c8693e5eeb85288300b701e29a6ebccfd5,182,"{""app_users"": 96, ""store_customers"": 86}",2,worthless,Observed on 182 physical records; strict Rule 2 threshold is greater than 40.,trim only,182,16471
last_name,Y***,e266da18dcb1f424ed0e3cbf12301f1ba972e16bdde8afed6eb56524f58fa8ab,182,"{""app_users"": 104, ""store_customers"": 78}",2,worthless,Observed on 182 physical records; strict Rule 2 threshold is greater than 40.,trim only,182,16471
last_name,C***,e38c2174a93aca9c528d02fbb42e603f5e111a8beb351061090b4fd7f36f1f51,182,"{""app_users"": 122, ""store_customers"": 60}",2,worthless,Observed on 182 physical records; strict Rule 2 threshold is greater than 40.,trim only,182,16471
last_name,S***,e8a8be5b0dbba470d425a7848208b7332899373a988d1b26af6dc5c6728b051e,182,"{""app_users"": 110, ""store_customers"": 72}",2,worthless,Observed on 182 physical records; strict Rule 2 threshold is greater than 40.,trim only,182,16471
last_name,P***,e98f548ea40b9e0eac2323c0283113be08c52ce2e35b300062cfce6429053821,182,"{""app_users"": 105, ""store_customers"": 77}",2,worthless,Observed on 182 physical records; strict Rule 2 threshold is greater than 40.,trim only,182,16471
last_name,P***,f167ab9b0b7e35710707f983437443abbe01f64ce7d3797a94dcd267665ee59f,182,"{""app_users"": 121, ""store_customers"": 61}",2,worthless,Observed on 182 physical records; strict Rule 2 threshold is greater than 40.,trim only,182,16471
first_name,R***,54a309172e9f0809f4859ae710fa63c607d845f81a45f9491a27a5df202874fb,181,"{""app_users"": 106, ""store_customers"": 75}",2,worthless,Observed on 181 physical records; strict Rule 2 threshold is greater than 40.,trim only,181,16290
first_name,R***,605b3d5f72f2b4c5f9f05c0ca3fa12935ccb53a0f6e23d21e05be8de2e3d3270,181,"{""app_users"": 102, ""store_customers"": 79}",2,worthless,Observed on 181 physical records; strict Rule 2 threshold is greater than 40.,trim only,181,16290
first_name,W***,6346a8d953cf43157ce3d948f6b1aa997ddb451bd24d93db6c9ae2c72bf58172,181,"{""app_users"": 108, ""store_customers"": 73}",2,worthless,Observed on 181 physical records; strict Rule 2 threshold is greater than 40.,trim only,181,16290
first_name,R***,79b0743cee78b1d831dc0c7726e450a4417e0291e45701bd2f4f7b227670b2e3,181,"{""app_users"": 103, ""store_customers"": 78}",2,worthless,Observed on 181 physical records; strict Rule 2 threshold is greater than 40.,trim only,181,16290
first_name,R***,7c992dc6d8530bab517ae5eac8f660c79efa3b208f1392b1156efdc827242992,181,"{""app_users"": 107, ""store_customers"": 74}",2,worthless,Observed on 181 physical records; strict Rule 2 threshold is greater than 40.,trim only,181,16290
first_name,S***,be3228cfd813e4006bef463e456d0794d51b096ef7fc51ddbdebbaf78fba186a,181,"{""app_users"": 104, ""store_customers"": 77}",2,worthless,Observed on 181 physical records; strict Rule 2 threshold is greater than 40.,trim only,181,16290
first_name,X***,bf94d6ff7149d30029400f9e4ab063b9c795bd73b25bb9bcbbf67076d87a759e,181,"{""app_users"": 107, ""store_customers"": 74}",2,worthless,Observed on 181 physical records; strict Rule 2 threshold is greater than 40.,trim only,181,16290
first_name,N***,e3b32be9a341b4287d1a46f5b8f18676a170ac577fdadd6fda4d0084318fcea6,181,"{""app_users"": 111, ""store_customers"": 70}",2,worthless,Observed on 181 physical records; strict Rule 2 threshold is greater than 40.,trim only,181,16290
first_name,K***,f03a2107e994fcb9a5084e6ba91ee67166a89ee6f8bbe9f28a01eb3d657732d9,181,"{""app_users"": 107, ""store_customers"": 74}",2,worthless,Observed on 181 physical records; strict Rule 2 threshold is greater than 40.,trim only,181,16290
last_name,F***,1130c97e8ac527b151e36e03ec3852118eb29dfa0da7c6a085f92b500d435381,181,"{""app_users"": 114, ""store_customers"": 67}",2,worthless,Observed on 181 physical records; strict Rule 2 threshold is greater than 40.,trim only,181,16290
last_name,L***,16727ba22c756ef9a3c3c2f414a19ce571158ab8b6cb8ffe8566d1a386980e26,181,"{""app_users"": 96, ""store_customers"": 85}",2,worthless,Observed on 181 physical records; strict Rule 2 threshold is greater than 40.,trim only,181,16290
last_name,S***,1f1402245b69d7a6925d4e91c8781f82ef09bad818edc708ba6e20c08ca68d22,181,"{""app_users"": 104, ""store_customers"": 77}",2,worthless,Observed on 181 physical records; strict Rule 2 threshold is greater than 40.,trim only,181,16290
last_name,C***,26760a3380acb63a704673c7458de6346256fae428c234b508490e3f65415c15,181,"{""app_users"": 110, ""store_customers"": 71}",2,worthless,Observed on 181 physical records; strict Rule 2 threshold is greater than 40.,trim only,181,16290
last_name,M***,56930ba24855c5752c417936eda515aad018e653becb1088398a044146bf004d,181,"{""app_users"": 113, ""store_customers"": 68}",2,worthless,Observed on 181 physical records; strict Rule 2 threshold is greater than 40.,trim only,181,16290
last_name,R***,5ee109ab388ffb95a25a32696c4c04c5644719964bacc2dbd43e9166ec7e44ae,181,"{""app_users"": 109, ""store_customers"": 72}",2,worthless,Observed on 181 physical records; strict Rule 2 threshold is greater than 40.,trim only,181,16290
last_name,V***,8c5c1a2b50cf6f42a379d7f22d6ddf79181753d8c751139b4e436b8df02bb5cf,181,"{""app_users"": 114, ""store_customers"": 67}",2,worthless,Observed on 181 physical records; strict Rule 2 threshold is greater than 40.,trim only,181,16290
last_name,S***,a5b3547cc236679010f1df5fb35d4a08c0b54acecb962804dcf79093d082230e,181,"{""app_users"": 120, ""store_customers"": 61}",2,worthless,Observed on 181 physical records; strict Rule 2 threshold is greater than 40.,trim only,181,16290
last_name,Y***,ad22dd28ce60e3f71fcb0fd9e4377af1dfcb58bccb22f285b239621761cf868e,181,"{""app_users"": 107, ""store_customers"": 74}",2,worthless,Observed on 181 physical records; strict Rule 2 threshold is greater than 40.,trim only,181,16290
last_name,V***,e1841ea1ee95953d05b1d2ec0e0057c33d2c4fff7b5d117bf7421d83d8928159,181,"{""app_users"": 110, ""store_customers"": 71}",2,worthless,Observed on 181 physical records; strict Rule 2 threshold is greater than 40.,trim only,181,16290
last_name,J***,f4614e3a04b79d771f21833501cb427204524d1fb05a4bea261f2ed682848e66,181,"{""app_users"": 108, ""store_customers"": 73}",2,worthless,Observed on 181 physical records; strict Rule 2 threshold is greater than 40.,trim only,181,16290
last_name,Y***,f77e65ec79fa0796e0a3706cfab9910ec9a630fcd5661a5f80c8fc97bfe7bb24,181,"{""app_users"": 102, ""store_customers"": 79}",2,worthless,Observed on 181 physical records; strict Rule 2 threshold is greater than 40.,trim only,181,16290
last_name,P***,fa160f78d7236d61b5e937e131db8f075e6a4f9c5e828ff94b0370d20099d38b,181,"{""app_users"": 112, ""store_customers"": 69}",2,worthless,Observed on 181 physical records; strict Rule 2 threshold is greater than 40.,trim only,181,16290
last_name,B***,fc8246a28fe322f6efb01382ceda3e5c6bf6aab70f1a6fe8350085a6e37d8777,181,"{""app_users"": 105, ""store_customers"": 76}",2,worthless,Observed on 181 physical records; strict Rule 2 threshold is greater than 40.,trim only,181,16290
first_name,L***,10838f92d9276c230796a653a48b8d5877e2677a06c669a448f27eec506cbaeb,180,"{""app_users"": 113, ""store_customers"": 67}",2,worthless,Observed on 180 physical records; strict Rule 2 threshold is greater than 40.,trim only,180,16110
first_name,W***,1903018d7835846780ddc2780900a72d4907cbcbac9ff3336fdc42b59804a842,180,"{""app_users"": 114, ""store_customers"": 66}",2,worthless,Observed on 180 physical records; strict Rule 2 threshold is greater than 40.,trim only,180,16110
first_name,P***,2683e7830692299480097abe743027c557973c5bb124d529a4ff3a4077c5bf64,180,"{""app_users"": 105, ""store_customers"": 75}",2,worthless,Observed on 180 physical records; strict Rule 2 threshold is greater than 40.,trim only,180,16110
first_name,N***,26e825f65dbbd3925f0a2ef697633b4eee6ac0586bfb2508b5686c41d1a7fae8,180,"{""app_users"": 109, ""store_customers"": 71}",2,worthless,Observed on 180 physical records; strict Rule 2 threshold is greater than 40.,trim only,180,16110
first_name,P***,7638b097e9b6619d9b75a2c9064c7b1e43a0d636c2532c44a066d9782f935059,180,"{""app_users"": 118, ""store_customers"": 62}",2,worthless,Observed on 180 physical records; strict Rule 2 threshold is greater than 40.,trim only,180,16110
first_name,R***,8d235346c40c0952cc0b2bfd0ec7d3b9d8cb2e65340f4bc5fa29686ba16cd750,180,"{""app_users"": 102, ""store_customers"": 78}",2,worthless,Observed on 180 physical records; strict Rule 2 threshold is greater than 40.,trim only,180,16110
first_name,Q***,98786c6e5637ad641551c279e63ecf6d4d7441a01dcab852d74657f08cd11c03,180,"{""app_users"": 88, ""store_customers"": 92}",2,worthless,Observed on 180 physical records; strict Rule 2 threshold is greater than 40.,trim only,180,16110
first_name,J***,9cf7b5a813116657c208b377bc15b9d7d330977fe9630cb3b935fed7929e12f1,180,"{""app_users"": 105, ""store_customers"": 75}",2,worthless,Observed on 180 physical records; strict Rule 2 threshold is greater than 40.,trim only,180,16110
first_name,R***,aafb68685531acc63889d2bb8b1ea020f65fbc2ff317446df4c221f39f17d228,180,"{""app_users"": 113, ""store_customers"": 67}",2,worthless,Observed on 180 physical records; strict Rule 2 threshold is greater than 40.,trim only,180,16110
first_name,K***,da817c72eb0a41e05b899aecb58c1f68a702e4e5e0da5afba0f80b0b23040e86,180,"{""app_users"": 99, ""store_customers"": 81}",2,worthless,Observed on 180 physical records; strict Rule 2 threshold is greater than 40.,trim only,180,16110
last_name,T***,569c22d1db6a1ea87c0887eae7f8945bf756c52b1544fc813ac6bd64052191e3,180,"{""app_users"": 110, ""store_customers"": 70}",2,worthless,Observed on 180 physical records; strict Rule 2 threshold is greater than 40.,trim only,180,16110
last_name,P***,628f84d2b5accd5dd2d4e5b4893f4a6de7f992894388ae1737bff8521ac2b776,180,"{""app_users"": 106, ""store_customers"": 74}",2,worthless,Observed on 180 physical records; strict Rule 2 threshold is greater than 40.,trim only,180,16110
last_name,T***,7bd9cc1ca7d61029db6bedce603ade85fa5d03e1506cc4d8455feb636640035d,180,"{""app_users"": 98, ""store_customers"": 82}",2,worthless,Observed on 180 physical records; strict Rule 2 threshold is greater than 40.,trim only,180,16110
last_name,P***,7f5b32864a73f9706e0945b1a3f52145fd391c0eec377784b3759822e7867798,180,"{""app_users"": 106, ""store_customers"": 74}",2,worthless,Observed on 180 physical records; strict Rule 2 threshold is greater than 40.,trim only,180,16110
last_name,J***,98b593cb70ad2e5a7b1c0d0c5e74bab194ac49f47c1152455a011517b5217a58,180,"{""app_users"": 113, ""store_customers"": 67}",2,worthless,Observed on 180 physical records; strict Rule 2 threshold is greater than 40.,trim only,180,16110
last_name,G***,a49e38fec5181567a34eb5f74aa028aa148a3b11ddc4958270bac3e58445257b,180,"{""app_users"": 106, ""store_customers"": 74}",2,worthless,Observed on 180 physical records; strict Rule 2 threshold is greater than 40.,trim only,180,16110
first_name,Z***,0430e840b741cea2b17361d1375537a6da9b07e604a9d9f089a5a82a610c974d,179,"{""app_users"": 106, ""store_customers"": 73}",2,worthless,Observed on 179 physical records; strict Rule 2 threshold is greater than 40.,trim only,179,15931
first_name,R***,04ede9509b01a0609ec5ec2ba3a7a7f14c5ac23721f3a39db252ab58d5ca898d,179,"{""app_users"": 114, ""store_customers"": 65}",2,worthless,Observed on 179 physical records; strict Rule 2 threshold is greater than 40.,trim only,179,15931
first_name,W***,0fdf6a1c11ea9fc0632e076deb26378a30bb1aac3b049532a1d5efe9a17dafaf,179,"{""app_users"": 117, ""store_customers"": 62}",2,worthless,Observed on 179 physical records; strict Rule 2 threshold is greater than 40.,trim only,179,15931
first_name,Q***,42c807f6e076d01a2cbc2fd119b60a18d5cf05c46d946962edf3a83c51f62500,179,"{""app_users"": 105, ""store_customers"": 74}",2,worthless,Observed on 179 physical records; strict Rule 2 threshold is greater than 40.,trim only,179,15931
first_name,B***,eea1d7cba61f9b831dc27a385561832bcb3cba454f18c7304021e0aecaf30add,179,"{""app_users"": 99, ""store_customers"": 80}",2,worthless,Observed on 179 physical records; strict Rule 2 threshold is greater than 40.,trim only,179,15931
first_name,F***,f856de3e40236e02106b8e807e898660be82c2c70d1eca8704c56abb81aa0cbf,179,"{""app_users"": 101, ""store_customers"": 78}",2,worthless,Observed on 179 physical records; strict Rule 2 threshold is greater than 40.,trim only,179,15931
first_name,S***,fafe189cbceb63bae7945aef4ec1785f0728c91943969175136c7e36f1e22277,179,"{""app_users"": 106, ""store_customers"": 73}",2,worthless,Observed on 179 physical records; strict Rule 2 threshold is greater than 40.,trim only,179,15931
last_name,Z***,22ff2d84dbb1cdb80faf711bbe6c23b925d557844a5a7edf1f836325c87ff87e,179,"{""app_users"": 105, ""store_customers"": 74}",2,worthless,Observed on 179 physical records; strict Rule 2 threshold is greater than 40.,trim only,179,15931
last_name,W***,6061422832e953e627ba9e38462d5327ac9a81c4ad1dbc029ba848e686d7ab3d,179,"{""app_users"": 105, ""store_customers"": 74}",2,worthless,Observed on 179 physical records; strict Rule 2 threshold is greater than 40.,trim only,179,15931
last_name,C***,64a202b2f00cc0b0742b5babcf8f82191aa3a2e18bd7aaeb1b107ceb6bc01edf,179,"{""app_users"": 112, ""store_customers"": 67}",2,worthless,Observed on 179 physical records; strict Rule 2 threshold is greater than 40.,trim only,179,15931
last_name,P***,840e61dd5b91fedb8decf9b85d3455cc41566df1f80548c7cec60c96d61c468e,179,"{""app_users"": 98, ""store_customers"": 81}",2,worthless,Observed on 179 physical records; strict Rule 2 threshold is greater than 40.,trim only,179,15931
last_name,T***,a4b498ee5fc042d1dfd6c56fe5c7f161b2a8cceb92908ff59c95778d5ebcc7fd,179,"{""app_users"": 103, ""store_customers"": 76}",2,worthless,Observed on 179 physical records; strict Rule 2 threshold is greater than 40.,trim only,179,15931
last_name,K***,a7823a1b50135e236c3eb9fc28b95b447b400e632e8ebfc0524ac72ef04bd3b4,179,"{""app_users"": 115, ""store_customers"": 64}",2,worthless,Observed on 179 physical records; strict Rule 2 threshold is greater than 40.,trim only,179,15931
last_name,P***,ac78f25e925273f400dbf0e58859e0964341832e673580bf70b606d3f28a6920,179,"{""app_users"": 100, ""store_customers"": 79}",2,worthless,Observed on 179 physical records; strict Rule 2 threshold is greater than 40.,trim only,179,15931
last_name,R***,bc98fd15fa18140fef07bc1c85a4260ec2e920cb3dd06a13f8ae580cb061f29c,179,"{""app_users"": 105, ""store_customers"": 74}",2,worthless,Observed on 179 physical records; strict Rule 2 threshold is greater than 40.,trim only,179,15931
last_name,S***,e03268b9e5cbc9104d7d88f94545e1e4cc880fe866a52762a3617046ca7685d9,179,"{""app_users"": 105, ""store_customers"": 74}",2,worthless,Observed on 179 physical records; strict Rule 2 threshold is greater than 40.,trim only,179,15931
last_name,C***,e1fe9d0f2e56c17478d5391a1c035fb79121b258d2f7c072d1928d46d05d5f79,179,"{""app_users"": 106, ""store_customers"": 73}",2,worthless,Observed on 179 physical records; strict Rule 2 threshold is greater than 40.,trim only,179,15931
first_name,B***,335b1921f19eeca7104b5389772bd45c07cc081f0364d085e244708ee734638f,178,"{""app_users"": 105, ""store_customers"": 73}",2,worthless,Observed on 178 physical records; strict Rule 2 threshold is greater than 40.,trim only,178,15753
first_name,B***,6a203a0e9525b6e2ba8e02fd9fe444c8287b607446cbd7bbbaf73c0cafdb3355,178,"{""app_users"": 111, ""store_customers"": 67}",2,worthless,Observed on 178 physical records; strict Rule 2 threshold is greater than 40.,trim only,178,15753
first_name,Q***,7a799339f454bd1b43263c46ee76f4f6eb650efba29cd8819271780eabc2b4ab,178,"{""app_users"": 96, ""store_customers"": 82}",2,worthless,Observed on 178 physical records; strict Rule 2 threshold is greater than 40.,trim only,178,15753
first_name,K***,81610064c11f3340c5d0b019102418004194f2023d98d437bdde79ccbba017d7,178,"{""app_users"": 115, ""store_customers"": 63}",2,worthless,Observed on 178 physical records; strict Rule 2 threshold is greater than 40.,trim only,178,15753
first_name,Z***,97ea153cfe6ff41c55cf3bb8d0226b389f8cbf7cfa543325af9ecd68ebc29ada,178,"{""app_users"": 114, ""store_customers"": 64}",2,worthless,Observed on 178 physical records; strict Rule 2 threshold is greater than 40.,trim only,178,15753
first_name,N***,ad735c1b19a5c0efe49f8b715d3315dbdfc54b0549dca7bc2b870566320580f5,178,"{""app_users"": 110, ""store_customers"": 68}",2,worthless,Observed on 178 physical records; strict Rule 2 threshold is greater than 40.,trim only,178,15753
first_name,X***,be7a414f495e460e5465bee9b18015d62c111c7f6be14e84853244cc3411f7d1,178,"{""app_users"": 109, ""store_customers"": 69}",2,worthless,Observed on 178 physical records; strict Rule 2 threshold is greater than 40.,trim only,178,15753
first_name,S***,e5918eafc697625b376b39081fff5cd7bda06f16a280ca3175bc64c8f7df2f2a,178,"{""app_users"": 97, ""store_customers"": 81}",2,worthless,Observed on 178 physical records; strict Rule 2 threshold is greater than 40.,trim only,178,15753
last_name,S***,21f68ef60cfa35fbd459b46c2000d05dc42f9e3c55a64d288a73ceb31bc5dfca,178,"{""app_users"": 108, ""store_customers"": 70}",2,worthless,Observed on 178 physical records; strict Rule 2 threshold is greater than 40.,trim only,178,15753
last_name,N***,6ec33be3e7ee1f07ddbc937bc5264e81a4ac49215c7a84aa5ea58ffff12a1ca9,178,"{""app_users"": 103, ""store_customers"": 75}",2,worthless,Observed on 178 physical records; strict Rule 2 threshold is greater than 40.,trim only,178,15753
last_name,F***,e2a916c5d63bf36a6ea3493c236f9b275b02732395b47c3849299c945a78a8cf,178,"{""app_users"": 107, ""store_customers"": 71}",2,worthless,Observed on 178 physical records; strict Rule 2 threshold is greater than 40.,trim only,178,15753
last_name,B***,eeb2ead566b7b1d98600a193625fd5608c0c8b7721a6dd660ba79dfd7b629133,178,"{""app_users"": 107, ""store_customers"": 71}",2,worthless,Observed on 178 physical records; strict Rule 2 threshold is greater than 40.,trim only,178,15753
first_name,Q***,00f840f1f669aee37beac1b32a768cde21aba8b34127b1fea06b09a87acd9e68,177,"{""app_users"": 106, ""store_customers"": 71}",2,worthless,Observed on 177 physical records; strict Rule 2 threshold is greater than 40.,trim only,177,15576
first_name,Y***,4255aa9452796f6ce250dbcb30fcb62d4988da73ad4fa0727bdf3a5a2b8525ef,177,"{""app_users"": 112, ""store_customers"": 65}",2,worthless,Observed on 177 physical records; strict Rule 2 threshold is greater than 40.,trim only,177,15576
first_name,P***,6a8a7bb1e9bf968a7f0135163c87d54b2e747a5756e5c894697fff200078d64a,177,"{""app_users"": 100, ""store_customers"": 77}",2,worthless,Observed on 177 physical records; strict Rule 2 threshold is greater than 40.,trim only,177,15576
first_name,N***,781679de6b3850c8631dbf2fd6babd3fd6aa99eaca1f549b25c2828269dbf16e,177,"{""app_users"": 98, ""store_customers"": 79}",2,worthless,Observed on 177 physical records; strict Rule 2 threshold is greater than 40.,trim only,177,15576
first_name,N***,9f9399da5f37ba553a8550dbf1a037430f5136ea8281c6cb894b71981b413c2a,177,"{""app_users"": 107, ""store_customers"": 70}",2,worthless,Observed on 177 physical records; strict Rule 2 threshold is greater than 40.,trim only,177,15576
first_name,P***,e72311c3e7fba80c6b491c5870ddf64a998821895c850c2548b57201e1880422,177,"{""app_users"": 98, ""store_customers"": 79}",2,worthless,Observed on 177 physical records; strict Rule 2 threshold is greater than 40.,trim only,177,15576
last_name,L***,0f0638eb47b6cb93faa568d350eb5a8a8dc6bd1fdc797be449f8d816982b80ca,177,"{""app_users"": 106, ""store_customers"": 71}",2,worthless,Observed on 177 physical records; strict Rule 2 threshold is greater than 40.,trim only,177,15576
last_name,P***,3877bea516e80c462a9a70131f0d362ee3d0b97fb194cd2ef298e746ad41cbbd,177,"{""app_users"": 116, ""store_customers"": 61}",2,worthless,Observed on 177 physical records; strict Rule 2 threshold is greater than 40.,trim only,177,15576
last_name,V***,406a57954fcdd097f465cb7489f31b682a1909d514e41337acfe597f537f532a,177,"{""app_users"": 113, ""store_customers"": 64}",2,worthless,Observed on 177 physical records; strict Rule 2 threshold is greater than 40.,trim only,177,15576
last_name,B***,6053bbea4e30f03f95bab3ab1118da4f80a59a9fea4b6765d01ffde9d547fd93,177,"{""app_users"": 112, ""store_customers"": 65}",2,worthless,Observed on 177 physical records; strict Rule 2 threshold is greater than 40.,trim only,177,15576
last_name,B***,94e34224591b1e474abec79eb448d8e470befea9eb2f56dd3901d7f209c93fcb,177,"{""app_users"": 115, ""store_customers"": 62}",2,worthless,Observed on 177 physical records; strict Rule 2 threshold is greater than 40.,trim only,177,15576
last_name,N***,c6ba7605b0071ecca34f3e49e45da5b504e3914599a89715b53a63b29d2ea12e,177,"{""app_users"": 96, ""store_customers"": 81}",2,worthless,Observed on 177 physical records; strict Rule 2 threshold is greater than 40.,trim only,177,15576
last_name,M***,e1917ea26cb5b0e5d1c4fe3c626e5570f693a7e6e20c764ac9b66e0901d9a6ba,177,"{""app_users"": 104, ""store_customers"": 73}",2,worthless,Observed on 177 physical records; strict Rule 2 threshold is greater than 40.,trim only,177,15576
last_name,J***,e71516819133201cd1093323ef6dc2652e1462e3411f5615f69c470f1a77ec7c,177,"{""app_users"": 106, ""store_customers"": 71}",2,worthless,Observed on 177 physical records; strict Rule 2 threshold is greater than 40.,trim only,177,15576
first_name,X***,20961cde9a4132ec700cfd51ece8e692606c12cd45923b7da93f4637ed3a7ffd,176,"{""app_users"": 113, ""store_customers"": 63}",2,worthless,Observed on 176 physical records; strict Rule 2 threshold is greater than 40.,trim only,176,15400
first_name,J***,70c560b62bc7de0f4f49b61713985136bfaf9bee1ee9f3edc738ca6ce1429864,176,"{""app_users"": 115, ""store_customers"": 61}",2,worthless,Observed on 176 physical records; strict Rule 2 threshold is greater than 40.,trim only,176,15400
first_name,T***,87467c420426ddaea38f90b1f3b2fd50d500640517b12da3ed03db8a36701582,176,"{""app_users"": 95, ""store_customers"": 81}",2,worthless,Observed on 176 physical records; strict Rule 2 threshold is greater than 40.,trim only,176,15400
first_name,R***,c821aac1c6dc18b2b15a1db3991dd6d815d5a81cd6dc648c8aabce6fda335a28,176,"{""app_users"": 110, ""store_customers"": 66}",2,worthless,Observed on 176 physical records; strict Rule 2 threshold is greater than 40.,trim only,176,15400
last_name,Y***,25c58889c07e9461d2962a9c987a644205fa2cf38e4c449eab6c2cc8c6725b94,176,"{""app_users"": 111, ""store_customers"": 65}",2,worthless,Observed on 176 physical records; strict Rule 2 threshold is greater than 40.,trim only,176,15400
last_name,T***,549d43b46acd17bec7f4c4cfc30722ebbfa50f3d8d89863a9f7088459e439de2,176,"{""app_users"": 95, ""store_customers"": 81}",2,worthless,Observed on 176 physical records; strict Rule 2 threshold is greater than 40.,trim only,176,15400
last_name,J***,63c5e880124dc43fe7542120ef4173494d746a906a2ae9394e02823c3e644161,176,"{""app_users"": 112, ""store_customers"": 64}",2,worthless,Observed on 176 physical records; strict Rule 2 threshold is greater than 40.,trim only,176,15400
last_name,S***,6a3b8b5426213b0d8c8a2fde9ab8da99e5e7b1be69fa63fb630bebdc9c340baf,176,"{""app_users"": 108, ""store_customers"": 68}",2,worthless,Observed on 176 physical records; strict Rule 2 threshold is greater than 40.,trim only,176,15400
last_name,X***,729282990a3216a69f90c2b99a2ca644eb97692c2d3ff0e8c62ad8452008da9a,176,"{""app_users"": 102, ""store_customers"": 74}",2,worthless,Observed on 176 physical records; strict Rule 2 threshold is greater than 40.,trim only,176,15400
last_name,Q***,8add7267eefde7ed9808a7828bd67ee537db99705d0c08ab2b920358bbc70260,176,"{""app_users"": 91, ""store_customers"": 85}",2,worthless,Observed on 176 physical records; strict Rule 2 threshold is greater than 40.,trim only,176,15400
first_name,P***,080bb7c91ae0efc347dfeb545d60bcb46a0b5d2767f37b9cda583ee1b2d46a60,175,"{""app_users"": 116, ""store_customers"": 59}",2,worthless,Observed on 175 physical records; strict Rule 2 threshold is greater than 40.,trim only,175,15225
first_name,Q***,1f33d3779a793a01b8dc187c967791c971c5948297f1ba381c8cc6abde34cfc6,175,"{""app_users"": 108, ""store_customers"": 67}",2,worthless,Observed on 175 physical records; strict Rule 2 threshold is greater than 40.,trim only,175,15225
first_name,P***,3e0f8b818a1db0838822f9fb36c794f809898f326f0a852243e900fe4752dea2,175,"{""app_users"": 105, ""store_customers"": 70}",2,worthless,Observed on 175 physical records; strict Rule 2 threshold is greater than 40.,trim only,175,15225
first_name,C***,4faac634dda444e745fe943498790634658f8eb23f2a519bb679c815871f4a54,175,"{""app_users"": 95, ""store_customers"": 80}",2,worthless,Observed on 175 physical records; strict Rule 2 threshold is greater than 40.,trim only,175,15225
first_name,J***,7b8154e0766d0e1945a6ece62007fd13ba097c5c6c8723471870c4c6dfe542da,175,"{""app_users"": 101, ""store_customers"": 74}",2,worthless,Observed on 175 physical records; strict Rule 2 threshold is greater than 40.,trim only,175,15225
first_name,B***,b93e3594136bf5b9af0e53efe17fc0cd858eccadcb928ad15a4d151642559e16,175,"{""app_users"": 108, ""store_customers"": 67}",2,worthless,Observed on 175 physical records; strict Rule 2 threshold is greater than 40.,trim only,175,15225
last_name,Y***,6a2388a838aea52b5a884950cdcbe73af6e5919d732f8a0a0f669e5fd2825c4e,175,"{""app_users"": 111, ""store_customers"": 64}",2,worthless,Observed on 175 physical records; strict Rule 2 threshold is greater than 40.,trim only,175,15225
last_name,S***,8504c301ec3dca038d19d7b5105f6c8f5fd7f479ba0db8663481641e72699d11,175,"{""app_users"": 95, ""store_customers"": 80}",2,worthless,Observed on 175 physical records; strict Rule 2 threshold is greater than 40.,trim only,175,15225
last_name,R***,b02b72ea8fb7e67ec767dd86d521d0f2105d6c37cc47a5b62ebacc4c3c7b7d21,175,"{""app_users"": 102, ""store_customers"": 73}",2,worthless,Observed on 175 physical records; strict Rule 2 threshold is greater than 40.,trim only,175,15225
last_name,R***,ef2117fb42b9519d714a371356ceceee97be7c5e369f076ff3ed2b8f8ba3297d,175,"{""app_users"": 97, ""store_customers"": 78}",2,worthless,Observed on 175 physical records; strict Rule 2 threshold is greater than 40.,trim only,175,15225
last_name,S***,ff4b33ed6bffcf5e54a51ed280ecc81c07d4c1bd3b4e9b86529dcb2768a82bc7,175,"{""app_users"": 94, ""store_customers"": 81}",2,worthless,Observed on 175 physical records; strict Rule 2 threshold is greater than 40.,trim only,175,15225
first_name,P***,272f84cb84f472923453cf18b230e72e36380808ad0fa22e156d10a72625f695,174,"{""app_users"": 102, ""store_customers"": 72}",2,worthless,Observed on 174 physical records; strict Rule 2 threshold is greater than 40.,trim only,174,15051
first_name,C***,494c7c4826524c0ffa63f341b676102c2bf45bf8c778c3cb495ec69e90274bb3,174,"{""app_users"": 101, ""store_customers"": 73}",2,worthless,Observed on 174 physical records; strict Rule 2 threshold is greater than 40.,trim only,174,15051
first_name,C***,788421938e0bfb7e1ed96a6eb9556a4461f254895df2c836e6af32007cc4f5b9,174,"{""app_users"": 108, ""store_customers"": 66}",2,worthless,Observed on 174 physical records; strict Rule 2 threshold is greater than 40.,trim only,174,15051
first_name,L***,7d182895a4efdbc38be478d678f66910ea2de039e2dd555d227caa6da4a9048a,174,"{""app_users"": 93, ""store_customers"": 81}",2,worthless,Observed on 174 physical records; strict Rule 2 threshold is greater than 40.,trim only,174,15051
first_name,J***,8f17f10865ea92723094d4f55fb7d576c35314cdc6895657ac00b190808e209b,174,"{""app_users"": 110, ""store_customers"": 64}",2,worthless,Observed on 174 physical records; strict Rule 2 threshold is greater than 40.,trim only,174,15051
first_name,N***,c48114da2f20a043b74ad7af34c164a20d91dd2aa574f76923c6220ab60eb26d,174,"{""app_users"": 100, ""store_customers"": 74}",2,worthless,Observed on 174 physical records; strict Rule 2 threshold is greater than 40.,trim only,174,15051
first_name,C***,cbb77ed641c43623747e93c7e638f10d36e7654922d4894da955916f45ac8b73,174,"{""app_users"": 100, ""store_customers"": 74}",2,worthless,Observed on 174 physical records; strict Rule 2 threshold is greater than 40.,trim only,174,15051
first_name,L***,dd18587263b0c2b597a524e78594d7ac4ed4ff3c9f1ba07ead8ee30b29819c1d,174,"{""app_users"": 97, ""store_customers"": 77}",2,worthless,Observed on 174 physical records; strict Rule 2 threshold is greater than 40.,trim only,174,15051
last_name,V***,5047cc4d04d391f6c2085576afebcd0cbff0ea5af6b63e542365df6e1806f973,174,"{""app_users"": 113, ""store_customers"": 61}",2,worthless,Observed on 174 physical records; strict Rule 2 threshold is greater than 40.,trim only,174,15051
last_name,F***,512a0167a4e03b58aefa7af1974fd1a1a599dd14bea352f25d803e02efcdc6c2,174,"{""app_users"": 114, ""store_customers"": 60}",2,worthless,Observed on 174 physical records; strict Rule 2 threshold is greater than 40.,trim only,174,15051
last_name,X***,5fa2cb0ecd05429054b8f72073a453ba3e54a204027eb3e7b19252c919ef75b3,174,"{""app_users"": 107, ""store_customers"": 67}",2,worthless,Observed on 174 physical records; strict Rule 2 threshold is greater than 40.,trim only,174,15051
last_name,N***,e92b038ef8622af6358ca5da93a8fecb797c93483643708e0c6c29b682c4cb23,174,"{""app_users"": 105, ""store_customers"": 69}",2,worthless,Observed on 174 physical records; strict Rule 2 threshold is greater than 40.,trim only,174,15051
last_name,B***,eb4d70e8cb62b6e80fb5fc81c2a6ceb6d26a7cabebd71db2aa9c4e789570bb2f,174,"{""app_users"": 107, ""store_customers"": 67}",2,worthless,Observed on 174 physical records; strict Rule 2 threshold is greater than 40.,trim only,174,15051
last_name,M***,f286f38dabdf1288041d6e0e54db0396a433956680d40d4ddeee7cc099b0176d,174,"{""app_users"": 107, ""store_customers"": 67}",2,worthless,Observed on 174 physical records; strict Rule 2 threshold is greater than 40.,trim only,174,15051
first_name,L***,5053ffe22f4345d5ba4460cbba754e123f2d10a118adb59d9a5375f508171935,173,"{""app_users"": 91, ""store_customers"": 82}",2,worthless,Observed on 173 physical records; strict Rule 2 threshold is greater than 40.,trim only,173,14878
first_name,Y***,57b58a83bc3fa0e03e11cbadca7eb552636407c8bc4881ebe506b6b2719848ee,173,"{""app_users"": 110, ""store_customers"": 63}",2,worthless,Observed on 173 physical records; strict Rule 2 threshold is greater than 40.,trim only,173,14878
first_name,V***,8a3ecc8f2aa9ada4cc32dfb1f4af878e2ed5660eaffa6e27b148148a57350852,173,"{""app_users"": 96, ""store_customers"": 77}",2,worthless,Observed on 173 physical records; strict Rule 2 threshold is greater than 40.,trim only,173,14878
first_name,S***,9c657a462b7c2bb86ce44670053a42354c889090d6711662542655b5e412ceac,173,"{""app_users"": 95, ""store_customers"": 78}",2,worthless,Observed on 173 physical records; strict Rule 2 threshold is greater than 40.,trim only,173,14878
first_name,K***,c1744a98828e66b90a0cf7366c63afd57e0e2e032b12ccdf8104d8ce654759fd,173,"{""app_users"": 98, ""store_customers"": 75}",2,worthless,Observed on 173 physical records; strict Rule 2 threshold is greater than 40.,trim only,173,14878
first_name,K***,d37d49117c57694003355bdeaca3430c1a95fc8762e8d0eb2fd0a916edf66ff1,173,"{""app_users"": 102, ""store_customers"": 71}",2,worthless,Observed on 173 physical records; strict Rule 2 threshold is greater than 40.,trim only,173,14878
last_name,Y***,22f04792d70e89ee1c75b766aac97178bfc8e636ffed48d3ea0ba764d8e80f63,173,"{""app_users"": 101, ""store_customers"": 72}",2,worthless,Observed on 173 physical records; strict Rule 2 threshold is greater than 40.,trim only,173,14878
last_name,P***,79f0b65924e29bccc6bc92515621bae95036f3d69c694cf6846bcf3b72dbc0de,173,"{""app_users"": 102, ""store_customers"": 71}",2,worthless,Observed on 173 physical records; strict Rule 2 threshold is greater than 40.,trim only,173,14878
last_name,B***,cf3bc7f23cb64a2855d89d4eaf54efd71de565f10cad2df16129b0c9b2e22b11,173,"{""app_users"": 106, ""store_customers"": 67}",2,worthless,Observed on 173 physical records; strict Rule 2 threshold is greater than 40.,trim only,173,14878
last_name,V***,e6192c5c7c1a877580067496e2907482dfd1d36625a745cd254f61ee2556b68d,173,"{""app_users"": 98, ""store_customers"": 75}",2,worthless,Observed on 173 physical records; strict Rule 2 threshold is greater than 40.,trim only,173,14878
first_name,S***,86d63af30dfa9e7b557feeaa94fd78b58351915a1897cad4dc971f31d319de02,172,"{""app_users"": 101, ""store_customers"": 71}",2,worthless,Observed on 172 physical records; strict Rule 2 threshold is greater than 40.,trim only,172,14706
first_name,D***,8869f824ce752f3d6f4312bde9b8cf13526b8a55a66d59d30ed6ea03e0287753,172,"{""app_users"": 108, ""store_customers"": 64}",2,worthless,Observed on 172 physical records; strict Rule 2 threshold is greater than 40.,trim only,172,14706
last_name,Y***,102e299475d34902a23f1a58ddd1a96c9f01f89c1cecbed8a1dd00cbe44e507f,172,"{""app_users"": 99, ""store_customers"": 73}",2,worthless,Observed on 172 physical records; strict Rule 2 threshold is greater than 40.,trim only,172,14706
last_name,M***,80f4944b6924a1eb2004a8ae917c9895eb1f4bcdca589d2a51f200aa88ab403d,172,"{""app_users"": 104, ""store_customers"": 68}",2,worthless,Observed on 172 physical records; strict Rule 2 threshold is greater than 40.,trim only,172,14706
last_name,C***,c4d7d708d0f317f06e5c9a6ad3ac0387b6433400333fa909becda3a6999ede09,172,"{""app_users"": 96, ""store_customers"": 76}",2,worthless,Observed on 172 physical records; strict Rule 2 threshold is greater than 40.,trim only,172,14706
last_name,D***,ff1fe82e4b2dbaf0e42e31718a097dd1926073d60f97bb16e6bddcbbb7d1555f,172,"{""app_users"": 82, ""store_customers"": 90}",2,worthless,Observed on 172 physical records; strict Rule 2 threshold is greater than 40.,trim only,172,14706
first_name,D***,4da6afd43b126349203d21bfc4dc41eb3f86e14557553b4b81c77bd70de379d8,171,"{""app_users"": 99, ""store_customers"": 72}",2,worthless,Observed on 171 physical records; strict Rule 2 threshold is greater than 40.,trim only,171,14535
first_name,C***,c1642e42276dd707b72bb86197b6f8cc639fca0cdce3b907fa15c3338ffbf4d1,171,"{""app_users"": 113, ""store_customers"": 58}",2,worthless,Observed on 171 physical records; strict Rule 2 threshold is greater than 40.,trim only,171,14535
first_name,W***,eee64452c62019c787f121e116768f5a4aa51d09b1efe7ce8e314c3eee260482,171,"{""app_users"": 102, ""store_customers"": 69}",2,worthless,Observed on 171 physical records; strict Rule 2 threshold is greater than 40.,trim only,171,14535
first_name,T***,f2c73cc8c484e44e49d6eb73a955a7a8aed81357042f30859417d71ee846950b,171,"{""app_users"": 103, ""store_customers"": 68}",2,worthless,Observed on 171 physical records; strict Rule 2 threshold is greater than 40.,trim only,171,14535
first_name,T***,fed3664f683ff4196898cd9e8fbf57aed737b19c70dce85c6fce29a2c140f547,171,"{""app_users"": 93, ""store_customers"": 78}",2,worthless,Observed on 171 physical records; strict Rule 2 threshold is greater than 40.,trim only,171,14535
last_name,T***,05a61d32584beb27988f3a20e08b76300835b4cc4414ff1978b3d3e1371228fa,171,"{""app_users"": 103, ""store_customers"": 68}",2,worthless,Observed on 171 physical records; strict Rule 2 threshold is greater than 40.,trim only,171,14535
last_name,C***,29282829248f48056dcb5ca3732d2daafd9b46069ea9327497b1593754319e91,171,"{""app_users"": 97, ""store_customers"": 74}",2,worthless,Observed on 171 physical records; strict Rule 2 threshold is greater than 40.,trim only,171,14535
last_name,R***,5ab3b664a01f888a2d6a6e016a2cbea49cc82d847eb915fe89805cc301970935,171,"{""app_users"": 97, ""store_customers"": 74}",2,worthless,Observed on 171 physical records; strict Rule 2 threshold is greater than 40.,trim only,171,14535
last_name,W***,64cd4ee7fa882a77bf5a8b41c8448966672b587b78d6f3023c0e0943e4035e20,171,"{""app_users"": 108, ""store_customers"": 63}",2,worthless,Observed on 171 physical records; strict Rule 2 threshold is greater than 40.,trim only,171,14535
last_name,X***,6ba6fdb0b03377b0206c3c04e939f7a9a1f14bad2f8d5fe5838fddbe13e5fcda,171,"{""app_users"": 102, ""store_customers"": 69}",2,worthless,Observed on 171 physical records; strict Rule 2 threshold is greater than 40.,trim only,171,14535
last_name,C***,84bc0f06c4f61f8c5c93f58a3b3d64d6effbbff94ed937c201ecbc11693f753f,171,"{""app_users"": 95, ""store_customers"": 76}",2,worthless,Observed on 171 physical records; strict Rule 2 threshold is greater than 40.,trim only,171,14535
last_name,T***,b85b81af4068341ca22668f04bc67e51819eb18e7b891f7fd7fdc711055fa524,171,"{""app_users"": 90, ""store_customers"": 81}",2,worthless,Observed on 171 physical records; strict Rule 2 threshold is greater than 40.,trim only,171,14535
first_name,K***,55401756a7d90a2ddc070fb54a22089f1ebe74bc5b8ae6ed9a3281c68763209d,170,"{""app_users"": 102, ""store_customers"": 68}",2,worthless,Observed on 170 physical records; strict Rule 2 threshold is greater than 40.,trim only,170,14365
first_name,P***,6f7c6d7a66e9daa4a4ac0f50365e25a93c8e4d546e438fe07eb79495c984b98d,170,"{""app_users"": 104, ""store_customers"": 66}",2,worthless,Observed on 170 physical records; strict Rule 2 threshold is greater than 40.,trim only,170,14365
first_name,L***,c4dfd920e37a1db60859353ec1890330e530afea6066b8dbff2fb9d25bab3cb2,170,"{""app_users"": 102, ""store_customers"": 68}",2,worthless,Observed on 170 physical records; strict Rule 2 threshold is greater than 40.,trim only,170,14365
last_name,R***,0d91522302a90dd1f8cc716ce1d59690faccc42d77ee92996c41abd5995d533a,170,"{""app_users"": 107, ""store_customers"": 63}",2,worthless,Observed on 170 physical records; strict Rule 2 threshold is greater than 40.,trim only,170,14365
last_name,J***,51937c514caf1749c9d6831001a7055215148b59a16160c136d6400026871a8a,170,"{""app_users"": 112, ""store_customers"": 58}",2,worthless,Observed on 170 physical records; strict Rule 2 threshold is greater than 40.,trim only,170,14365
first_name,N***,0fd41837b29463425bda7fada1353cdbe55e5d8a1bf98b7d2fb4d73009d80c13,169,"{""app_users"": 85, ""store_customers"": 84}",2,worthless,Observed on 169 physical records; strict Rule 2 threshold is greater than 40.,trim only,169,14196
first_name,S***,677e8d1f966e8c8f8f419bdeb5efccb7808a8465b31efdb86b835fec994f52e6,169,"{""app_users"": 95, ""store_customers"": 74}",2,worthless,Observed on 169 physical records; strict Rule 2 threshold is greater than 40.,trim only,169,14196
first_name,C***,dd38e424b669bf08269ccfa784b22f74f66bcf51c26b2de08047522a2c9f2517,169,"{""app_users"": 87, ""store_customers"": 82}",2,worthless,Observed on 169 physical records; strict Rule 2 threshold is greater than 40.,trim only,169,14196
first_name,B***,3fd998c14dca5ee5aa321bd3f3847b4cdc4650060cc50e4a79a4805f10def1ef,168,"{""app_users"": 93, ""store_customers"": 75}",2,worthless,Observed on 168 physical records; strict Rule 2 threshold is greater than 40.,trim only,168,14028
first_name,D***,6139786ce1b763a153e004ac329ed1b461ad545e7af30eb5d8aab9cc5048bf11,168,"{""app_users"": 93, ""store_customers"": 75}",2,worthless,Observed on 168 physical records; strict Rule 2 threshold is greater than 40.,trim only,168,14028
first_name,T***,61d8644b2729ed2cf7b683a6a6ef6239b29af979ae6d95981ececdbc5df30f76,168,"{""app_users"": 98, ""store_customers"": 70}",2,worthless,Observed on 168 physical records; strict Rule 2 threshold is greater than 40.,trim only,168,14028
first_name,K***,6f0752a37d130be994961b243287a7d9122ffd41e77d8f40fbe5437f909b5912,168,"{""app_users"": 90, ""store_customers"": 78}",2,worthless,Observed on 168 physical records; strict Rule 2 threshold is greater than 40.,trim only,168,14028
first_name,S***,6f08f6f8aee6860c8af56a3aefffcadbc4430d566cfb9b7d52b6a732e0c4ad01,168,"{""app_users"": 101, ""store_customers"": 67}",2,worthless,Observed on 168 physical records; strict Rule 2 threshold is greater than 40.,trim only,168,14028
first_name,N***,a1b2523c6144de4d76c18fa147d810cf336a2afc86ec208739b3909ede0e8cfd,168,"{""app_users"": 96, ""store_customers"": 72}",2,worthless,Observed on 168 physical records; strict Rule 2 threshold is greater than 40.,trim only,168,14028
last_name,S***,115e04ff761bdc82a041797517405df4c1de1e7001b8aafa8df2542f946425ce,168,"{""app_users"": 101, ""store_customers"": 67}",2,worthless,Observed on 168 physical records; strict Rule 2 threshold is greater than 40.,trim only,168,14028
last_name,D***,57d7570a64e366ebb28611e69a36958022d0fc0130cb53534d2c6089802f4797,168,"{""app_users"": 103, ""store_customers"": 65}",2,worthless,Observed on 168 physical records; strict Rule 2 threshold is greater than 40.,trim only,168,14028
last_name,C***,8b07ef8e2c57d8a21b15bb3486a6af0fcea68a99a94a8f759887a75c65625d0e,168,"{""app_users"": 98, ""store_customers"": 70}",2,worthless,Observed on 168 physical records; strict Rule 2 threshold is greater than 40.,trim only,168,14028
last_name,C***,b517bb73c36bec94582cbeaf5295ec92d45b0779a5a3788a377e40a574571444,168,"{""app_users"": 99, ""store_customers"": 69}",2,worthless,Observed on 168 physical records; strict Rule 2 threshold is greater than 40.,trim only,168,14028
first_name,R***,8e435d1549a59e980ca209c9d46b89560c1985cc4aa7664f386fc229423b939b,167,"{""app_users"": 106, ""store_customers"": 61}",2,worthless,Observed on 167 physical records; strict Rule 2 threshold is greater than 40.,trim only,167,13861
last_name,L***,3448d675625903f30d02bd9a1c1b5f63a89d8efe55e2ea1601e18c30e8553d89,167,"{""app_users"": 107, ""store_customers"": 60}",2,worthless,Observed on 167 physical records; strict Rule 2 threshold is greater than 40.,trim only,167,13861
last_name,Q***,7cd4f8f5e809d2b80ddd391e455852a542b065400c195140e05de25a669c3a32,167,"{""app_users"": 99, ""store_customers"": 68}",2,worthless,Observed on 167 physical records; strict Rule 2 threshold is greater than 40.,trim only,167,13861
last_name,Y***,d9c90ad06cd74334efffbfff9d17b11892077d1b2a77d3544bcd237138e8ee98,167,"{""app_users"": 95, ""store_customers"": 72}",2,worthless,Observed on 167 physical records; strict Rule 2 threshold is greater than 40.,trim only,167,13861
last_name,D***,f3035ffce720bd3c073d20ab2fc9a4de107a30a42577e34c96645ec12f08403a,167,"{""app_users"": 104, ""store_customers"": 63}",2,worthless,Observed on 167 physical records; strict Rule 2 threshold is greater than 40.,trim only,167,13861
first_name,N***,562cdf5a9605631e18153c1e0c6cabc700a1850d766ef3a4a746160df44c4316,166,"{""app_users"": 105, ""store_customers"": 61}",2,worthless,Observed on 166 physical records; strict Rule 2 threshold is greater than 40.,trim only,166,13695
first_name,P***,a431871a7e86e8442a0306aefd55cea2fbe0862fcdd1a77779800f726686c7df,166,"{""app_users"": 108, ""store_customers"": 58}",2,worthless,Observed on 166 physical records; strict Rule 2 threshold is greater than 40.,trim only,166,13695
first_name,G***,d968f66435d0292ab139aa02fe5ab94b01bf1181cc65cabf5eef79d0bfa47ea5,166,"{""app_users"": 99, ""store_customers"": 67}",2,worthless,Observed on 166 physical records; strict Rule 2 threshold is greater than 40.,trim only,166,13695
last_name,S***,434dda90abfe3645263d52041c1c4a9f71a503e23b55c202d8ffcb683907f841,166,"{""app_users"": 112, ""store_customers"": 54}",2,worthless,Observed on 166 physical records; strict Rule 2 threshold is greater than 40.,trim only,166,13695
last_name,Y***,7f1b4c09826d603171c5dedfa49d0989ef829dd7bca07eb6b9ad4bac32ae7b0a,166,"{""app_users"": 96, ""store_customers"": 70}",2,worthless,Observed on 166 physical records; strict Rule 2 threshold is greater than 40.,trim only,166,13695
last_name,X***,a882facd5f4b590fecc8e9b43300ef7b99a3261272766043ce5c0ff851c2f01d,166,"{""app_users"": 100, ""store_customers"": 66}",2,worthless,Observed on 166 physical records; strict Rule 2 threshold is greater than 40.,trim only,166,13695
last_name,P***,f3789942168b699036558941bd75ec485f29ce99c92fa1053935421d4648dd50,166,"{""app_users"": 105, ""store_customers"": 61}",2,worthless,Observed on 166 physical records; strict Rule 2 threshold is greater than 40.,trim only,166,13695
first_name,N***,19b86bdef4af956360f989a548aee59d424a8a6d05653758744836d66be1b47d,164,"{""app_users"": 93, ""store_customers"": 71}",2,worthless,Observed on 164 physical records; strict Rule 2 threshold is greater than 40.,trim only,164,13366
first_name,W***,3064169eea6baacc723c0fdcfc892c490138957c5133c5517600dc3d676d908d,164,"{""app_users"": 101, ""store_customers"": 63}",2,worthless,Observed on 164 physical records; strict Rule 2 threshold is greater than 40.,trim only,164,13366
first_name,Y***,3e34271969e4b9078610c60b3d12707f59f0e843ed5d1c009b4700d43ab09244,164,"{""app_users"": 99, ""store_customers"": 65}",2,worthless,Observed on 164 physical records; strict Rule 2 threshold is greater than 40.,trim only,164,13366
last_name,V***,b6c9ccb676a8b0384a875f120e5b48bf260617720e361aa32e9721c205ca08ac,164,"{""app_users"": 115, ""store_customers"": 49}",2,worthless,Observed on 164 physical records; strict Rule 2 threshold is greater than 40.,trim only,164,13366
first_name,S***,bbceddfc5b0d88c3890a20f60e568da7f588186bf29b6dad097c2d04e5b3c78b,163,"{""app_users"": 98, ""store_customers"": 65}",2,worthless,Observed on 163 physical records; strict Rule 2 threshold is greater than 40.,trim only,163,13203
first_name,N***,b2eae5aabbc1e3f871078df91be4d2a22b06fb722243241a8db4856147642662,161,"{""app_users"": 104, ""store_customers"": 57}",2,worthless,Observed on 161 physical records; strict Rule 2 threshold is greater than 40.,trim only,161,12880
last_name,B***,f05b3cff8f6e3bc099fef76450961958637c2dfe82e2e6148cfdf6aeded4e1d5,159,"{""app_users"": 98, ""store_customers"": 61}",2,worthless,Observed on 159 physical records; strict Rule 2 threshold is greater than 40.,trim only,159,12561
last_name,T***,1bc3cff86e885aa17cb898898978ebf4488f28a9fd3cfa4e95232c2852660cf1,154,"{""app_users"": 93, ""store_customers"": 61}",2,worthless,Observed on 154 physical records; strict Rule 2 threshold is greater than 40.,trim only,154,11781
first_name,N***,6ffdcc5013cf8475c17cc78af39281abb94fab23c089afa4b106a592c66b1ada,153,"{""app_users"": 94, ""store_customers"": 59}",2,worthless,Observed on 153 physical records; strict Rule 2 threshold is greater than 40.,trim only,153,11628
last_name,K***,7ff799808684b4a2a56d534a102c2af527f2d5865f05a4e1092defdfbf6bd4d4,148,"{""app_users"": 93, ""store_customers"": 55}",2,worthless,Observed on 148 physical records; strict Rule 2 threshold is greater than 40.,trim only,148,10878
first_name," ""q…a""",f5d424a2d47f8862d5c7bcaf24a7f2eeb36f7f3f40c99976db715596e1a864b2,138,"{""app_users"": 138}",1,worthless,Observed on 138 physical records; strict Rule 2 threshold is greater than 40.,trim only,138,9453
last_name," ""q…a""",6b73a48d3eebf7123cb3e6cba145f2c5b5bd2b5b03070398116128078e297199,132,"{""app_users"": 132}",1,worthless,Observed on 132 physical records; strict Rule 2 threshold is greater than 40.,trim only,132,8646
address_line2,Sui…52,998877d009d6941b76d95e6e58fbea0ebc257a7949682c30278c837d558a47f9,97,"{""store_customers"": 97}",1,worthless,Observed on 97 physical records; strict Rule 2 threshold is greater than 40.,trim only,97,4656
email," ""q…a""",1059a3f1f8975a9cbe1b11343e7fa43c3bf7574a3a5614d892e89d36f74402d7,97,"{""store_customers"": 97}",1,worthless,Observed on 97 physical records; strict Rule 2 threshold is greater than 40.,trim + case-fold,97,4656
first_name,"
 m…te",7ae8455a8eceb82b9977764475c20fc5e1427c0c8998c2cffeeeceb89566b601,97,"{""app_users"": 97}",1,worthless,Observed on 97 physical records; strict Rule 2 threshold is greater than 40.,trim only,97,4656
last_name,"
 m…te",801f3b5041f10f7ef3ba5319e0a5ae7631ed796f66a5b9b6dd4a0821704d239f,97,"{""app_users"": 97}",1,worthless,Observed on 97 physical records; strict Rule 2 threshold is greater than 40.,trim only,97,4656
address_line2,Sui…15,566a888ca315e5b57d2efc64ce65ef9f1a7bed3817aa04c6113baf1f2a9083cf,96,"{""store_customers"": 96}",1,worthless,Observed on 96 physical records; strict Rule 2 threshold is greater than 40.,trim only,96,4560
address_line2,Sui…63,2af0b52d4f0cb04958a860af5ce692dfbdc85ce1a1893964d6143d991951944e,95,"{""store_customers"": 95}",1,worthless,Observed on 95 physical records; strict Rule 2 threshold is greater than 40.,trim only,95,4465
address_line2,Sui…13,ce4df44a77f2d08fc51e0d88449e96a5fb1a805bd9f85c5e565a86b6f313ebc1,92,"{""store_customers"": 92}",1,worthless,Observed on 92 physical records; strict Rule 2 threshold is greater than 40.,trim only,92,4186
address_line2,Sui…78,5f1eaca4d2dfefdca672ff8926a72dc16f4e9b9aa30ef84326e2e9cc1819fe07,91,"{""store_customers"": 91}",1,worthless,Observed on 91 physical records; strict Rule 2 threshold is greater than 40.,trim only,91,4095
address_line2,Sui…51,2c96ebd16239843fc53b3d340a555bd5585bd5fdece6837c28cf08f5afc84e24,90,"{""store_customers"": 90}",1,worthless,Observed on 90 physical records; strict Rule 2 threshold is greater than 40.,trim only,90,4005
address_line2,Sui…27,37729b32c1318a74dc5b8fff2ffbe68e87080eeff8bb1f73c8f1dafd312384a3,90,"{""store_customers"": 90}",1,worthless,Observed on 90 physical records; strict Rule 2 threshold is greater than 40.,trim only,90,4005
address_line2,Sui…12,3cebc6c175bba11548e00fdf024582dc6dcb55d9479bbad90f1473680a71f632,88,"{""store_customers"": 88}",1,worthless,Observed on 88 physical records; strict Rule 2 threshold is greater than 40.,trim only,88,3828
address_line2,Sui…94,6144baccda0e7ae352de967ae77ee09aad6efa188b232a86b715f52d1e9b9be9,88,"{""store_customers"": 88}",1,worthless,Observed on 88 physical records; strict Rule 2 threshold is greater than 40.,trim only,88,3828
address_line2,Sui…18,749893462ee98173bd702b1d3af5188d5cdaf0a9fb01b7c720cac60b4953cd13,88,"{""store_customers"": 88}",1,worthless,Observed on 88 physical records; strict Rule 2 threshold is greater than 40.,trim only,88,3828
address_line2,Sui…31,57ab31e1139a00500c102cb6adba0e18ac8d0935bdedd3e0ebe88272baed81cf,86,"{""store_customers"": 86}",1,worthless,Observed on 86 physical records; strict Rule 2 threshold is greater than 40.,trim only,86,3655
address_line2,Sui…43,8bf3430220ab712fb3a99ea56339d96b00055ebb3fdb12a3459a670139e6ceae,86,"{""store_customers"": 86}",1,worthless,Observed on 86 physical records; strict Rule 2 threshold is greater than 40.,trim only,86,3655
address_line2,Sui…06,929375d01fee28f4b1b206871c537f7e23be6720685b809490eaedccaa3aa270,86,"{""store_customers"": 86}",1,worthless,Observed on 86 physical records; strict Rule 2 threshold is greater than 40.,trim only,86,3655
address_line2,Sui…12,a472360bfa89e2c9dc5b20eaacb40ee3c9d8dfadb33ca7cae4ab9309ed3b04ac,86,"{""store_customers"": 86}",1,worthless,Observed on 86 physical records; strict Rule 2 threshold is greater than 40.,trim only,86,3655
address_line2,Sui…05,a7edc9a89edbb19e8a064c85957802048550d5ae854dec55eac7732a6443c365,86,"{""store_customers"": 86}",1,worthless,Observed on 86 physical records; strict Rule 2 threshold is greater than 40.,trim only,86,3655
address_line2,Sui…41,be3cfb070467fcad37c11961bbb6e3fd1ace42cc5313683caddcb94fc35c6a6f,86,"{""store_customers"": 86}",1,worthless,Observed on 86 physical records; strict Rule 2 threshold is greater than 40.,trim only,86,3655
address_line2,Sui…91,05dd940a80a2ae365cdb55c1e304894a3ebc60c454fb6711c7cc88b654d8c27c,85,"{""store_customers"": 85}",1,worthless,Observed on 85 physical records; strict Rule 2 threshold is greater than 40.,trim only,85,3570
address_line2,Sui…50,3913e335348948f209478c870db429b30aa15e400b82c568779ae1e2856cc703,85,"{""store_customers"": 85}",1,worthless,Observed on 85 physical records; strict Rule 2 threshold is greater than 40.,trim only,85,3570
address_line2,Sui…61,7214209fd112344a6ad48b2a501c4d69404ee63fd0b3998f6489c93da3c6b1bf,84,"{""store_customers"": 84}",1,worthless,Observed on 84 physical records; strict Rule 2 threshold is greater than 40.,trim only,84,3486
address_line2,Sui…56,b7f28fd86bcf53854b85a572126cc111908f2ee0f58f1c294c7f14dcfaee3655,84,"{""store_customers"": 84}",1,worthless,Observed on 84 physical records; strict Rule 2 threshold is greater than 40.,trim only,84,3486
address_line2,Sui…48,c26f5ec90436e23b14bf1cc490c9e7713c75982b1296f941a1168f36715c3b82,84,"{""store_customers"": 84}",1,worthless,Observed on 84 physical records; strict Rule 2 threshold is greater than 40.,trim only,84,3486
address_line2,Sui…62,83f421b79f6bec78eedd2639b8291ab80997e91caacefe968ca2196be418ef8d,83,"{""store_customers"": 83}",1,worthless,Observed on 83 physical records; strict Rule 2 threshold is greater than 40.,trim only,83,3403
address_line2,Sui…23,cfaedffbc7ea4fcf457501dc7f5d4cf4cc52241fa6115a91895b91ff4d77b310,83,"{""store_customers"": 83}",1,worthless,Observed on 83 physical records; strict Rule 2 threshold is greater than 40.,trim only,83,3403
address_line2,Sui…16,ed0e879184b61ed1eec9ff731c4264865fe72a92e86dbe6187687051d427ae8e,83,"{""store_customers"": 83}",1,worthless,Observed on 83 physical records; strict Rule 2 threshold is greater than 40.,trim only,83,3403
address_line2,Sui…26,81715ae9fca19869f54434378cde82e687e3ebdda1914b54eb44264a399dd37b,82,"{""store_customers"": 82}",1,worthless,Observed on 82 physical records; strict Rule 2 threshold is greater than 40.,trim only,82,3321
address_line2,Sui…46,d7db1e0c68128131291bf0f7ad17852a26b375b3e8e5d9eae4dbee758c666db5,82,"{""store_customers"": 82}",1,worthless,Observed on 82 physical records; strict Rule 2 threshold is greater than 40.,trim only,82,3321
address_line2,Sui…72,ef1de68a9c23aea3e7161e167afc378a50cb4faed1e5bccf9dc622b0e225add4,82,"{""store_customers"": 82}",1,worthless,Observed on 82 physical records; strict Rule 2 threshold is greater than 40.,trim only,82,3321
address_line2,Sui…95,0614a9722751460529e433e42adf436efa58595d2627f8f4587d5d3bbf8c1ab5,81,"{""store_customers"": 81}",1,worthless,Observed on 81 physical records; strict Rule 2 threshold is greater than 40.,trim only,81,3240
address_line2,Sui…82,3663c43ec5f401bbcb5e8fb98ade0253f80a80e7a1d5db4e74aa53108548a178,81,"{""store_customers"": 81}",1,worthless,Observed on 81 physical records; strict Rule 2 threshold is greater than 40.,trim only,81,3240
address_line2,Sui…67,78ab3775b88565455ca02c14fdbe1dc677a5b4648301b14f843b278684db3db7,81,"{""store_customers"": 81}",1,worthless,Observed on 81 physical records; strict Rule 2 threshold is greater than 40.,trim only,81,3240
address_line2,Sui…74,de94fae5ccfe58246a8c098a7e1b753b9156bb0b6103fbf6c2cd0f00fe7b7d99,81,"{""store_customers"": 81}",1,worthless,Observed on 81 physical records; strict Rule 2 threshold is greater than 40.,trim only,81,3240
address_line2,Sui…69,deaf4bc5feff2e2fb278adbe1a2c62db1c0dd16390a8a132ea9da966dd835f82,81,"{""store_customers"": 81}",1,worthless,Observed on 81 physical records; strict Rule 2 threshold is greater than 40.,trim only,81,3240
address_line2,Sui…96,ed8f7bbdf2fd929c8447ef6a3eff866783663cb665fa9f175eb6d869869882eb,81,"{""store_customers"": 81}",1,worthless,Observed on 81 physical records; strict Rule 2 threshold is greater than 40.,trim only,81,3240
address_line2,Sui…70,1127f3ae5bc30c37e9193073f5bbaacf40bde881b55f54dcc1adbb098f12f770,80,"{""store_customers"": 80}",1,worthless,Observed on 80 physical records; strict Rule 2 threshold is greater than 40.,trim only,80,3160
address_line2,Sui…84,220c6e952a33408e1ec4aab437dbcc6385ebd963503fe719a677114db27df916,80,"{""store_customers"": 80}",1,worthless,Observed on 80 physical records; strict Rule 2 threshold is greater than 40.,trim only,80,3160
address_line2,Sui…58,725e5eba3c12e57be62b114b67829a23489b12fb8b9a55dc7f2db1da0e26fa65,80,"{""store_customers"": 80}",1,worthless,Observed on 80 physical records; strict Rule 2 threshold is greater than 40.,trim only,80,3160
address_line2,Sui…76,bad9142fdc0dd8c146fed64d2b588c42a7a1ece4f31f4108e63a6c808d0f60f8,80,"{""store_customers"": 80}",1,worthless,Observed on 80 physical records; strict Rule 2 threshold is greater than 40.,trim only,80,3160
address_line2,Sui…83,da1b36bfdbd25b276b94e1540cd362cbb0b3fd33c175408d228c7887cb2c208f,80,"{""store_customers"": 80}",1,worthless,Observed on 80 physical records; strict Rule 2 threshold is greater than 40.,trim only,80,3160
address_line2,Sui…77,176650effa6b7d32c499f235c6023b9b1a54116a04e4bb31637b6030b5b00112,79,"{""store_customers"": 79}",1,worthless,Observed on 79 physical records; strict Rule 2 threshold is greater than 40.,trim only,79,3081
address_line2,Sui…07,1c080b77206faa0bdba48b63793993f70e798f39310b90691fd4d262a89cefe1,79,"{""store_customers"": 79}",1,worthless,Observed on 79 physical records; strict Rule 2 threshold is greater than 40.,trim only,79,3081
address_line2,Sui…87,226fceb5b62e7ff303891aa4a9bf68f4e1df3fe29f803cc4a3dce01198693c9f,79,"{""store_customers"": 79}",1,worthless,Observed on 79 physical records; strict Rule 2 threshold is greater than 40.,trim only,79,3081
address_line2,Sui…88,30a389eac9737f0b67585ec487eed4f5d0712c83a204c69cef3061d68cf95ebe,79,"{""store_customers"": 79}",1,worthless,Observed on 79 physical records; strict Rule 2 threshold is greater than 40.,trim only,79,3081
address_line2,Sui…49,391789ae8a5fad608dceba42e318bc4d7c6b326dc3c2d6ad92016018a1e60a18,79,"{""store_customers"": 79}",1,worthless,Observed on 79 physical records; strict Rule 2 threshold is greater than 40.,trim only,79,3081
address_line2,Sui…34,5b94b9c5abb8800daaee1df9219770beb8873ded675a34c67829e92cca24f407,79,"{""store_customers"": 79}",1,worthless,Observed on 79 physical records; strict Rule 2 threshold is greater than 40.,trim only,79,3081
address_line2,Sui…33,7c0ffb2082416430e33ad0c90c7032be7f9b36228fd557f249bc0e977f4c8fbc,79,"{""store_customers"": 79}",1,worthless,Observed on 79 physical records; strict Rule 2 threshold is greater than 40.,trim only,79,3081
address_line2,Sui…25,85520b44ef63c8fe02af94f7fe7aaaf9c89607495e77ec04d95fb4a424ff3f60,79,"{""store_customers"": 79}",1,worthless,Observed on 79 physical records; strict Rule 2 threshold is greater than 40.,trim only,79,3081
address_line2,Sui…81,9d065e9b3489c3b29c3de30e12d1c2c660180c02f572612cf5cf2e2d974c5ff6,79,"{""store_customers"": 79}",1,worthless,Observed on 79 physical records; strict Rule 2 threshold is greater than 40.,trim only,79,3081
address_line2,Sui…47,9e07111e6df79be6908c6f8e80685329a10f1ed954d4397f3f1140488bc7a7b5,79,"{""store_customers"": 79}",1,worthless,Observed on 79 physical records; strict Rule 2 threshold is greater than 40.,trim only,79,3081
address_line2,Sui…20,a5dd019c43c808ac715903f67956a15c0f46672671f960838b59ecf3babdf317,79,"{""store_customers"": 79}",1,worthless,Observed on 79 physical records; strict Rule 2 threshold is greater than 40.,trim only,79,3081
address_line2,Sui…52,317e1e92a5afb6805fc6a32e2a20b9028ae13549f7967228a6a4579a4fa2e1d4,78,"{""store_customers"": 78}",1,worthless,Observed on 78 physical records; strict Rule 2 threshold is greater than 40.,trim only,78,3003
address_line2,Sui… 8,61dfddeeee32a7d347c8dc0ad5024fc99e8e97809f76bdb46d5d8872c06ae2b6,78,"{""store_customers"": 78}",1,worthless,Observed on 78 physical records; strict Rule 2 threshold is greater than 40.,trim only,78,3003
address_line2,Sui…89,83ae0eb729608879f87e031718df81c04b07bd6206053d510fa9abe5c6c51d9e,78,"{""store_customers"": 78}",1,worthless,Observed on 78 physical records; strict Rule 2 threshold is greater than 40.,trim only,78,3003
address_line2,Sui…57,91538cf008035f8ea8f52f3b829c35c55f1f49891129e0180f600536dbc9cf48,78,"{""store_customers"": 78}",1,worthless,Observed on 78 physical records; strict Rule 2 threshold is greater than 40.,trim only,78,3003
address_line2,Sui…99,4ceb230e8a3ad11b810a57f72b49a8b1e75681e1893bc3a1f422236ba65bb6e6,77,"{""store_customers"": 77}",1,worthless,Observed on 77 physical records; strict Rule 2 threshold is greater than 40.,trim only,77,2926
address_line2,Sui…55,e40f66f7eae00fc367adf80ddb486662c03f500cf8ef9696dce14e90ae6e5314,77,"{""store_customers"": 77}",1,worthless,Observed on 77 physical records; strict Rule 2 threshold is greater than 40.,trim only,77,2926
address_line2,Sui…59,1ca224cb4f2d61b9bd323634f99c7f30e85cea1ce9d7d70508b3d68139c46ca3,76,"{""store_customers"": 76}",1,worthless,Observed on 76 physical records; strict Rule 2 threshold is greater than 40.,trim only,76,2850
address_line2,Sui…82,27cb591854a3115e1e27674a2d612e766f4507c4c787fe577bf606e2e3bdab5f,76,"{""store_customers"": 76}",1,worthless,Observed on 76 physical records; strict Rule 2 threshold is greater than 40.,trim only,76,2850
address_line2,Sui…01,33545ff1223da9b0e33aa25d454cb2696e37f711ae349cc2b95a91ee93b55ce6,76,"{""store_customers"": 76}",1,worthless,Observed on 76 physical records; strict Rule 2 threshold is greater than 40.,trim only,76,2850
address_line2,Sui…61,448ea6839a6e5f824dcb65cb16703465039cc2279b55b77d6414f88239105b8f,76,"{""store_customers"": 76}",1,worthless,Observed on 76 physical records; strict Rule 2 threshold is greater than 40.,trim only,76,2850
address_line2,Sui…71,b1ba62701b500169ff58a3d8cf2c7d487aabac853430dd693c649b16c1fe0d53,76,"{""store_customers"": 76}",1,worthless,Observed on 76 physical records; strict Rule 2 threshold is greater than 40.,trim only,76,2850
address_line2,Sui…38,bfbde2dcae1c8d88b45edce93e75fd006618aaddf2a15d6d31f8b833b2c5196b,76,"{""store_customers"": 76}",1,worthless,Observed on 76 physical records; strict Rule 2 threshold is greater than 40.,trim only,76,2850
address_line2,Sui…68,c947567ac2400df6201ee6314311cde347543088aa2296f22c8fb2bb29886319,76,"{""store_customers"": 76}",1,worthless,Observed on 76 physical records; strict Rule 2 threshold is greater than 40.,trim only,76,2850
address_line2,Sui…49,d8319a43c25e8d03117e08e7c75c7ea3181dcf7b14cf9990fed4394cfb39eb4b,76,"{""store_customers"": 76}",1,worthless,Observed on 76 physical records; strict Rule 2 threshold is greater than 40.,trim only,76,2850
address_line2,Sui…20,11c9e84656c4cf727911bdb21082aed1dffd3a859e1515d4a88b039a5b294816,75,"{""store_customers"": 75}",1,worthless,Observed on 75 physical records; strict Rule 2 threshold is greater than 40.,trim only,75,2775
address_line2,Sui…44,1c4b585c1d0caca596618d0118faa557d714092a324f78818c9a9a94f9c0fa01,75,"{""store_customers"": 75}",1,worthless,Observed on 75 physical records; strict Rule 2 threshold is greater than 40.,trim only,75,2775
address_line2,Sui…40,28e509f6376d0fe8874009e2ed7d3d6251ad29b6f8f9f852afc01870617cf8c0,75,"{""store_customers"": 75}",1,worthless,Observed on 75 physical records; strict Rule 2 threshold is greater than 40.,trim only,75,2775
address_line2,Sui…43,3d48b6a7cdde7109649483a536e676f216f8d435bf50d2ea4fe85f9f4b8bb4b3,75,"{""store_customers"": 75}",1,worthless,Observed on 75 physical records; strict Rule 2 threshold is greater than 40.,trim only,75,2775
address_line2,Sui…38,69329f424acb035cb9b2ecee7779f867b6059d3d8a804f7b7117efa2f949b87d,75,"{""store_customers"": 75}",1,worthless,Observed on 75 physical records; strict Rule 2 threshold is greater than 40.,trim only,75,2775
address_line2,Sui…71,c1933845722c2a93788efdba1dc61180756b41cea910b5f17b53822906dfb021,75,"{""store_customers"": 75}",1,worthless,Observed on 75 physical records; strict Rule 2 threshold is greater than 40.,trim only,75,2775
address_line2,Sui…53,c2a2b37c5f0143926c53ad4449f116d51fe216bfa3423c68e2f1f75ea151d3cd,75,"{""store_customers"": 75}",1,worthless,Observed on 75 physical records; strict Rule 2 threshold is greater than 40.,trim only,75,2775
address_line2,Sui…18,d7e5147a4090c945bfc9e5d665136975f7f30e1c86b0207f64145a9fd6930fda,75,"{""store_customers"": 75}",1,worthless,Observed on 75 physical records; strict Rule 2 threshold is greater than 40.,trim only,75,2775
address_line2,Sui…74,da4dbf84a8b66dd610251af422bcd2b11d6bfe378ca3df06784de6d846a9cb73,75,"{""store_customers"": 75}",1,worthless,Observed on 75 physical records; strict Rule 2 threshold is greater than 40.,trim only,75,2775
address_line2,Sui…45,ddf5acc75f1750d3ec2c8cb21cb1d24c8fc7ef0a6777416fa3dd99622e774a89,75,"{""store_customers"": 75}",1,worthless,Observed on 75 physical records; strict Rule 2 threshold is greater than 40.,trim only,75,2775
address_line2,Sui…39,eaac965a5a4bc97f535cbea579401181a39269e9b60d8e9718b3a8b6debd0fef,75,"{""store_customers"": 75}",1,worthless,Observed on 75 physical records; strict Rule 2 threshold is greater than 40.,trim only,75,2775
address_line2,Sui…15,164e10f902fe676c2a86d535eac82148d821c38704b72e2af12a3fa710ed3799,74,"{""store_customers"": 74}",1,worthless,Observed on 74 physical records; strict Rule 2 threshold is greater than 40.,trim only,74,2701
address_line2,Sui…81,1aab60f244cb24f425f83df5b2acaddeb752e75faeee07d2f15fe7fecc4078b7,74,"{""store_customers"": 74}",1,worthless,Observed on 74 physical records; strict Rule 2 threshold is greater than 40.,trim only,74,2701
address_line2,Sui…27,1f72b498ac304869ba432cbdd782d4a47d605b1aad6b79fc46b875db0499a3f0,74,"{""store_customers"": 74}",1,worthless,Observed on 74 physical records; strict Rule 2 threshold is greater than 40.,trim only,74,2701
address_line2,Sui…25,36c9feee7935644f0d2d27e80af2c71cf2a04b5973cbd403716c7028ccb90d47,74,"{""store_customers"": 74}",1,worthless,Observed on 74 physical records; strict Rule 2 threshold is greater than 40.,trim only,74,2701
address_line2,Sui…54,50d0ad345f736a93df853d56f1f424735fb8acb149004ba5989d2ceae8913a89,74,"{""store_customers"": 74}",1,worthless,Observed on 74 physical records; strict Rule 2 threshold is greater than 40.,trim only,74,2701
address_line2,Sui… 6,7514ae4a2e10248140f0e9c1bb443f31d9e0ea1d6e5c51944fe3043d32dc4e1b,74,"{""store_customers"": 74}",1,worthless,Observed on 74 physical records; strict Rule 2 threshold is greater than 40.,trim only,74,2701
address_line2,Sui…17,83636e4db72d278fe81220a1ded229d422c15ea53deee83190bc4a6133dbd5a2,74,"{""store_customers"": 74}",1,worthless,Observed on 74 physical records; strict Rule 2 threshold is greater than 40.,trim only,74,2701
address_line2,Sui…95,933e4172969c9a05e7f17c35d6e013dcc0a320f248e002e4372a5863869a32f0,74,"{""store_customers"": 74}",1,worthless,Observed on 74 physical records; strict Rule 2 threshold is greater than 40.,trim only,74,2701
address_line2,Sui…37,9e274afb9081a9b454f45184770338d085f63edd598d7a82310aec037189e42d,74,"{""store_customers"": 74}",1,worthless,Observed on 74 physical records; strict Rule 2 threshold is greater than 40.,trim only,74,2701
address_line2,Sui…10,b1a09948ea2dd44a73481baaef641b6897029adc141b0ac2badede2e7add8b38,74,"{""store_customers"": 74}",1,worthless,Observed on 74 physical records; strict Rule 2 threshold is greater than 40.,trim only,74,2701
address_line2,Sui…76,d4165764957c5100671a57f88f34119b13eeabb9b47ed590053e8bde6699994f,74,"{""store_customers"": 74}",1,worthless,Observed on 74 physical records; strict Rule 2 threshold is greater than 40.,trim only,74,2701
address_line2,Sui…59,3d37e55e5887308e27e3fea315356aa550b48618abc5d12f2775aede6d8f4f57,73,"{""store_customers"": 73}",1,worthless,Observed on 73 physical records; strict Rule 2 threshold is greater than 40.,trim only,73,2628
address_line2,Sui…42,4123022856224804b8b73f879aa8e84636c68b16f9c7fd77988bfe43799040ff,73,"{""store_customers"": 73}",1,worthless,Observed on 73 physical records; strict Rule 2 threshold is greater than 40.,trim only,73,2628
address_line2,Sui…86,50f4358bcd7873bc3efd842ee314e699171d1ec9ddaff346f3a534dc4a2e1e70,73,"{""store_customers"": 73}",1,worthless,Observed on 73 physical records; strict Rule 2 threshold is greater than 40.,trim only,73,2628
address_line2,Sui…64,81a96be9c02b59df7ce84c74f397fef8ffd3790430af6a6d516797de6203dc22,73,"{""store_customers"": 73}",1,worthless,Observed on 73 physical records; strict Rule 2 threshold is greater than 40.,trim only,73,2628
address_line2,Sui…28,d8409d73dae01615d53aeed9b5177199ad93a4e01038eed1b5cb10a30ac06e07,73,"{""store_customers"": 73}",1,worthless,Observed on 73 physical records; strict Rule 2 threshold is greater than 40.,trim only,73,2628
address_line2,Sui…19,6404b2b24f6e08e52ccf5ecd1f0e940f4ca9b9e67de5dddb39d7a21b16738cd3,72,"{""store_customers"": 72}",1,worthless,Observed on 72 physical records; strict Rule 2 threshold is greater than 40.,trim only,72,2556
address_line2,Sui…93,6ff0e99996cf33ac0c58596881143bffe1c442101fcb55d352e1d6957cac903a,72,"{""store_customers"": 72}",1,worthless,Observed on 72 physical records; strict Rule 2 threshold is greater than 40.,trim only,72,2556
address_line2,Sui…22,7632246c6fda4ef117be54edffa774b17340654c7d674f60690f8264cd5b3260,72,"{""store_customers"": 72}",1,worthless,Observed on 72 physical records; strict Rule 2 threshold is greater than 40.,trim only,72,2556
address_line2,Sui…67,7847c1cd33a3a736ec1b23228a9c6d2725b458f9d08c00240a5cd77514804d52,72,"{""store_customers"": 72}",1,worthless,Observed on 72 physical records; strict Rule 2 threshold is greater than 40.,trim only,72,2556
address_line2,Sui…14,9ab466944be4ee2655fad08642920c561947b0face968aef4f3b0db1fd35fb4f,72,"{""store_customers"": 72}",1,worthless,Observed on 72 physical records; strict Rule 2 threshold is greater than 40.,trim only,72,2556
address_line2,Sui…24,a28ea36c9d21f801c2e20207dd15410bc4085a5cfb56df4a6fd75e52b5982b1b,72,"{""store_customers"": 72}",1,worthless,Observed on 72 physical records; strict Rule 2 threshold is greater than 40.,trim only,72,2556
address_line2,Sui…47,eaaf6f41fbdbe80e7a9b1e35f8f29eb1f63ce75842288c67d77f44de10f7146c,72,"{""store_customers"": 72}",1,worthless,Observed on 72 physical records; strict Rule 2 threshold is greater than 40.,trim only,72,2556
last_name, he…ार,eb642aa7f0414a7b20871e88f6d2842d97da08c6aca0e6c964609208d7aff644,72,"{""app_users"": 72}",1,worthless,Observed on 72 physical records; strict Rule 2 threshold is greater than 40.,trim only,72,2556
address_line2,Sui…80,132d71603fcd88af6e84dfbf22bbc55affd34e1db4d8de424105564916127787,71,"{""store_customers"": 71}",1,worthless,Observed on 71 physical records; strict Rule 2 threshold is greater than 40.,trim only,71,2485
address_line2,Sui…04,13d215024c19e7e4b83d79c11f8c5057e406548af9ac5fccd86f96f542595179,71,"{""store_customers"": 71}",1,worthless,Observed on 71 physical records; strict Rule 2 threshold is greater than 40.,trim only,71,2485
address_line2,Sui…17,2e20be7ceb63272baf1da066f4370b0f25a795b880a4b92960f4f1ee0bc7eb64,71,"{""store_customers"": 71}",1,worthless,Observed on 71 physical records; strict Rule 2 threshold is greater than 40.,trim only,71,2485
address_line2,Sui…53,37b85e42027ad6b6236a8fae120ee85c35fe859be9e43c603ec3a9da01dcc367,71,"{""store_customers"": 71}",1,worthless,Observed on 71 physical records; strict Rule 2 threshold is greater than 40.,trim only,71,2485
address_line2,Sui…90,4bd5ef50070e31e6b7f201649f47712c92218a596ac428e8e6c8606ea08d0f06,71,"{""store_customers"": 71}",1,worthless,Observed on 71 physical records; strict Rule 2 threshold is greater than 40.,trim only,71,2485
address_line2,Sui…11,617a78e2035863590c42dcc3f13ab3a99ecb9347ef69271e9c03788a4c7d077a,71,"{""store_customers"": 71}",1,worthless,Observed on 71 physical records; strict Rule 2 threshold is greater than 40.,trim only,71,2485
address_line2,Sui…63,624755f92eb98ce3aff9fc212dbc654fb6085246ece624fb6a22ee03edb9af40,71,"{""store_customers"": 71}",1,worthless,Observed on 71 physical records; strict Rule 2 threshold is greater than 40.,trim only,71,2485
address_line2,Sui…89,9f7b78223d096f188ac7ed79bd2a64c1ffce5fbcdc3f63618c383d0d07a7777f,71,"{""store_customers"": 71}",1,worthless,Observed on 71 physical records; strict Rule 2 threshold is greater than 40.,trim only,71,2485
address_line2,Sui…39,a4bc6dbb440678e838c7cab7a70b7940f0991d66bec4ecc43b8ad48f842479d1,71,"{""store_customers"": 71}",1,worthless,Observed on 71 physical records; strict Rule 2 threshold is greater than 40.,trim only,71,2485
address_line2,Sui…23,df94825ecc65fb5e03f1c230350d77474f679e83cb4d90492e5358a4bc897c61,71,"{""store_customers"": 71}",1,worthless,Observed on 71 physical records; strict Rule 2 threshold is greater than 40.,trim only,71,2485
address_line2,Sui…72,226c9cb7c6b05f02dce692a74b72c4af98fd27a3a5bc67f130cb83f3be3bd4c1,70,"{""store_customers"": 70}",1,worthless,Observed on 70 physical records; strict Rule 2 threshold is greater than 40.,trim only,70,2415
address_line2,Sui… 2,25b61f13c744696ba557e2b8c16a1fdb4c7a713b006538bbd30ef305d7b7b672,70,"{""store_customers"": 70}",1,worthless,Observed on 70 physical records; strict Rule 2 threshold is greater than 40.,trim only,70,2415
address_line2,Sui…88,353855f9fa14af49c58e996be4a6d70315597d6c5531d8dacce93c2df291d34a,70,"{""store_customers"": 70}",1,worthless,Observed on 70 physical records; strict Rule 2 threshold is greater than 40.,trim only,70,2415
address_line2,Sui…55,3dffb7fdc4e56471c2174f5b7e6a72fd8fb80fe03ed5704e2d5b2bf80472ae27,70,"{""store_customers"": 70}",1,worthless,Observed on 70 physical records; strict Rule 2 threshold is greater than 40.,trim only,70,2415
address_line2,Sui…45,47f7a4453373f3a0f9677b2b664558269f41f51b2e69a84080b78168aaeb091b,70,"{""store_customers"": 70}",1,worthless,Observed on 70 physical records; strict Rule 2 threshold is greater than 40.,trim only,70,2415
address_line2,Sui…41,631096fccae4f5a0255b51eef785c14f78000c804127373e367e0ff7102cb1fb,70,"{""store_customers"": 70}",1,worthless,Observed on 70 physical records; strict Rule 2 threshold is greater than 40.,trim only,70,2415
address_line2,Sui…98,79ff114bc74cd1da572da5ec0867cfa2a54dfe50663a991df6208bf6f3e25cc6,70,"{""store_customers"": 70}",1,worthless,Observed on 70 physical records; strict Rule 2 threshold is greater than 40.,trim only,70,2415
address_line2,Sui…66,86f815bf2df61d1a9ba5c3e0feae39273a6679704119440ad26f965ead4f37fa,70,"{""store_customers"": 70}",1,worthless,Observed on 70 physical records; strict Rule 2 threshold is greater than 40.,trim only,70,2415
address_line2,Sui…31,abcfc4aa3b410872b3cad63234b3c202614d6fedce1fcd08675133e578ef90c8,70,"{""store_customers"": 70}",1,worthless,Observed on 70 physical records; strict Rule 2 threshold is greater than 40.,trim only,70,2415
address_line2,Sui…83,adf1a85d8fb4c9ae3fe84bba7e8b02906d87709729a3b1f4011ac90b6c17282c,70,"{""store_customers"": 70}",1,worthless,Observed on 70 physical records; strict Rule 2 threshold is greater than 40.,trim only,70,2415
address_line2,Sui…87,c23751ee8356044d47e6a0dea2e1eefc861c0a35293590e23e1536c3ceed6627,70,"{""store_customers"": 70}",1,worthless,Observed on 70 physical records; strict Rule 2 threshold is greater than 40.,trim only,70,2415
address_line2,Sui…13,c8003d56133d060aeaf125f5cb8614e6ab593a76e55b417402b1382f7a64c12b,70,"{""store_customers"": 70}",1,worthless,Observed on 70 physical records; strict Rule 2 threshold is greater than 40.,trim only,70,2415
address_line2,Sui…09,ca497183528384c130eec767961e0eb543d28474e0aa07eed835ece566f65a5d,70,"{""store_customers"": 70}",1,worthless,Observed on 70 physical records; strict Rule 2 threshold is greater than 40.,trim only,70,2415
address_line2,Sui…79,d9763831796b9eb3df4cdcc5c61735a68b098533c0c3aa2de84ad286a99115d3,70,"{""store_customers"": 70}",1,worthless,Observed on 70 physical records; strict Rule 2 threshold is greater than 40.,trim only,70,2415
address_line2,Sui…02,0e9ac0f3b866bcfc9542d427dfe4d96da88b7297f1a17442081bc48d0433727a,69,"{""store_customers"": 69}",1,worthless,Observed on 69 physical records; strict Rule 2 threshold is greater than 40.,trim only,69,2346
address_line2,Sui…26,130192448824f84dd267944749521d9a2e24e875a7b2eb05549c9dedf8891ab7,69,"{""store_customers"": 69}",1,worthless,Observed on 69 physical records; strict Rule 2 threshold is greater than 40.,trim only,69,2346
address_line2,Sui… 5,6da21cdb47db34eba024e3dccdaf97f9f422b0d0cfc6182cba17efe9271cf375,69,"{""store_customers"": 69}",1,worthless,Observed on 69 physical records; strict Rule 2 threshold is greater than 40.,trim only,69,2346
address_line2,Sui…60,76da94b4b12c25cd28d23ab43016ce8ab4fcf400b44ee9664f9673f16bb63da6,69,"{""store_customers"": 69}",1,worthless,Observed on 69 physical records; strict Rule 2 threshold is greater than 40.,trim only,69,2346
address_line2,Sui…58,80e1bf6312d8d99e1f5a75b4caf8d71c29e76f7445b037748b076322b447a82c,69,"{""store_customers"": 69}",1,worthless,Observed on 69 physical records; strict Rule 2 threshold is greater than 40.,trim only,69,2346
address_line2,Sui…66,81722c8cba4b5051514f29cb869076eb7318dccac4f6a61536fed0e0b719958b,69,"{""store_customers"": 69}",1,worthless,Observed on 69 physical records; strict Rule 2 threshold is greater than 40.,trim only,69,2346
address_line2,Sui…64,b86056159ba9a6633b3859f2be6508f7ba4e567c60c40ec8bb062c8487f73e4e,69,"{""store_customers"": 69}",1,worthless,Observed on 69 physical records; strict Rule 2 threshold is greater than 40.,trim only,69,2346
address_line2,Sui…36,d2d2873c90603de4a48833c68f3b07903017df2f5ab0612c2f3ed29b2fd0ffcd,69,"{""store_customers"": 69}",1,worthless,Observed on 69 physical records; strict Rule 2 threshold is greater than 40.,trim only,69,2346
address_line2,Sui…16,e751da25405d5083612d9b9a80191d42fee94a9c84b429f11dcc75e2a2ef1d86,69,"{""store_customers"": 69}",1,worthless,Observed on 69 physical records; strict Rule 2 threshold is greater than 40.,trim only,69,2346
address_line2,Sui…97,f7fadb30ffbd4a5954bb73893b8429b52ea600f1be879d7d9e688b1d22d61a8e,69,"{""store_customers"": 69}",1,worthless,Observed on 69 physical records; strict Rule 2 threshold is greater than 40.,trim only,69,2346
address_line2,Sui…14,f9b0ff672669a81b0c78b0660b21822514d5c0cf9513224d2697af5254c72c6f,69,"{""store_customers"": 69}",1,worthless,Observed on 69 physical records; strict Rule 2 threshold is greater than 40.,trim only,69,2346
address_line2,Sui…85,fe69f5a9af913e2f5fd3ea4fae5ce8d198a5ed5c7569bbca3352a8e7f44e0368,69,"{""store_customers"": 69}",1,worthless,Observed on 69 physical records; strict Rule 2 threshold is greater than 40.,trim only,69,2346
address_line2,Sui…68,01cfbc4aadc195350c55a7577774ec176af945054f802421bf420147b91824ef,68,"{""store_customers"": 68}",1,worthless,Observed on 68 physical records; strict Rule 2 threshold is greater than 40.,trim only,68,2278
address_line2,Sui…44,0d85eac2ad98ebb23f8be002e0fcabaf65a0c11415de785a54f7e95703a11c89,68,"{""store_customers"": 68}",1,worthless,Observed on 68 physical records; strict Rule 2 threshold is greater than 40.,trim only,68,2278
address_line2,Sui…80,27f0e01668345290af46ed7a3174f41c72d39caebd978ea39b80ebb9781bf3ff,68,"{""store_customers"": 68}",1,worthless,Observed on 68 physical records; strict Rule 2 threshold is greater than 40.,trim only,68,2278
address_line2,Sui…96,45fc96ca099d29eaee548cf1124d3973142320c6a4dca8e86cd06b83a801efc6,68,"{""store_customers"": 68}",1,worthless,Observed on 68 physical records; strict Rule 2 threshold is greater than 40.,trim only,68,2278
address_line2,Sui…11,4d89c581a731878093ec991fa8624ddde338fc839fd388f9eb4dd0ebedaf71ac,68,"{""store_customers"": 68}",1,worthless,Observed on 68 physical records; strict Rule 2 threshold is greater than 40.,trim only,68,2278
address_line2,Sui…94,8c58f6ab7f66d315966065251bb8fce70237985b03d77b72cb25c9227589fed5,68,"{""store_customers"": 68}",1,worthless,Observed on 68 physical records; strict Rule 2 threshold is greater than 40.,trim only,68,2278
address_line2,Sui…46,a62faafacc43ed5311456e20a5745aa005981fa87a05dd139b2f6d8cc6a5a4ad,68,"{""store_customers"": 68}",1,worthless,Observed on 68 physical records; strict Rule 2 threshold is greater than 40.,trim only,68,2278
address_line2,Sui…91,bcf2fbfba3b18b427e92c8c7b5a809dde3916113fa3f4765cb3791c081acddba,68,"{""store_customers"": 68}",1,worthless,Observed on 68 physical records; strict Rule 2 threshold is greater than 40.,trim only,68,2278
address_line2,Sui… 1,c20f9f431e53307c6021717fe4a8353e6b5e7acd0ac5e7db2bbabf1d0b1b9757,68,"{""store_customers"": 68}",1,worthless,Observed on 68 physical records; strict Rule 2 threshold is greater than 40.,trim only,68,2278
address_line2,Sui…08,c7242d878b9741ef4e600ead0a2b5c9b3dc938c9cd834f14e40340f07bee1775,68,"{""store_customers"": 68}",1,worthless,Observed on 68 physical records; strict Rule 2 threshold is greater than 40.,trim only,68,2278
address_line2,Sui…60,207e2ffb9971e4c13136ff945978e58a7125dcbe8d636e01b8546588ff92c442,67,"{""store_customers"": 67}",1,worthless,Observed on 67 physical records; strict Rule 2 threshold is greater than 40.,trim only,67,2211
address_line2,Sui…28,56b49194e23d7573f2853fe2232155de0e174f9fc9cf5be15d260b8fdf847083,67,"{""store_customers"": 67}",1,worthless,Observed on 67 physical records; strict Rule 2 threshold is greater than 40.,trim only,67,2211
address_line2,Sui… 7,c65507670fb3766eeafa15da030d2ee41614cb880fd35be8d091518fa0390e3c,67,"{""store_customers"": 67}",1,worthless,Observed on 67 physical records; strict Rule 2 threshold is greater than 40.,trim only,67,2211
address_line2,Sui…73,15a319e11aa17f430a982ab6291bee5d58279b5a0b38ff0cf7d1b9aff9fe46bf,66,"{""store_customers"": 66}",1,worthless,Observed on 66 physical records; strict Rule 2 threshold is greater than 40.,trim only,66,2145
address_line2,Sui…57,186aa01678f506d456b776b9faf61744fe71c27dc6faa81fa17bd628417a9cce,66,"{""store_customers"": 66}",1,worthless,Observed on 66 physical records; strict Rule 2 threshold is greater than 40.,trim only,66,2145
address_line2,Sui… 4,26bb3462ac8de38a57c2a03fee0eac0063b43c0e5cb86169cd6f1affe9a50260,66,"{""store_customers"": 66}",1,worthless,Observed on 66 physical records; strict Rule 2 threshold is greater than 40.,trim only,66,2145
address_line2,Sui…30,7f2493f424484c7c6086f3fad67e2c388de17f10f9f3b6b5e7f8a74ef7ce8de2,66,"{""store_customers"": 66}",1,worthless,Observed on 66 physical records; strict Rule 2 threshold is greater than 40.,trim only,66,2145
address_line2,Sui…84,7f7c5ecb19ffcbf710f9cafde6138450e3f07a3834f6c1a3f8a376596a8426fb,66,"{""store_customers"": 66}",1,worthless,Observed on 66 physical records; strict Rule 2 threshold is greater than 40.,trim only,66,2145
address_line2,Sui…32,ae10ee3f2b09aa6dce51e974853fe071e247ebe5eba816f38999b540276acb24,66,"{""store_customers"": 66}",1,worthless,Observed on 66 physical records; strict Rule 2 threshold is greater than 40.,trim only,66,2145
address_line2,Sui…50,d0c274106b9f1969c8043809a846e7d7eebe1bd5a1fab2e198cd6d928e2a4116,66,"{""store_customers"": 66}",1,worthless,Observed on 66 physical records; strict Rule 2 threshold is greater than 40.,trim only,66,2145
email,"
 m…te",1326b6e008762a8b61505ad25c49b4d6b7461686b46273e4f3f3e0988e8f9352,66,"{""store_customers"": 66}",1,worthless,Observed on 66 physical records; strict Rule 2 threshold is greater than 40.,trim + case-fold,66,2145
address_line2,Sui…35,4d1a4d41cdf05b5e1ad4bc3ff40e73b418532192a01ee4b46dc55b868e3884cc,65,"{""store_customers"": 65}",1,worthless,Observed on 65 physical records; strict Rule 2 threshold is greater than 40.,trim only,65,2080
address_line2,Sui…92,549547a2fb67060fd96b46e7f5ed851039dff15c7ad0fe88b44e227496a98c03,65,"{""store_customers"": 65}",1,worthless,Observed on 65 physical records; strict Rule 2 threshold is greater than 40.,trim only,65,2080
address_line2,Sui…70,66a9aaebf08d9465b30c6e7a253e49f550f692295b7064d42f611a92fa3c2c4a,65,"{""store_customers"": 65}",1,worthless,Observed on 65 physical records; strict Rule 2 threshold is greater than 40.,trim only,65,2080
address_line2,Sui…73,8784f048cb1b49757300e509f3bde52d86f4e8c4def6e5a3388d38ece29db922,65,"{""store_customers"": 65}",1,worthless,Observed on 65 physical records; strict Rule 2 threshold is greater than 40.,trim only,65,2080
address_line2,Sui…24,04803b910765afaa0ee498db27d7346e738c5bfc0cfcf941361874611d599a1b,64,"{""store_customers"": 64}",1,worthless,Observed on 64 physical records; strict Rule 2 threshold is greater than 40.,trim only,64,2016
address_line2,Sui…29,0515ec986ccbca19f18619d45a53ff1e4c7970c3b5a79f37a9f88d06b58c9ab2,64,"{""store_customers"": 64}",1,worthless,Observed on 64 physical records; strict Rule 2 threshold is greater than 40.,trim only,64,2016
address_line2,Sui…62,2a9f8dada247db69f398c0676f6229c19e7c14f2469fc8283e2732e3be8470be,64,"{""store_customers"": 64}",1,worthless,Observed on 64 physical records; strict Rule 2 threshold is greater than 40.,trim only,64,2016
address_line2,Sui…35,5852f2d0eae297a5a12fb0ad692e90c1ab562db56b2543d97a169d5dcab595c2,64,"{""store_customers"": 64}",1,worthless,Observed on 64 physical records; strict Rule 2 threshold is greater than 40.,trim only,64,2016
address_line2,Sui…78,5ab5ed046c9a646e83e708628c929dd946ae6733dadaa120e9aa9ea42b2fd230,64,"{""store_customers"": 64}",1,worthless,Observed on 64 physical records; strict Rule 2 threshold is greater than 40.,trim only,64,2016
address_line2,Sui…21,70ec1d5e5bd4f7e2544e6945ab06c3abf27cc63ece1d0852f6774e847e4ef142,64,"{""store_customers"": 64}",1,worthless,Observed on 64 physical records; strict Rule 2 threshold is greater than 40.,trim only,64,2016
address_line2,Sui…10,7cded1b604623fc9108ef1b46c4a7e920eecfd7e70d678c91cd8f3a49dc0c392,64,"{""store_customers"": 64}",1,worthless,Observed on 64 physical records; strict Rule 2 threshold is greater than 40.,trim only,64,2016
address_line2,Sui…51,b80729b410016561aa32e369f53ed37f042a82bcba7fea3fbe94301d32e9ed83,64,"{""store_customers"": 64}",1,worthless,Observed on 64 physical records; strict Rule 2 threshold is greater than 40.,trim only,64,2016
address_line2,Sui… 9,c913c7ff0c6f187e5f3607c4351b97b4f866316a8f26287653534065deeedce1,64,"{""store_customers"": 64}",1,worthless,Observed on 64 physical records; strict Rule 2 threshold is greater than 40.,trim only,64,2016
address_line2,Sui…30,012bb740ab38a407d73534749a719dc9033049c887c69c169f23be5961a0e34d,62,"{""store_customers"": 62}",1,worthless,Observed on 62 physical records; strict Rule 2 threshold is greater than 40.,trim only,62,1891
address_line2,Sui… 3,02024bc25fdd22508607f142e81b4e8345a3e7c52f0e7dede8217691a98a3e48,62,"{""store_customers"": 62}",1,worthless,Observed on 62 physical records; strict Rule 2 threshold is greater than 40.,trim only,62,1891
address_line2,Sui…40,3ed4554f9d146c4d5848eac03d8bd2c0d8475bd242bc5d7c2b334b51154935b0,62,"{""store_customers"": 62}",1,worthless,Observed on 62 physical records; strict Rule 2 threshold is greater than 40.,trim only,62,1891
address_line2,Sui…00,5f128710396da833f2e450b30b44cb47f4bdb04f7da771ce82da7becebc57fcb,62,"{""store_customers"": 62}",1,worthless,Observed on 62 physical records; strict Rule 2 threshold is greater than 40.,trim only,62,1891
address_line2,Sui…86,de8800b76f89c5685825efee8f4600024ff81f2c96839a350a596545dfb69d36,62,"{""store_customers"": 62}",1,worthless,Observed on 62 physical records; strict Rule 2 threshold is greater than 40.,trim only,62,1891
address_line2,Sui…85,055facd922b70e820ef0e02e2865ae97f16105b18ec758362016b50f400ec3ee,61,"{""store_customers"": 61}",1,worthless,Observed on 61 physical records; strict Rule 2 threshold is greater than 40.,trim only,61,1830
address_line2,Sui…56,6d238ee3273fe4c910af030aaae31b95e92b3258c86a35d640653458ff38bb72,61,"{""store_customers"": 61}",1,worthless,Observed on 61 physical records; strict Rule 2 threshold is greater than 40.,trim only,61,1830
address_line2,Sui…99,746f95c72e861f65d14c7dbbf345b8a9f197b14eabde3bc096dec4a0094611c0,61,"{""store_customers"": 61}",1,worthless,Observed on 61 physical records; strict Rule 2 threshold is greater than 40.,trim only,61,1830
address_line2,Sui…75,adb929d72160e5ebdcf84c687d4fb78217d7565f4ce270901ca0e2bef7d1c50d,61,"{""store_customers"": 61}",1,worthless,Observed on 61 physical records; strict Rule 2 threshold is greater than 40.,trim only,61,1830
address_line2,Sui…21,b208b8cc103c308df242933bd35203274b30e1e464e0878e697600e7ab9ec0a3,61,"{""store_customers"": 61}",1,worthless,Observed on 61 physical records; strict Rule 2 threshold is greater than 40.,trim only,61,1830
address_line2,Sui…36,fd4350569315e9d7a6a832f4ad1a156bc88fa2e2158a06ea05f51b802555d975,61,"{""store_customers"": 61}",1,worthless,Observed on 61 physical records; strict Rule 2 threshold is greater than 40.,trim only,61,1830
first_name, he…ार,2090a2a571dcad0d5d1953e50649c3067b68bc6e054ebdac096955e820c861aa,61,"{""app_users"": 61}",1,worthless,Observed on 61 physical records; strict Rule 2 threshold is greater than 40.,trim only,61,1830
address_line2,Sui…00,1b947bac42314bfc6386b1e911f04b18b96f252c9eea7a24101bb17ac8f0453d,60,"{""store_customers"": 60}",1,worthless,Observed on 60 physical records; strict Rule 2 threshold is greater than 40.,trim only,60,1770
address_line2,Sui…03,6652048a3feccdd24718402cf5629a433d30e89ea269bbb215bf82fab310c7a3,60,"{""store_customers"": 60}",1,worthless,Observed on 60 physical records; strict Rule 2 threshold is greater than 40.,trim only,60,1770
address_line2,Sui…69,d8b5034a615d42765bf8e563a70564fc35822b130cc0587989e4c07d0446313c,60,"{""store_customers"": 60}",1,worthless,Observed on 60 physical records; strict Rule 2 threshold is greater than 40.,trim only,60,1770
address_line2,Sui…29,1638938dbcae6e16256960b6d98e21b541031bc066b8ec0e462e498e457e363f,59,"{""store_customers"": 59}",1,worthless,Observed on 59 physical records; strict Rule 2 threshold is greater than 40.,trim only,59,1711
address_line2,Sui…34,6f77e53cf6706e21f70eae90b3b9b0b27f1538b79fd701b02021974e8e424e4e,59,"{""store_customers"": 59}",1,worthless,Observed on 59 physical records; strict Rule 2 threshold is greater than 40.,trim only,59,1711
address_line2,Sui…65,7439a7218abf450098e6deac7318b87bdfa1b13daa63563ee0be3e701650129c,59,"{""store_customers"": 59}",1,worthless,Observed on 59 physical records; strict Rule 2 threshold is greater than 40.,trim only,59,1711
address_line2,Sui…54,7723ab985227d051ad76afa653df420a1e50094af6d3212a87167aea244555f7,59,"{""store_customers"": 59}",1,worthless,Observed on 59 physical records; strict Rule 2 threshold is greater than 40.,trim only,59,1711
address_line2,Sui…22,e34d913a38e20ec4bc3ef30244bd8a13d216d2dd509d5a2c42ec5ccab6c47443,59,"{""store_customers"": 59}",1,worthless,Observed on 59 physical records; strict Rule 2 threshold is greater than 40.,trim only,59,1711
address_line2,Sui…19,2213e4567b40f290651be2c7ae0829c4d1fcb0856b7e985a440c60cedc49627f,58,"{""store_customers"": 58}",1,worthless,Observed on 58 physical records; strict Rule 2 threshold is greater than 40.,trim only,58,1653
address_line2,Sui…92,2a00e3e117423dd3e67b8bae0ccb9c0a9e0458f283b7a6f0153972758cef7dd6,58,"{""store_customers"": 58}",1,worthless,Observed on 58 physical records; strict Rule 2 threshold is greater than 40.,trim only,58,1653
address_line2,Sui…48,5b2c168d06165f5b395f5240a6b6451d6e2271a89ecd81e6027aa83f0ca5dcfc,58,"{""store_customers"": 58}",1,worthless,Observed on 58 physical records; strict Rule 2 threshold is greater than 40.,trim only,58,1653
address_line2,Sui…75,b8b2c459fcc6b453d1c24332b101bce434bce2d83e1d00807edd6dc81cb28b51,58,"{""store_customers"": 58}",1,worthless,Observed on 58 physical records; strict Rule 2 threshold is greater than 40.,trim only,58,1653
address_line2,Sui…42,db323c0395f1c051d950089d507348db30c236469dd844b209d3d56c6c9e62ed,58,"{""store_customers"": 58}",1,worthless,Observed on 58 physical records; strict Rule 2 threshold is greater than 40.,trim only,58,1653
address_line2,Sui…79,76ff4e3ce69179c0afee14dca64a55571583a21e2c9472ec8edbe205f1b7996b,57,"{""store_customers"": 57}",1,worthless,Observed on 57 physical records; strict Rule 2 threshold is greater than 40.,trim only,57,1596
address_line2,Sui…93,1705407b9b735804e5dc1ffc5e01f3dbcbc1270186b546ee51b1be068a6b35dd,56,"{""store_customers"": 56}",1,worthless,Observed on 56 physical records; strict Rule 2 threshold is greater than 40.,trim only,56,1540
address_line2,Sui…98,c628140b90ab96e19de7d42c58cc9f5126f7020eb856336e6dffd1fc4cd64a51,56,"{""store_customers"": 56}",1,worthless,Observed on 56 physical records; strict Rule 2 threshold is greater than 40.,trim only,56,1540
address_line2,Sui…77,df85acdecf292d49bbc7929d607d353ea4b828339edb35393de2eb3871654ea4,56,"{""store_customers"": 56}",1,worthless,Observed on 56 physical records; strict Rule 2 threshold is greater than 40.,trim only,56,1540
address_line2,Sui…97,f55f09ce55b448e0d345faa69c818f6f2fba972e683303241476b08ebdda99b9,56,"{""store_customers"": 56}",1,worthless,Observed on 56 physical records; strict Rule 2 threshold is greater than 40.,trim only,56,1540
address_line2,Sui…65,bfa6c12e8a59f68978d2c2deee8391ff38e4868b8d7316e40d4e63536f54a04a,55,"{""store_customers"": 55}",1,worthless,Observed on 55 physical records; strict Rule 2 threshold is greater than 40.,trim only,55,1485
first_name,**,814c4e5ea82f96c0e54821a15a69db897aa282bc3ab2069ebdad5f3118222d19,55,"{""app_users"": 55}",1,worthless,Observed on 55 physical records; strict Rule 2 threshold is greater than 40.,trim only,55,1485
address_line2,Sui…32,85ef1eaf6969be8aff8313d81ae198377a92d64072b5dae2d44b4237614cd8b8,52,"{""store_customers"": 52}",1,worthless,Observed on 52 physical records; strict Rule 2 threshold is greater than 40.,trim only,52,1326
address_line2,Sui…37,f6c03d6778c5ac838cbff3e7713960346bab407f27b18963c6697911f28306df,52,"{""store_customers"": 52}",1,worthless,Observed on 52 physical records; strict Rule 2 threshold is greater than 40.,trim only,52,1326
last_name,**,5134119e464e809ae70ef485be20d045e61e5cf1c83cf1a4cb9e051a9b6d99cc,52,"{""app_users"": 52}",1,worthless,Observed on 52 physical records; strict Rule 2 threshold is greater than 40.,trim only,52,1326
address_line2,Sui…33,7ee7e4965bff3811b1b5c0a7f9b6fcedc045969f237d11040eb2db1cd3c6c86e,47,"{""store_customers"": 47}",1,worthless,Observed on 47 physical records; strict Rule 2 threshold is greater than 40.,trim only,47,1081
address_line2,"Flo…a""",1448acf0f62e26bf6092347ec9a8cd0f53e9204b53624576d67868d08b080d07,44,"{""store_customers"": 44}",1,worthless,Observed on 44 physical records; strict Rule 2 threshold is greater than 40.,trim only,44,946
address_line2,Sui…90,ac983bcc21fc793f109ec90997fe1269451362c6a3a169c1292ddd0120592fe7,44,"{""store_customers"": 44}",1,worthless,Observed on 44 physical records; strict Rule 2 threshold is greater than 40.,trim only,44,946
