attribute_concept,masked_display_value,value_hash,global_frequency,rule2_status
address_line2,"""qu…a""",6a940caa3769e9d7d82d5e5601d6b61322692112e6043847ce1f5d96bb720d86,1149,worthless
address_line2,flo… 1,8e1a2ac9e0ecfc8c2313891f1a85a343f2763306ec4b1f70b67d87d29d023cb3,1250,worthless
address_line2,flo…10,33ebd94d5698469926f2817fe47fc3e7e1b5da60f839d177c875b7325cd4ca73,1291,worthless
address_line2,flo…11,ff56faae0055f99bd47af52d60a2335e12e2754e3d5e6b7fc46c45146cefe773,1286,worthless
address_line2,flo…12,e9fdfde50f6356b4a0debcdf00d930e67cba39d8f1fa63ae8a9a845588b52c57,1272,worthless
address_line2,flo… 2,eb8be4fad6392e1b9ec5e079d27713dc191a33f9099212e3437512bb2deaef75,1263,worthless
address_line2,flo… 3,53065862084e4284e6e8c594ab599239a573e3a6140cb823040a2172400ff0c1,1243,worthless
address_line2,flo… 4,18d1ed3aaf0e45e5546a0a4ac3f29f2f357bc456aa9775f1eed885a16a9620d6,1225,worthless
address_line2,flo… 5,df551c055830f732d20c71c83256209e595d29a6bfbb8db798fc036369b07101,1267,worthless
address_line2,flo… 6,56c344de2849e17d5c93e79e1d772e0f849e9f350dadc13f3412b4095dc6ace6,1218,worthless
address_line2,flo… 7,8a653450c20d4eb04939cc1ba12cf3fbb01daa089df7ea0c73ec348828e8a957,1301,worthless
address_line2,flo… 8,e5acf78a36aac8201ed93144218294a8e21efe5169f2145f7d62d13083277b53,1257,worthless
address_line2,flo… 9,77801635b6bd51b7dc511b2a9446db3f5a08ded18780e2cf9d0a973e1d532445,1177,worthless
address_line2,hel…ार,4417805090400bd483f13f0c607c72a21d49deb3d4d44543b799c44a2fcfa937,584,worthless
address_line2,mul…te,a8da9ea6343456344c08dfe1ccd5ddd9f99935d4dc516ea331ab7d1e91228a56,849,worthless
address_line2,sui… 1,1c966c7f35028a355fa07da479eba7d1549fb0c87650d532a47e63cf1acdab3e,73,worthless
address_line2,sui…10,31099a4495284d71feb9705970ac03c011642abb3e969a02a7dd3f1eefda5197,76,worthless
address_line2,sui…00,e3f4f8e24c0118db25b8a807e22d9ff29820f0ecaef563b5b36898ac77c2606e,67,worthless
address_line2,sui…01,85d08e46ad4dd842aff36fe3bece3b8f2fd3303abf2450548a40c0b8d90ed598,82,worthless
address_line2,sui…02,a68a35397133a5948f2d84d00d4d62206246e13827fe24b7cd00d83e8cb2134c,72,worthless
address_line2,sui…03,467e26132705668495562d8d66f8376d09e0736b8b30952915b05e849f2c5cd2,65,worthless
address_line2,sui…04,a24ed79cbf5d4ec1c3e44de912ff79a1499331eff79e4937448563252de995f8,74,worthless
address_line2,sui…05,21c3539c94cf80aadd40b762efd62d7a7111e437fa78b82f34ee22eb04f13beb,90,worthless
address_line2,sui…06,13b9dea63922d5ed6a4b68f26fd0a753e54b4e2503cdcf0e314f9ec9aa38ab68,91,worthless
address_line2,sui…07,48cee0a40997cd194c57aef3dd22aeb689a6848fa5d66b60cde89e5acfa873a8,86,worthless
address_line2,sui…08,cdd7ed3043f894cca2f0e2bfa4bddaafe0bf3f075672eb63f4aa9605a05cff76,71,worthless
address_line2,sui…09,cc2ad30731ec52015587a3c12f5cb97c5a377929ab2a574ea5445d9ea4e3fdca,74,worthless
address_line2,sui…11,5f35006a9207442f65849784acb5620ba67851c6a33c46d71296e498f5002b05,75,worthless
address_line2,sui…10,0dce0e02edcb03b0a265edbd145b40e38a89a10eec412d5a37f077718f916442,72,worthless
address_line2,sui…11,5e43e67d784fbbfd1ca434ba888accd65c883ccd98cbe55e9403e999ceba7a7c,73,worthless
address_line2,sui…12,b0a4649b612e6387fc38377865ee13f7ebf37a2391edc6c460f41e461937ac64,98,worthless
address_line2,sui…13,3e5ac26be6dcd9c3c68295ed80b7b854372856084d1cac727a3d92d1ff5a3e31,98,worthless
address_line2,sui…14,dd2867356a0c2d022ce4f48649dfb1fa340aa1da08e891da9bba25d26fad6c62,78,worthless
address_line2,sui…15,f3b71ad321a98819e78097fbfaebca883326004044071924ddeb977b69aed881,78,worthless
address_line2,sui…16,5f2b9dcf5e5964d13e6a2e8b490649a7c6c830dc46a32a8630a15c8caeae651c,73,worthless
address_line2,sui…17,58094804b8cf863c1520f6235483c127e71e0a7f59fc0b195f0cd50f6e65bcdb,80,worthless
address_line2,sui…18,99e4e52328cd7d43bbc7ebbaddbd825fd7fad9ee56bf22db5b2f5760eadec3d9,82,worthless
address_line2,sui…19,f00e68abda7e0a810d4d46d4534698d61772bf209c8f2d55d45652d65823c196,63,worthless
address_line2,sui…12,53ffdcabe959a35d8555e1350451ec8684d93298df0811aaba90b103e92b538f,91,worthless
address_line2,sui…20,1c571611049796211a8546d379b988ccb7152ec166f30ed5cef73b22196adb0a,80,worthless
address_line2,sui…21,25782c9f6681454651c4de67871f4e52623e7b9ea620af4e231073e9580d09eb,70,worthless
address_line2,sui…22,1673abff364b5ea1b1958d3362a97936d5d93adf70694ba31700440159f6f48c,64,worthless
address_line2,sui…23,8ac4f3709181c6bab6ad62bfbedfbc44e3bd7a4492c62a3fe5ec35faf353f70f,87,worthless
address_line2,sui…24,a350179cd9a197a16c4be727f84cd5bed8b5c9921bdcad2950904ebc2aeeaeb7,75,worthless
address_line2,sui…25,53321ec14e9f1dd5bd4ff60c7091e6524ea38ebf8409366b2ea1869f2c4ce5fa,80,worthless
address_line2,sui…26,d1cee9b66e5501d656a8d02558b3e98e86fdcab2c982946b00a335e87a69039e,74,worthless
address_line2,sui…27,259a59782a7a964e4c9f6bf12868f7ae44264ce58303eaa2cea3b076c897baf5,76,worthless
address_line2,sui…28,63513aac06bb002bd78e8613dc39b721f34b79256edddbaa337ad884a6a4afb2,74,worthless
address_line2,sui…29,97c71df0771ba8db6ca814ca4bad82485675181c3fea137a61ef6e830fc0bd56,67,worthless
address_line2,sui…13,242fdfc7a7990404189e8b0e63a7310e43e8cd9609e55401caaaa3769116e41d,73,worthless
address_line2,sui…30,742cbe65efb13da73985765f8217b995c0d1c35339face2df9fe3e4ffbdf39cd,68,worthless
address_line2,sui…31,288844eca1e792f97958d1fadce817d2a3435e9ba84de37e8bd44cb5bf8fec6f,93,worthless
address_line2,sui…32,b248033bf5df97f2657c1f6c0d25531f64af1c5c80e90a2ddf7f3e0eea442079,55,worthless
address_line2,sui…33,d0deeb6cab4c20580db2f69b3fba8ac1ee631442dbc6848cac54f9e9838ed573,50,worthless
address_line2,sui…34,29c13c50d2300c751a8c473f46f49b07663b35444d0f50da8144403679032725,62,worthless
address_line2,sui…35,44919e84e2635a471dec638fb42de128b5a1d04be7e8e1e34c2334a68f36962d,66,worthless
address_line2,sui…36,030b21667a8b8a557a31e3e2eaa9f01cc8c33815500e90082078e7a1e67cd438,76,worthless
address_line2,sui…37,f82db866616ebe6158b97bd79a0cb3d4b2bcf6d0bde9a64616ce998cde39e1e9,56,worthless
address_line2,sui…38,058b6e56d2bbe149756e7a4e351741c152de63c5d5ca3f5f62a4979627798479,83,worthless
address_line2,sui…39,c9268cf2578ef42769eb59f40deee599c7b0c80516daa6009bb80d2e9bd36e34,81,worthless
address_line2,sui…14,a48de4bb9a82885a2c2aa11065f334cc6243144af8e3ca78228b707e2cb01ded,73,worthless
address_line2,sui…40,176e62bd053dc0d21fe5df1e482e998eb0c409ffc4bd1fb1155c251c08e2fa77,67,worthless
address_line2,sui…41,f813a0cc5bc57903d709c69892c9dfae439aac817477fcce7c260b10ab6dee8c,73,worthless
address_line2,sui…42,f80c7ff7d3d6a5dbb2b521ae37400b003601a1e60d2a7224de919d8578f8bc78,79,worthless
address_line2,sui…43,e713478cfd77f9ebf600d641ea54eba6784cf946634a8409bfa547d14fa3ce40,91,worthless
address_line2,sui…44,2f30c95d0c6b0717e494c8233028a5cfbb3da2b2f3f5b80a92346621328f7695,76,worthless
address_line2,sui…45,41b9bc8edc0410af5f858c57540ef0a9cfc0dc59c98ad4072b831a6de195fe10,82,worthless
address_line2,sui…46,035ec6e5f87799feb60749998c6b38938e2367566f0453f22b6a2246be746fac,86,worthless
address_line2,sui…47,bc179fd1a6d4cb5e772ec06afc1bb5f5fc71f439d885cde844dfecf4c8e953f1,76,worthless
address_line2,sui…48,6b77f0029483bcb5d7a4c76a489d19b27de4dedf79ab9554934ea2c061965b71,61,worthless
address_line2,sui…49,84f0fcac9fb74c5df484ec76894d787e29e2a3fa709bb36fb1c3e605a35bf6f2,85,worthless
address_line2,sui…15,553e1e719a79997fd5004674f9ce9dd73632617964e97c9bbe9d35568eee1a51,99,worthless
address_line2,sui…50,40817473a0acf1f9da0ae0d8de4f8fb86a276cfe27465862dd862959df0a031d,87,worthless
address_line2,sui…51,61467a7f9703e2233f89f0ce5ab2974747b4852d1b50a6114b7c294be192d6f2,100,worthless
address_line2,sui…52,03ad25815d2c483e55491382bd872128da2af7e74597b895563a53b41b16225e,87,worthless
address_line2,sui…53,0ecc88eefadff872262eb3bc8105f40531d95b9df971c6e1407c726ba72b6985,76,worthless
address_line2,sui…54,9cb52827077f366c297845fbbbd5cfbc1a64d574b13a73cd91dcd5d7e958b788,61,worthless
address_line2,sui…55,8a4f55fac0f0ba96bdfa34df8f4d34f7d5f123c667623e4c9ee6ad421f59a3f5,77,worthless
address_line2,sui…56,322df80d468323953edf28e9381422996d08def0f9e4a58113f6d4f3b5137a6b,87,worthless
address_line2,sui…57,0fee83e90de7586adee9fb4f97c14afc7e389f76d84982246903a24239a4913c,76,worthless
address_line2,sui…58,3f43de5b4276dcc958664e0af0316e20d28f916b11cc63e76485148f586b12ad,87,worthless
address_line2,sui…59,8439ed2fcab8a086950f9fc94a1570315bdefe01b738a5dd018d50cc1964aa81,82,worthless
address_line2,sui…16,09aa311fb5e81e79e346dafccd27d6d5c256c7b27c25332f34008a3a9472001d,88,worthless
address_line2,sui…60,a0850a92b389e114b9005920cbbd62ef39948797ad605a7df70fbeae549a69ec,70,worthless
address_line2,sui…61,fb3bec9df6bd980787187fa730864a78bfd62c2cb417ed4e1454b9d80f10d36a,81,worthless
address_line2,sui…62,83aafd1431aa3d472e64d684ae98cc134d71aa4ad6f883e13feb724d7863e9c5,90,worthless
address_line2,sui…63,c574b1ee082e92715fde848bde62f124a4527dbb02029a6b60016939f877ba66,75,worthless
address_line2,sui…64,b67458585528ea470ce490d33ef31a23828a44177d20d5da6d406a895553c259,77,worthless
address_line2,sui…65,d5b99ca2fc7436825d3c4af6b841bc8f20bd8e84d24da9ad3f4fb70d6cde9ed6,60,worthless
address_line2,sui…66,3dd5c664bb967cd86a039fc2ecc179790d507783169d601060db93ec939f36d9,75,worthless
address_line2,sui…67,a4066f888c4453e859c0438990564943b38a9e1c0f18acf82b1af14fe838317d,75,worthless
address_line2,sui…68,0c2bfb5d76ca992a0dafcb92ce88afd0f29d8ea091ce4ac023d1e74576e80ed4,85,worthless
address_line2,sui…69,5800a78294e6bb552de4ecbd64095714fc6f58b23be176cad7a13dbd246b3b20,85,worthless
address_line2,sui…17,9b9aaea417c1569a4a1e72b57c09f3500f8761c3ff9a29b9fa5b92d933314d07,78,worthless
address_line2,sui…70,c934673fcb64e257850a6b779872c4d3e5ca0948479ae39c642b751e23f64190,74,worthless
address_line2,sui…71,b8c09860dc636fb7eff6c5f275668be26af1e291efcb77c2d1be1e4199e7f328,79,worthless
address_line2,sui…72,5f3319a4307d61f5203e3eb6cfe6868133ae497d0b34704292b1db2dba58565a,75,worthless
address_line2,sui…73,a8bbef4e4b03f2b39b9f7e46e9708596ae194c7c7e274c634bbfbffe47bdb35c,69,worthless
address_line2,sui…74,fc9e2d882922e507173f3217196f04da20c17740581ee6aee1e234a2acfda4f6,88,worthless
address_line2,sui…75,73e91843c80cc9f9606bc446f4d5fb038d72d6843b39c914a41ea82dd523a4cc,66,worthless
address_line2,sui…76,cabc910135d58f5fb3b94489ff36cc52cac756280b014be10d7966d40c0df663,80,worthless
address_line2,sui…77,043c54cae419785b616ecdbc07d1e230796be13fe70736772bfdbb1f01fe3343,81,worthless
address_line2,sui…78,256295e129f451603780318ba56e35976b7e8e8bb8539e72312ddadc7a1b986b,69,worthless
address_line2,sui…79,60d9efb62427a0684fdf0c5b6da9bb2d57e1b044907e77afa502c3a76e82038a,63,worthless
address_line2,sui…18,ec92e0a54698ce175d5e3e4d2a46213344e860db71c3782d3725a02f33a9b602,94,worthless
address_line2,sui…80,29097795bc497a389c7e3fa95438372aa95315bed2bf49f12929d112e36333f1,76,worthless
address_line2,sui…81,8feb12c0c36c1ecd8b4f1e8c47ecdfa61d7646095f3d57fdc18f1b8f63979ec3,77,worthless
address_line2,sui…82,14a11ea407b0b3170b459cf7e635eaa0160d85950cebec37861115153cc93668,87,worthless
address_line2,sui…83,c8139ac9174adb6c33142ad33d406d661473023ec98949d7330174d2e10eb74b,76,worthless
address_line2,sui…84,5bd23eb6f2d3f0cf4ffb5524393410d9548cca6f84264f35957b674954355134,82,worthless
address_line2,sui…85,20cbde7777a8e5e379339e69162198d1771803ded3de306c9c3cf32722a722a2,73,worthless
address_line2,sui…86,e23464a757ab4eaefada1ffd182d89e02dd06739931b4c3ce3e6a6b273f8db13,77,worthless
address_line2,sui…87,5c27b7673d526e2d1c0cc3186cf7196e16aacc2c8093ec740e8040a2ffd014a7,76,worthless
address_line2,sui…88,0990401f00281d20f6f60ba8015bc201db17fd3a294961f87e3c0c0fdfbb5abd,76,worthless
address_line2,sui…89,50afbd7a27a93edcfaa24f38157fae696846ce17346a70df1531655f9e0b1251,76,worthless
address_line2,sui…19,68d24688f0f1810ee07a0be61d5c33947f52d0995838e20e6142fba4dd933163,80,worthless
address_line2,sui…90,32d7d3f87541e5d089025f87ee6e6aedd484cf7fcb5385d2d5a8ba76a84d2a71,52,worthless
address_line2,sui…91,98f4803752b9357c807e0649de5a410e14a2aebaf907236da0de291f0dbad4b1,72,worthless
address_line2,sui…92,2b9a575abd84c462979e3c5776c3c80aaae666b678ad9dab28c4aae62b0ebcd3,59,worthless
address_line2,sui…93,24a7a2639bc753961ad83e5a1e0311657353553738dae43566a7b5731489b9f5,75,worthless
address_line2,sui…94,fe399ad4b26c017d448107d6a7414917b8b36965f21ad3083788841183938b01,95,worthless
address_line2,sui…95,a9c195d6e0d5adfa5e5ed052ea1974f2cf9e96aeda2d998be67390d9ea19ac32,91,worthless
address_line2,sui…96,fb3de20e70d1118bf901e666004e6488966f4865efef49c76de49ed7b86364d7,82,worthless
address_line2,sui…97,93fac0034a3bbfbb5455f42635db5d2410ada43d4626e69bc8ac78c6cf9d6f25,64,worthless
address_line2,sui…98,745df5403cb8abcee0d165216d8c311a248823e512de8ad6339da79d1a3a0a65,78,worthless
address_line2,sui…99,05869e14ebc4e64e232f2a27bb69c42daddd452d705241a85f4b717ee1cba1e5,66,worthless
address_line2,sui… 2,450947526075e19bdf873476dd6f314303920d2d83ed795808484290dbc7e277,74,worthless
address_line2,sui…20,fc12528edd4caf91044b7bbe71f6bb0fd64930c44363d7d058a777d397cbf1dc,83,worthless
address_line2,sui…00,8d4a35abc4eab27e6e7d0cb030c7e5526c285d303f5a61885a1f1421fecae136,64,worthless
address_line2,sui…21,7700deed43bf17a9585122db6b1456ec1fe8a028bc769ac256087f59658e64b1,68,worthless
address_line2,sui…22,4a66ad347f648a406601a35c3aadb5cca5ea4cffa82aac845b07292e265c59f8,79,worthless
address_line2,sui…23,517ea5a096283000a0d4158dbb282bcedb78270ab2114e3ae3c1d6059ee8e5e7,75,worthless
address_line2,sui…24,6beb35f549e872631e0726e825097cc5f455c800039071d476a6c5fa243e61a1,68,worthless
address_line2,sui…25,f7b0e7e50e1cc63d065dba7b5366a0bb0c41b380304eb78a6b3a38748b386704,83,worthless
address_line2,sui…26,a8fd7e5d569643c425caf509aa1a5f72b1de5aeaba5c552c33158b651ef16f41,87,worthless
address_line2,sui…27,559bb7d541a11dfa43eb695287439c96fac65cd569befe1e4cd7b41d0475a356,97,worthless
address_line2,sui…28,da6c57a9811a640428e9c4751309c7f55df6950ccce9436e91728e2a3c84f3b6,77,worthless
address_line2,sui…29,1db7edc8b92fcc3da4548db21941703590806049663a5226a734a66bc9a2b549,62,worthless
address_line2,sui… 3,5ab8ffb1469ee61a77c9591f3c9c7fcd59055c67be240e95a88d0e15308a412f,68,worthless
address_line2,sui…30,c88091bd9929921264066f803a3fedbf3a3d14f45937ea1e7899479d8bced981,73,worthless
address_line2,sui…31,2bf1b48b0f97bca4702d6b0df85fc6a2a416207f20b8e3f13682075cddad7fad,73,worthless
address_line2,sui…32,d584483846b7af98e2a47c3c11e7f1fc5a6f86f906932a935d5ad0b9f7076787,71,worthless
address_line2,sui…33,e53906c2be1147afe89a7603e6fc0160114c2d703e43e860196bba7d4f05a5d6,85,worthless
address_line2,sui…34,a998def7fd73819cbf3ff05aabba57f831ee2401a71f92bcf4eabc00f9061ec3,84,worthless
address_line2,sui…35,d5d5c0469ea420caf85aed7575432de343efb03b7a9df8fb0a0cd11f9a92b0c9,71,worthless
address_line2,sui…36,eccd8c4396f6de68c796052bf0ac12b67e7e690eac518675fa1c0268dc751aa1,65,worthless
address_line2,sui…37,7c123243a940f3c4b7c0bb328b03140a21d7dc6129bd08ace475807bc917a350,81,worthless
address_line2,sui…38,dedd111d6cbdcd88557301d91f4f0cc5cee6b9bcc5d81d6b186a941f2569e942,78,worthless
address_line2,sui…39,441394686886facfa79345bc3094778287848d501ca4fa050b5e962faae28b6f,76,worthless
address_line2,sui… 4,0b26b16646e3929b242cfeaa523326cb837954c07262ed0592615d967c20c557,74,worthless
address_line2,sui…40,1ce5e31205f820c27c5448b7833ca0664c9c3798db600e64676e15e097140350,83,worthless
address_line2,sui…41,a9abcd206852e47625aa57ba79018dfe19a058648871e7aa300ce2d9f616279f,93,worthless
address_line2,sui…42,83550b8dd4836b3d8248fcf3efc7c1aa5650db81b57db9e022aeb698378a55bc,62,worthless
address_line2,sui…43,22a661bb1aff42261eeedd8d6e0899e500cbabad59ad42727b877a4dad757fd6,79,worthless
address_line2,sui…44,ff2deb246b25991a5a625f7f2f3e9d5bf32d2fb3ed7d7c521adb61fab07230c4,70,worthless
address_line2,sui…45,f82c033bb26bdd9d78f0af23b09db23116a3d59fe38aeccbc47f6b50cf0e9384,73,worthless
address_line2,sui…46,6f74de308d6bc76967dc1d40fe612594197e401f8cffc7666c9ab6fbcaaa4719,74,worthless
address_line2,sui…47,1a049cbc574aed20276d6d7a3d072d197f8c6cd28f7e7603b2fb949a7d040a75,82,worthless
address_line2,sui…48,fdf34858e3baa50cc35387d6ff6dfce1113e7843beaf80f19ba511aa160fdf04,85,worthless
address_line2,sui…49,ef80856c72a7324371797936d40edd33759f73c73753082c72af3be6d4bf5bd7,86,worthless
address_line2,sui… 5,71dcc46b2b0ef7f2480ae192c0a8e6fe56d05d6c0d85bd8e43e5c68bb09c335d,71,worthless
address_line2,sui…50,db6f6d2e82eee95b36ed6fddd38c0ca4ce16a55368635dcaf778b70b5f4a4a32,68,worthless
address_line2,sui…51,7bd1faedda6f6b5fc0647fe3d545ce4aed15bcf49073d24349748a4d22d5e261,70,worthless
address_line2,sui…52,cc0b86ce9d8c202216f3fbabf45fd1b9306d59315dc991b5d272f2f70d59d7ad,105,worthless
address_line2,sui…53,0d539df77997aec2e32ccd2adfcd50928433d77162c0557fac941e2eee5613fa,84,worthless
address_line2,sui…54,aa85114a5fa533a36d1d0f6b8f8a86a816ccc03411ab1b8173099e6bd3ea2028,79,worthless
address_line2,sui…55,ef81b9de74238595b7d763f46928b1e64de84605627b99c88cadc620282d38ce,86,worthless
address_line2,sui…56,a20ef8489affe09815838d0664582b06592efc90f859c9a7db84523eed2e3efb,65,worthless
address_line2,sui…57,976da1eb4cd7c344b56bd4f5ef1dce7e9fcc3cccf2aefdafb869d33b1b625dd9,80,worthless
address_line2,sui…58,e60038928adb3d73813f989b8463d56b43e178fcc54c6578d8319f901f6e5e0f,74,worthless
address_line2,sui…59,aa72f56af14daa2886c65958df8d97664ca2d7d6420389828b096989618e2ce7,83,worthless
address_line2,sui… 6,4ba27f94119dac6964559e1305952e0af43ac40718ae4cd33c6958ac91791494,75,worthless
address_line2,sui…60,554c78f54d35a718f8f2f475a2eaa10002708d4d410420171d0c59190dbd4118,77,worthless
address_line2,sui…61,c1e8b7512578ff3e4a3381a6cfd504c6ec7320c53a3686844db0ffa969168203,90,worthless
address_line2,sui…62,bc49f68e33fc377d584e1081566658559f1caf858c1386424c370fb4f1d16e22,68,worthless
address_line2,sui…63,13d6e8a2e9b640241ae5fb72ad05c75595f301053dbb2c24c1afc5a2adf9130e,99,worthless
address_line2,sui…64,d4303b30767177b4022da69f060b4fabb147c8ab380cf565d30b70d7d8a0bccf,74,worthless
address_line2,sui…65,bd007d26d1ae98362102d02f3ca04470876224f20d7b731cc574ca4ff9659920,65,worthless
address_line2,sui…66,343c9b641ab3b9f34635cbd1d8356bee033f94f5cd512903ca2829eab9c7269f,71,worthless
address_line2,sui…67,d4047b3c1c5dc7ad7adef0c070fc90dea0f40e17eda750ebe302ad7e6fc6bf7c,86,worthless
address_line2,sui…68,85548cd9c5bfcc1f0ebea023cf8132cafef0363c77199514f1335c7a4ce6a443,72,worthless
address_line2,sui…69,8af4b1408965360af0c47be65869aa05568290dc27f4a2fec9f1024fc341f80d,65,worthless
address_line2,sui… 7,7f481791c16b2d27249abe763fb2541c5767bcfef3015008418585f94408a69a,73,worthless
address_line2,sui…70,e15cc6c334248677ab00889508aa580d7559d4599e79544a7839af91c5e65e5d,86,worthless
address_line2,sui…71,2ad0d996af277946dd7e07152c5d772221fbe78db462a6782a5829f4604441ad,79,worthless
address_line2,sui…72,54ddaa453ff416054d14691206f576a399de16e5047c319387d00b82fee125b5,87,worthless
address_line2,sui…73,64923f5a6750272f9ad78f44a0a1ff6c02aa9f05dfdd018caf9ca3c6ffc0026d,70,worthless
address_line2,sui…74,c085b1881d6df3160b9f0a2c6e7bc406c226b674f96de9642565af0779e5c92b,82,worthless
address_line2,sui…75,3c00e05b2c609e96a05585ac6209ec45ade3059db8e5fb34291ca90b88d3568a,65,worthless
address_line2,sui…76,576ff1ba8a76863a1e471fafa86a29a564d3b90d1678dc3b67005cc0bcfa61c2,82,worthless
address_line2,sui…77,3b5bc601f7d61fd1633c8e296019271d492dba30205ecb904c3640121ab0083e,65,worthless
address_line2,sui…78,7c16df3e8ca440ca56616b0bb2c833d8cee5e38ba849b745f14d668d98162c4b,96,worthless
address_line2,sui…79,d7fdd87b423e7f2e9b27d29bcad7fc4eccf8020bb5b95b2296f959b7c82600c4,78,worthless
address_line2,sui… 8,e4a4a7ed68484d80796a741ca34b703e143f7ea9d20224784baedd40e19480f4,83,worthless
address_line2,sui…80,93fc5c532019ec9b3732da3bfdcc288d902d5785d1440e9b546a63141fddf402,74,worthless
address_line2,sui…81,f06bae954ced89a41eca8ad45767375d9437caf7830e6fcdacf2d933ef16a0f1,87,worthless
address_line2,sui…82,7016181493519677500e3aca0cd9a2a1182bf50c8601b449e7b13e0362a234d1,81,worthless
address_line2,sui…83,99497b4e4b4b80e4c5ac72804e86c2ac69e3044bb626668dcee2dff2da05e311,83,worthless
address_line2,sui…84,ed5d39f8bd2b63d7647bb2e1799c0a10b40518e6cce602c8df200c151abde7c0,72,worthless
address_line2,sui…85,6327c202502b5c9d9d57ed1909f679c20b5b7e346948f8e937222f0c37978edc,63,worthless
address_line2,sui…86,9165493fba7a9b614cb3e3c8f009364e2d8ed801d0cae74a0e1c3b14942366c4,68,worthless
address_line2,sui…87,fbf922ad40390e588ca85bbbd9ad35efb6b331a00a49097240cc632947ee0e8e,84,worthless
address_line2,sui…88,cc3ab920e91000c24be6467df350060b31f3058e50e99453d8dc84528bf74363,83,worthless
address_line2,sui…89,9c0ef729f80d6a43a4ba2ba3a0aaa097956855b4ee4cc07f43b6441400473eb9,82,worthless
address_line2,sui… 9,9588c64f79b87f1b1897434c9591c4fc238bebd0956a5012021e53ee9b4bd335,67,worthless
address_line2,sui…90,7b0e4ec03e211835f3c8f293ffec34327930b2ada008ce3d394aca43a04a4c4e,75,worthless
address_line2,sui…91,ca52fbe9bcd8bbee1e66a4245f567003a1213e5cf094dfc5fe5d7a7f9a327159,91,worthless
address_line2,sui…92,2926cedc4bb492ab4f0a682f8829004adb7b80c31a3b023eb83b371110257979,72,worthless
address_line2,sui…93,b111cb5d42abc76a879a62e5784c05cef420d83335e111696292c317348b69fb,59,worthless
address_line2,sui…94,1939648ed511435df099fc2c5b78347341c3dcbd68b2644767e9e40ad10420a9,77,worthless
address_line2,sui…95,ba8256e5cc4845e7b039888cf4f65950ad97edf4e5795038d1dcc12aac3d955f,78,worthless
address_line2,sui…96,94d1b4daec2233e7e3e14dce4d944cf1cdf37ac86c4b41b6d6b10bf18ac4cf92,70,worthless
address_line2,sui…97,3c19a42f7567beec0b3b7a9b601050caa67b84c6e72edcff7c61ef161170169c,76,worthless
address_line2,sui…98,7b6dade2ca63931eee25e9e93c08016082432aaff91165a5dbc54c74c0c5da8e,67,worthless
address_line2,sui…99,0918925259e4974725b2f500497fb1c29ec64722088db9aff2e472449dbf0283,80,worthless
city,gre…ld,e413fbf3f51535bdd9600434cb682a4865522386c3dbf710bf5fd18e817b46ae,22412,worthless
city,gre…ld,c5456cf6be74be4189d750700bf97993e5207026231dd39ae36049081b1cb92e,33706,worthless
city,hil…ew,d1a156990a7fe6dfbdfe01529a35bc6e567fc91ba03c44ea41b09c256e39c4ec,33814,worthless
city,hil…ew,0f9c6884043980d6dd4ff2cb130b609e9896e70d1bade05e1bef9e39c0ef84a9,22317,worthless
city,lak…wn,779407dd265e11daa4e43ada89fc855de8dc6c12211fa90402bdda3bc767946b,22466,worthless
city,lak…wn,0d2ae4a2f01394c77e39d8253a830ca00ec661b06b74041cb92fc7ca9ce00168,33417,worthless
city,met…ty,f7a7a8b9d98766deafb8903bbe7df1aaa935f05156c46d0a33451b7800c47e31,22592,worthless
city,met…ty,4890d91c2c29d482821c2e41c68483a7556f3479d74a1c4de1781dff730fd3b9,33855,worthless
city,new…wn,c55850dd14892679a4ebef0e521a282e291535d9d246e9462235ee39526f64aa,22623,worthless
city,new…wn,04c749057452d3448d093cdafdf5fc1e82120e399aaa63dde8687507e5b73e5a,33539,worthless
city,r***,0f0a355b1c68b7f3d8ba064b7b743bfc48f1bca018d0f2f32f50bcd8c9283856,22259,worthless
country,A**,6f24b70609a682c1833552c293d440d94858a266785224be20385bddfe8eb2b2,62336,worthless
country,G**,a0e25654456095d9b99bf8d23c29ee42db431ce6d6b661a7ffd7303896d85b7c,62292,worthless
country,I**,54c3f4a303809fc998fae7b72d27c52f3fa1de068b27eb9e8ae1c0a8cf9bf6f7,62722,worthless
country,U**,21faec49de8a12f1cde78ad333933c119e03cdf2f02040eecd2408eb3c69eb78,62650,worthless
date_of_birth,1900-**-**,a3a2e452db89e3c743a2b58d45722975cc347acf727bbbd845fd610ac1101c22,252,worthless
date_of_birth,1970-**-**,ab8aeecf04882452cda147972778df18975711838c40fdff675eb0fd05b9cd08,4191,worthless
date_of_birth,2002-**-**,ab1f556ca9e58f3837c362af698730a96212f34e34d998b0d629be12807613fe,358,worthless
date_of_birth,2002-**-**,51eaa3e652c852f7fafadf8755ed5baf0e2ef181beefb1d096a22f06ccda101a,353,worthless
date_of_birth,2002-**-**,40963c51ee7f5264d0a78d37608b5783102554b809c08369f33b5fa70d4db8e0,343,worthless
date_of_birth,2002-**-**,a46f854f16a534e0aa4741d0a0e0bc9805481042cab05ef3def538b9397e30e3,344,worthless
date_of_birth,2002-**-**,5e1eac43e6dad749d3d9b8d75333db1991298634374c8ea9fbf6079ccfb9107d,337,worthless
date_of_birth,2002-**-**,f1481ec00c1b3e829ea4dae429845686d2516d67291398a2219a2c10f2477aaa,355,worthless
date_of_birth,2002-**-**,863faa09546b4bc962224b32252721fce03bc919a06e6e0ae5e1091874d72e19,348,worthless
date_of_birth,2002-**-**,72288dace1721bf987c28bf83f2eb1e01724ec08b8d04feb77d0c771772d28fd,347,worthless
date_of_birth,2002-**-**,0a500f4fd759c58fbc7bdc57e6fd88236a51b97fa29675892f373c891defc2be,360,worthless
date_of_birth,2002-**-**,50b83e595db55d8a9e509f0173889de43b111e00b22235a9a09c67f68c84b5d9,346,worthless
date_of_birth,2002-**-**,48175ec5db9006e890ee461ffe7a53f19e97551d7f752404716c7e49e3ac3cb7,348,worthless
date_of_birth,2002-**-**,3c12b3fee1094d1b53a6ad25f28fb1891173af45bad1679f81b0cf95f8bd8edc,342,worthless
date_of_birth,2024-**-**,e2f63af5bdcb5694098ea490d11c191fe261b93de3f459e8c898bfbff41fe95e,252,worthless
device_id,KIO…-1,1d50e4f30531ec345a725e514a0c6dd06ce80e02fcbf49285f7aba8b73498378,40000,worthless
email,b***@e***.example,5fd77c4efc03ce5153d838448587a539c15441da66ab5700c51fb9732a1ce84c,900,worthless
email,q***@s***.test,70440e8309e62157bca3bfdcc6f143dc406d0ff0565060fbb3efd42607b51c8d,1500,worthless
first_name,"""qu…a""",f5d424a2d47f8862d5c7bcaf24a7f2eeb36f7f3f40c99976db715596e1a864b2,141,worthless
first_name,b***,496d87ee4f9116a3c64620549ea161742fc0c268b2df3c7724e78f6b9a8cdfc6,220,worthless
first_name,b***,705dffa0decdc8eb8394a62eb04f5f1c5b6e69bedd18b75ff45ed8e8592f0df4,230,worthless
first_name,b***,e5af8569f2ac6e204d5c23d88523808844d43a5ba64e99cc5bc3fce9a72308db,190,worthless
first_name,b***,ef895aa03ec5d5d916bdb9dc133bb1dd3ffa3ae4cbb403f93e426243ee3394c9,219,worthless
first_name,b***,a04e2d85b48f33b3f4925c28ede5824337012f2947f0c004dbfb2a336d0725dd,209,worthless
first_name,b***,0f824a7c1fb2af7ab70412a5cb478bdcf96f334ab214e49dd786dfc3d5f7520b,208,worthless
first_name,b***,c9b1de9c4d4716a87ba59a0d4f0e9e4867c79dc974e9f2a63c4e8944704026e6,221,worthless
first_name,b***,82918a61968577eb9bac74020df1fa7e8ba80f7587e534b6c5bfec3a4986affa,225,worthless
first_name,b***,59d294eef5853d14d0c32af3fa202cfaa1d5c65ebd3dcf13df52df06d74c1811,215,worthless
first_name,b***,502d3f605563d43e5ea3c3de4f8b031cf3d5dc1992618acabf9c3bf6968fa7b2,254,worthless
first_name,b***,c6ae15625262957a4976970a5f53ac3480ec923dbd83dea0785b28cecee1b5d4,226,worthless
first_name,b***,7753ba997a7c7c891f8c99409b3d53aecc3deef2d833930b3478f8600fdba5d1,200,worthless
first_name,b***,c280136773d527d1dd5353409b83730d270eed01efacbe436c49f2c09e51f385,229,worthless
first_name,b***,014709b9fdc4c1394d0af4902f834956734cefe22cce9c132ddeac5b4f9bf6ad,191,worthless
first_name,b***,56e402fbf18332f9c207979513568835f53049a15708bb6ed1a79a847bffb6b9,229,worthless
first_name,b***,3ea5613c1dfd3a29a7dfec3fefbd4e7582870a0a8181e5287e87d7a4e725379b,195,worthless
first_name,b***,3734a8722f1fc66f4c94e77a23f24ce284f187707e655ac87dd4ffdc660d27da,204,worthless
first_name,b***,3dfd5485b2f896737607996c71069e269e1c19bf2ea60b50f3cec26066f9f677,229,worthless
first_name,b***,5e9fe060fdaa8bcba27591c6ff98f63fd032443d8e29f13e89fd780b025d4160,203,worthless
first_name,b***,f6ea991e1059e2bc7f42de3a3d82fb8539f4ed8c8b9842fbeac70b174a84dee9,222,worthless
first_name,b***,1582f616f73fb7df7cd937de58142ed8fdcf61f45bc86b46eed72f12569e45e7,217,worthless
first_name,b***,7e76b50d8b9274ba318082b20df7004b8f455c5db307d398518721deb5797430,199,worthless
first_name,b***,1b48d89c9cd9b1babac1273702551bfaa22ef9e7618340151048887292dca904,236,worthless
first_name,b***,96ab33396c1908b115191c39562820ded46fb5ae9e255c65f90d664ed06d6760,246,worthless
first_name,b***,d5e02bd734ffd96b07eaf7c1c9e52dd015611f349d7bf718f8d01e6f289f581e,210,worthless
first_name,b***,8ec02596b1953c07a7e8c9dea0f25c7649f85d096597789760e3a775d3d604fb,208,worthless
first_name,b***,59f6e2c0ec5b5d5a0f97d20668fa0a19303734e66add5f15057cce50705d48fc,225,worthless
first_name,b***,a6991a53b745f511dd95da3e2dddbee36adbc873fb7072ff29a0839a3eb85b49,218,worthless
first_name,b***,22478cd4f50139d8bee972a075f7db29ee695199ec478b694471ff5cec66a20a,207,worthless
first_name,b***,601876255659f67febbfb71a57e96b05b322e096fc70c68e29820a118a271d9c,243,worthless
first_name,b***,472ed9477e6e63932ea9c44c4004f5aed12f38648a1ad04586e04e9e6fa7edf6,218,worthless
first_name,b***,132968ebf2dc06498287e37f2eb96cbf9aa224c682e8eaf2c141e249a406edea,200,worthless
first_name,b***,e0dd4a4ad29366388f802cfdcb87360ddd9909bd74873cc7db8a8554ff608a6b,221,worthless
first_name,b***,df0020e309eb4fee55211e3441242301067a7f45ede1e241d06cb0c2a53f8dcf,208,worthless
first_name,b***,1acbbfbbc555ef82e1a17d38db12e3964959e06bf0c65a2e7c28a91945d8647f,239,worthless
first_name,b***,c05b66c0782a741ee90a0d28766b289f94a7aa70dae927ba74774c1934d5a7cf,253,worthless
first_name,b***,d5711088187b7dfa6ecbab7b9b617cf7f881af2d4860dd5f8151dba9f951d4f4,225,worthless
first_name,b***,9cd2d4e9208ee1d2ec3ef3033ea5ff25b8a049bd020b197d9989ac91db8b97ad,233,worthless
first_name,b***,11e752946b96bf2eb539fb3fdbfa9c225ddafe06e87080994e0f161e7b53bcc9,196,worthless
first_name,b***,eeaca4448a3be3b469b90d8b84f0c8eea953186edfd81810c6e20af07a64ecb7,243,worthless
first_name,b***,f4773f2c5c964def43f7fda7ad738e7c0fda1bea82d8d5d83d9e4761ed31b33e,224,worthless
first_name,b***,3f74a38270d905aa2fbf28bdd258158401f5d894f3b06d19bc6d631b46776ad0,215,worthless
first_name,b***,8eefbaf16bb1e37e331667fe1e1d042c71299971eb387e9da7bb3945f89708e9,177,worthless
first_name,b***,dff613334220b3536301b3c359af5fabf5c9f9dd2ff0dfcae83331aabe1cb45a,217,worthless
first_name,b***,03c110c9ba3554e0c2df3c7352c4f1869547f521fd0b78e22e8edb705fb75e12,214,worthless
first_name,b***,17d55630aa142e7e63630786ec119021305e52257af4ed64cd0490ac82f6b710,229,worthless
first_name,b***,3e86c29d9b451744e9ec23c5120458deaaa5543a1982164a3bc995b2aa2d581e,223,worthless
first_name,b***,a7fc1215f433efdb5fbf0d556fc995e45a2f5e998114c5160ec06a50a18dd2d8,223,worthless
first_name,b***,bd09afdaf60659584cb6138aa5957d90bfd8799de29eaed6ef971aaf94c30181,248,worthless
first_name,b***,6f65cb33b2f990181de9a4bdb1f8958aab6210387e4469c3a4f1330bd7f8c3ea,207,worthless
first_name,b***,e1774f93ac741e31229791fc819f058caf4639d28b4cc35d4b575d9fd3b6cf60,232,worthless
first_name,b***,b5cb3fca8b59655cc42346ca56eeeca05d129bfa05beb4983209c80eb2882401,222,worthless
first_name,b***,2bc732c0c94edd68f100aab9eabcee986a6ea47f176a6db856a2adb191054063,216,worthless
first_name,b***,3e6dfd193d334af954b54fcd2640d9c1568da1a7679680dd96d648477c959907,185,worthless
first_name,b***,62b03d8916761200492fa674984d058cadbe3b9c7dcdb19c6a8564123ecd0619,231,worthless
first_name,b***,b87fc58ec704cebeaee8d22d50ab32c074402e6b233a38317260fd94b4dcf985,217,worthless
first_name,b***,625ad2fcce3531a4492bf830f043ef2c757f129c60d6f57ce72a9cb54874ee05,215,worthless
first_name,b***,c1d0b2c93225928844317b4c2c30b4879e60413158ebf008c0faac1b6f11230e,218,worthless
first_name,b***,697b62c4dfd96b3adddb8f7ead4f30a5a81d0aa797e2deba9563afc4ff0a2ffe,236,worthless
first_name,b***,c211cf2bae242d0b603b54b4eff52416cb817dcbd09f4a88467a98d52d6da942,213,worthless
first_name,c***,e27115b27a7d9fae2f64b02d7501f90e02230346cc850f751f7c92ec92f72e58,210,worthless
first_name,c***,a3470b866f27c9f46a444d319db717beff339c1b089a9cb7790ddb9cba7c9822,202,worthless
first_name,c***,f61fc8ef56b246d78716db4a9979a14fc8b4bea447e9abb12893359ba919d280,222,worthless
first_name,c***,9b47d9e7ef977ba67c2991a70a6403a1866235e4405de8ae98e8df5e35ff8117,219,worthless
first_name,c***,6093e0a08bce01772d79ded4d6f32fd4d4725b28f8a5f2aef4a9bbe3f423d014,220,worthless
first_name,c***,a47981c7460b050581d3ee2f18e7dcfc61313f3c13ac57be32a533b445214057,222,worthless
first_name,c***,042689d1ac75fda5bb0cd647f9bd506a8d0ceeb0dc12183b7919261c54f1ebe3,217,worthless
first_name,c***,3747867f90fea8ad05b117072c70a4f0df550ed40aaf55ca65d8c0cdc7354be2,208,worthless
first_name,c***,d76f1ce4d9ee64f797a64584f87fdd9f248114b3f5f7514afed492693f6ecf3e,212,worthless
first_name,c***,1a928b387dcf8376e7e708069ee95159467728d2765599e6c9282fabc227672b,207,worthless
first_name,c***,785cf0297564cb41708b423bbb6235c02b5a5e1f7237af12b64a8d46fae5159d,207,worthless
first_name,c***,7e766c2f6cd366f070c1832f4d6fe438e576d417e2f8e9292eeea7fefa935662,239,worthless
first_name,c***,dcc770e31ee789fb4da4be0ddcc0a5022bf7656558f8b5702f42576f8e555670,217,worthless
first_name,c***,1dfdbfef2dd7279b90fa5adc46a017e73f58eac2740ff31f6bfd8eff5b56d1c4,215,worthless
first_name,c***,ded44a84a24601064dc92c818cd7c9a3cafb925c26baf5bdf4efdd4b62c02051,228,worthless
first_name,c***,0e8c1a2ab055633d561ed0d73939be7e1f8bbf842aff02329d91348a62289d72,207,worthless
first_name,c***,45c28bb3c1747d5bd2b891a0bec6f47fca65fb7e8ee57bd4ff7f928f5bcec446,184,worthless
first_name,c***,7ab103d8fb65e77a25188434e218b75e7b81d276fc9be338ddf3f3908341dd65,213,worthless
first_name,c***,dc8152c0f107e3f821959d474f23f94a63dbfe4c8e98e27612af2364e7cf6688,186,worthless
first_name,c***,327101a5eb160982bfacaf88d87ba51c2cfadec89cb089d96168ca240e603a5f,236,worthless
first_name,c***,e2aaeaef377f0aaf136df81c84a9f44f180a5c25ac75e90f3c3b6131cbdf224a,212,worthless
first_name,c***,8ceadeb0ac14907293364bc5c80a4ea2d3851c182ae32c979494ff8e5d4cf52b,212,worthless
first_name,c***,87a3f855dcc8565abfb61bde8e5362f0119e8913623eb2d2be1cb30e4e2bd6f6,222,worthless
first_name,c***,15d061397c028f2a586023b2b68af363629debfcabe53618f849251df3ee8ee1,212,worthless
first_name,c***,a86ec7fce652199e1ea96edcf0431d627a2c13db67b6b4b573db93645ded4b2a,209,worthless
first_name,c***,8aae67421cd259f432c43f42e8f66de2f6de7d7ebee0eaa5be227bcdbbdb906b,230,worthless
first_name,c***,d03491828bf3a241317bebe72e86fd0c145c55ba248b8def11525b837a46d4f2,216,worthless
first_name,c***,929eddee2952a3bf30245c9fe015986b7579f3a7278821ec3cb146e413af9c2c,212,worthless
first_name,c***,5ff82707f77183b389760ea1f2b686b44e73dafe4781eef7c93e282f65f480d5,215,worthless
first_name,c***,1ef72dca3b5f5ea0282f7f0014eceeed8876c0b8b2d16a87b529433dc657c1f7,227,worthless
first_name,c***,f81fd56184e2eb411163181d40f53ccc17dd5ff4ebbeb05ee1cdb88cfcb8baf2,200,worthless
first_name,c***,6cf77e12bf8a425901e5a56a36530800a57ff6c7d0c7d70e7cd029e3e736260c,247,worthless
first_name,c***,616378d0bb774e1e1c7b737b72d9b4f287b62b1b24b6e7c8b4cda75fa06bec64,214,worthless
first_name,c***,f9ef37f83efe18997ac256d257e6110f96f961c4343b9ab34ed94048ad8ee326,217,worthless
first_name,c***,53ddd1dae7bf5ea1d1be93d699b706dbd44bc5b390f8ebb85bd056ee4ca6cc03,207,worthless
first_name,c***,ee67c500d3eaa7207edf214ce89ad66c2e03a4e90792ab2ad324794bfa1eb5ae,211,worthless
first_name,c***,534dc47d784d213146ab940d2928074dc08f671c41afe49e02de5f272417b4ad,203,worthless
first_name,c***,a5241e6ccbe50bbdd175b2acf40992abd3cbcab5ea0dd66cb31cc6e6f7b4f1e9,212,worthless
first_name,c***,47e25dd2b464667b01927a21d6f0d55bd82ee0b3f96d9dbaa2ee7addc53c1612,186,worthless
first_name,c***,5e2e339b4fdd5fede4101fe5fb7160a666d82800abc459d7b8f2af8999fa365e,217,worthless
first_name,c***,55fd9dfa2ff697389669dd5ca3646ef4df8c719808fde77564108f6cb625c7fb,191,worthless
first_name,c***,3d2669dbbf8b6373cec028328b4a9ca979155ab6f63f4b00f1dafd4ad12a581e,189,worthless
first_name,c***,67dd6031f49e14703bbb454b8cd07f4d4a62791064ddcc00d5cd49665ec32147,250,worthless
first_name,c***,dd8cc114490a767b5b9b2217ddf0f9e7caf80c48d1c5985f50f6d4754c775138,205,worthless
first_name,c***,65067d88eabf1989e90e64e0bf741e96ea1b62df6edc8292fdb8ebc4b3160788,210,worthless
first_name,c***,fb72d76e67674872b824df5ac6ca8933e72865ebd1bbcf15a5041cae33ef88ef,186,worthless
first_name,c***,98f1c483b59709c4c1135428c4e103a6b8f35c84ac4bc3bc766efe7a4eaee9f8,234,worthless
first_name,c***,129acadbbe059afc0bacd061ee03c08d2c7714ac0113a4faffcdb088f0069d5c,206,worthless
first_name,c***,8730bcb8d13b0a4c32e94cb0b638ec45f11daeb22b3d16a556012fc3ba21cbc6,204,worthless
first_name,c***,27624955b7c755d22d1e86bec5abe98dc28300b29fb8c105029d219f025c85b6,212,worthless
first_name,c***,1b0e4cf73276625027182c693ce5ce28516d62b1d8a7537921157600abf3bc85,225,worthless
first_name,c***,c13c1689cc17d1e21bd78513595fdbeb1e80b260a5196c78ac2b8c076d5da3b7,200,worthless
first_name,c***,6b0b841d2679aa58dd127ef49b7ecc87e92689810a1f08cc3e1c2375cd747383,232,worthless
first_name,c***,2fb4e601a109702d0e51709e3ef953610cbe908faf686ef7efd71e76a17ac030,222,worthless
first_name,c***,68ae92560f1d20312773cc78fc97c0e3d611b15a7eb033f99018a5bf80103e2c,207,worthless
first_name,c***,fe2bca72b855a6c89278418ab241501b0acf7fa2d90cf7735074df099d2cfe13,223,worthless
first_name,c***,d4d3170845657fb8f19a11c78f232d5907ebd7d04c3d29709d690f13fc1f2482,221,worthless
first_name,c***,216480a1cce4e1bcf5a2dbf2bcce1b8f6bccd95fd89484a4db2446f408c89073,219,worthless
first_name,c***,0b62e380494d5075ef9245da9340e747ed98225ad99802b852aa3983718ac262,232,worthless
first_name,c***,8214e9888c86201a9e977f60a74ce67a2812d2e13156687afba3f86d21eb6598,201,worthless
first_name,d***,bd3bb7e6d33ec7e22585d76bd810bee692e5ad06c4aa4c2cc751cb45a793cec1,186,worthless
first_name,d***,d073f74ae3e75c0cb61003dd2890b7ff99451071fe4ee86aea277ecc10426e98,216,worthless
first_name,d***,a5a3d12991ddad779ef122479dd1b7d3be363e0c32e8599bdb4bb022f60c6508,222,worthless
first_name,d***,b0762d9ed849c62ad1942b2c90bb4ed2f0fe121fd800c151d3a473fc988549b7,188,worthless
first_name,d***,a0a47761a57c978353e09c36ae247f3cb613a6078f696e6861182d09af29c28c,204,worthless
first_name,d***,52d2c82959568dc05ed39662a035575bf20f4a114ab4ce3cb487f7d7971221d0,235,worthless
first_name,d***,981a5426044ed41670a7ebebc180e2914128d5967f484bf5e170cdaa86f5860f,205,worthless
first_name,d***,5b2617e068e09ad855dca19e1decd086f4e615d26e42722483ff23d1795ef52e,197,worthless
first_name,d***,d0fc9fa0d9a41657407ef110b0888eb358640419c7266c24874a767883729137,257,worthless
first_name,d***,4f703ff81046b14cb0d817a1912a6b9074312568149cffa916ac618460723163,182,worthless
first_name,d***,35d0f55981d23f2e807e3cb025df0278fa9ecc82aea27594a4265098d1dcad28,211,worthless
first_name,d***,e192d740477e03924a53ad51102c5271986f5337f59efff60187d60ff6a4b402,244,worthless
first_name,d***,40fff0057761f74a8ef2b7a6732e6f379e44440a350d491df04d749ca7def53a,212,worthless
first_name,d***,2948fa31811e37188654093a5bcd36724c93c6f61ec06b6112b336eb18200577,212,worthless
first_name,d***,4572681a532e8030243c03dc2ef2427bfcc5af3993d0944f57b1099ddfcab8a5,245,worthless
first_name,d***,dd1c7fdc5d7810a1dad1c5b3677da1f92f37386450b82f082c510c1cc48064a0,200,worthless
first_name,d***,35c54e1c9f40ef70b4b9c28980836566c2e6502d23c7fd88788cfeab61a22f31,214,worthless
first_name,d***,ea615e462b6a373cbec505b77dfc08fa17c8278576b29414ba376b71fc589b34,230,worthless
first_name,d***,e5dd718f22d42f89ce7b7040aae8919fecd34867225e16fa57b3778d20db6592,182,worthless
first_name,d***,17ef0bc362de61d4d1ae48bf5b755e7d0b98e280b67c8df79aaa22d1bb61f096,240,worthless
first_name,d***,1ddb62c3b850f4076cf24734663f446cf22255549946280265851e125f4a83d6,213,worthless
first_name,d***,9023e0998f918df6e8f260e09eef0924418884dc391fc9441d0ac47de9dd3d05,188,worthless
first_name,d***,4ec22aabe91bbc407b3f10713d87e5695317ab61417b2b528f8dcd2187077d72,218,worthless
first_name,d***,57565d74def54e624ebda502368ee67209f6f95ca6fc6beda4a03218ec0d2849,214,worthless
first_name,d***,ff160fb3613b2def5fcfee5051795172992696dea8d847deb0553abd4cfec3f5,197,worthless
first_name,d***,ae4787040696adec885b0ccfa56f6f45b6b99fd33dee6ecaa8387963628daa89,215,worthless
first_name,d***,83b8bca532f5304ff34618dab8b99178c2f33f7b87a0ecc46fd5e3d49f0add5b,209,worthless
first_name,d***,06d8abfd4351d4d82a43ae64d608a40e114e3f5b64b707e8e37334532a8f9248,233,worthless
first_name,d***,87cfa575313ad32b1553cefe55bef554a27f95328bf4d41ac741da17e7a7c2ee,227,worthless
first_name,d***,9ad2bf08f1f5337d50e15d31edf40828457c7c92bd3eb7ca584a9cc35445297d,217,worthless
first_name,f***,3d50df5c47c5beceda164751dba0c5d1f58822c5422f40baf9747d77cad151d1,217,worthless
first_name,f***,734c42f0649c5e677dc3a690ea6848ef0b4bb18bde0d1d91c8c5e87bf38c790d,213,worthless
first_name,f***,0e85ec6f4509a3347c32061c631eb1fac8b5f45b8e659ecbdb4f470e3717a480,210,worthless
first_name,f***,ee17bd8895087a2a40a578f1df8a73f5952db88653ebfb57c9c02018621bf330,214,worthless
first_name,f***,73be6be9f4aea7b3858e9313ef87334755a2f9160383e2f26c96fce9ff36d1b3,222,worthless
first_name,f***,f4e2e1b536d567ce6dd4ea0e6e8bc447dd18b290fe4263cf5a5124f5d06d20ee,219,worthless
first_name,f***,4b2405fdf6fb08b68191e198e7f276323916fd4b7b6d0ea8f2e3722eeffcf432,227,worthless
first_name,f***,709f72b4b9f243b401cc391e059715c1ed79a31907f86465178feb9397c84db5,226,worthless
first_name,f***,173246c563ab0aac370f71109f7dd5bb904a2ff635acfebe7ac6ac6004babd05,211,worthless
first_name,f***,fb923f035f87d7063460eb5bc84ec96dc6dc9cb95db2dc52f1e5baef5bffad4d,201,worthless
first_name,f***,5719e936a5f21453484d11f0978fc37e625c1e6bd6a06e9a0623b77c0605808f,227,worthless
first_name,f***,b2c032b4b3617bcac651fa140e66f18a62f6bfda1a0af24adb4fef296606563f,214,worthless
first_name,f***,96841decce6f2b6862c6d40f3f7a692b35f7c8021e583544bb5434e87d8ca388,193,worthless
first_name,f***,6c245e7b7ba383ef49c99a2c76116e2c3d8b5d1bf7b68b2fdc59ea5bcd80c7bd,217,worthless
first_name,f***,a49c5473dae17c0642e6e51a5be5d21d2f6ba7d45db95a2c64f8f4261590907c,244,worthless
first_name,f***,e0550dcce3b0e1c71346d335625321f54b6864abeeaf41b65ccf332852d837a0,201,worthless
first_name,f***,a4ab9c581a702f2df9883f2825036db12949555befa841126efa3a3be3899e56,257,worthless
first_name,f***,5031600732ed3f067bd0b51bd1557df3cf5186f1466b96bdab2eca8924b5918c,203,worthless
first_name,f***,bf675e5fbc8879f373f6dad315df485924cf3f0ae8c3decaefaa25381e6a003f,221,worthless
first_name,f***,a4e47b771599301faa08919ed0e4948167044d8e8ffd6a88f793ab861a9622af,203,worthless
first_name,f***,d5a48af7e3c12912139a5cc23b79b80edba36a0024cb2edba02b574ae7e48da4,251,worthless
first_name,f***,60f5493a0b042c01365c4662ff46652ee3f304552f8ea2af499326110d0a7efe,230,worthless
first_name,f***,608fe90d89eb8e9313f75dd18de8bd2ff1145608efdf18078a4b7421950e2032,229,worthless
first_name,f***,b29de16a8ae70b729994af82c354b2954f1f677576360049ee97d0587e93f8b8,214,worthless
first_name,f***,4acb0f5b973712fe3cd832aba8141c6bd70e8b2f189fa8588c638ffde30312e5,212,worthless
first_name,f***,f58451cc840a0d3e7aea55c8d0ecdea3f10d6ad44af3275c59fa6a5c2a7db500,204,worthless
first_name,f***,1a0af38b719ab245ef97b65c3e2ebc67c3a1e8f0baf7eca618b0a12290e068f2,192,worthless
first_name,f***,8af5b3e201e1f3dac67bc83dd46269a6d9f85f59368bdaab87098141936ca9ac,209,worthless
first_name,f***,f9693154d48dd2f2e1f00db8991d4e9f9c67c38ebef6d8cd24cb71288b9d5c1f,200,worthless
first_name,f***,b3a48681eb6a9fe6cfc4dcff23d3155c4c9b7148bab4e90ed63b55324314bc57,200,worthless
first_name,g***,c088b46d9f931af7a5779b4fdaeec8e92a005581cfb23d0871e64847754c298c,233,worthless
first_name,g***,5cf55b774b83f3122d28b22a0c790990f485f2d4822dc02bac70b98646423b0e,266,worthless
first_name,g***,acf15656b505d9031cb9b4ab715e1a7c7074991cfc5cadcdc3dc236c5ed599f0,203,worthless
first_name,g***,001a11194b82525fc30183d93b5d68147e2ca88770ce8c972dee49a4c62eeaea,199,worthless
first_name,g***,3546896d8d141084d4732d37fb2fd2885adf8e9fe3296baa64756374f8f5c018,221,worthless
first_name,g***,95256031e6cdf0e6536c085905afebd8b70eccafb4e5c4b221c242fc83a26453,216,worthless
first_name,g***,12fe98cced32064dbedcd25ffb669273eb5db8b35225b4246627357ae3995e23,222,worthless
first_name,g***,52c556232921ecd8fb2ddeb500bced6b782158bf70eae425a140f588b2824ffe,220,worthless
first_name,g***,963a374aca51e9184a98e941146ea433e9b030007993b9259f7131a171558076,192,worthless
first_name,g***,d95135378df708bbff5100c7d3a2414995e6d464dc92553483e112b0b6a8289f,210,worthless
first_name,g***,4cbf87405a42cda162c1f1c446515bd499ea3c327a327f266bcef3077796986a,211,worthless
first_name,g***,ae7e14486c65724b5e63311774fb0da55e74408b500713d17bb7b2bf81644ce9,236,worthless
first_name,g***,4b7c2151ab8b0dcbc23add8677148e0ec3e6bbd5a52183182324a64707d8e3ad,208,worthless
first_name,g***,2cfedb57bbd608a55380154b5dd9fa1a005aee0fd6db8cad6d56d06c005ccad8,199,worthless
first_name,g***,0f4e8f1b4cae46c8565e3c04142fc438e349c3589790bcab44655e781cc23921,237,worthless
first_name,g***,4aaa1cbb00f6ceba480f1c704b5da9709281285288684e255452c4701e5b54f3,224,worthless
first_name,g***,b088b7e5ac6d805e67659da9ec3889a1722af51a534b8ed8f3c077f083b43797,218,worthless
first_name,g***,8d892684a56ce7fc09b86155dae9b481d020c700e45a6aa36720db185027dd12,227,worthless
first_name,g***,5de7d95d50254799a87d0aa31c1ade2028985d3bd32a5de7f1d4fa1759fbef66,209,worthless
first_name,g***,4fc8182a1a021860843f60c0110fed6eff4cef330a6ee9c9d9956828217ded8b,217,worthless
first_name,g***,c97e6ab660c19e7efe2bf3cdef4044fe80c2eb9ee90cd35052c2f133982efc94,230,worthless
first_name,g***,cbbf905c3097f65403b1d405072148d11a2657f5eff704a462f3591ff8fae02a,207,worthless
first_name,g***,61ab018094a70b32f609cedd5c9ed83bbe70b08e8e6803ecfc0da588abe20dff,219,worthless
first_name,g***,20f129924ca4e787e0125f3367bd69063d5ddc5c1f89cf0a395fdb54a398d637,180,worthless
first_name,g***,46dea96bf72169b0a30dc7ccc57835832c99c7a23b1d009cd89f6d3e650aec91,199,worthless
first_name,g***,412b55d1d24c38236415030b2e129550048edc3f93a8bc41de07233a57e240f7,202,worthless
first_name,g***,556bda2774c9595239bb746bc8481294f82c9f85c8c30a0aa177aafc14c5e223,207,worthless
first_name,g***,ffc88ce3ff38350bc983f263fef42fc585980c2f1bfff8b0f1b245ab98ecf521,244,worthless
first_name,g***,415c805809703667885665d4ee90a4e6e51749b600cbd26d9a78340110071e97,207,worthless
first_name,g***,0f01314721bc97f60b263bb27ee51dc8b675c71f6f40dd876892183aac28a892,211,worthless
first_name,hel…ार,2090a2a571dcad0d5d1953e50649c3067b68bc6e054ebdac096955e820c861aa,61,worthless
first_name,j***,813695ceae9f02a22a26a195a5bcc9edc1c5328d0a8e6e1d11db839670d492bc,214,worthless
first_name,j***,e58d422c926643ce8509b5c02f754bd1c21a0b1e9587f907fae635342f36bd13,205,worthless
first_name,j***,31f7a248e853a5cd2929175707e48c05a78f07af74eed63d6272102eeb83198f,207,worthless
first_name,j***,1156e7000022fd6ac3564b6d357790cdaceb60d65ed1c819a759fbd4d466a443,201,worthless
first_name,j***,6c5865392a189969daba15c15bf8cd7faa9dc55c3c20d457362d02dc4abd4ffc,242,worthless
first_name,j***,87ffdf5dd08054093eec5d8e982b29d043fcfc3647dd26113b73b3ea5d5d399e,234,worthless
first_name,j***,7273f27059091596d86a323580a954563774aeeab7839c4e1c8e14baa372aa59,193,worthless
first_name,j***,d2ab1e46b7d8e35099de09781bc978afc48273ab4ad96e0927eee8b81aa9ca71,183,worthless
first_name,j***,2b485a1fae6cf7f07fd55dc4da488755e2bf3b2908f062728487398f6d375e8b,223,worthless
first_name,j***,a01d53090fd9774fca00aa4297ad405cc9f35f6a8f850cdec03aaf85c9c4889c,216,worthless
first_name,j***,0c8908e88e7511899dc8de7dc2b602501930ec1fb1df667d1c84ca78d78a2796,212,worthless
first_name,j***,cb69d1924ab607e57431543db63596a49a9e088168a6a1fa5839ec93c37f6428,209,worthless
first_name,j***,77b047d68d464e5c9db5ec08a45e48b3718af2614b3129ba4f6b375f56abc32f,222,worthless
first_name,j***,0548c90b5902972354ef73a6d67e8d4dd348912aae3dbf42f788695b69011e16,245,worthless
first_name,j***,a7465642e84c18a957a4d95c96e306429537cccb05a66afefe657e8887d1713d,218,worthless
first_name,j***,07cc5c05e4bbb22681dae025dc60bfaac04d6e4d5f66b764ce1c790986aa1abc,216,worthless
first_name,j***,6bab8b41e4f79fd645405bdfdebb1157a60c1413b681fbcbc35c137a3b5e8726,191,worthless
first_name,j***,eb557cbd5f28341f14dec444bc5ab5029a60e70e378c6e3e1188f0f95a41004a,183,worthless
first_name,j***,ec5dcf811d39b1e9557dab0e42bf6113a0e95cc72e596066a5c2b301a4689298,206,worthless
first_name,j***,425114ae1fa828d8a38771279cf923007f6ff41d2f5455cf5285cc22cf7fe9eb,201,worthless
first_name,j***,2c0254f87ae24ee921ab5e22ed577a97cf3d52af6937e38db2fda5b7b9ffc78e,244,worthless
first_name,j***,314bf1474f97dd2c37475c685d0ad64b4338c361fbec5ea47cf75faaeb1d5e21,217,worthless
first_name,j***,74aab49752e0805e7898381233e2ffeceb070e0054d51de53a73c2acbc0cdf53,211,worthless
first_name,j***,6d84d431e64642f7dde9831d8123c2e5b702412e896b885c2a0bf9a4a85400ff,235,worthless
first_name,j***,47288149df90e16d8142964e028be9e55360b1a79caf7faa39887d6938559d64,199,worthless
first_name,j***,4e09241bb6a035d551c37df6346638402ea627528396f374b7d3e7087e15aa97,214,worthless
first_name,j***,543d3e404f1bf12f2af16ff26416a7f3336266435b928aa68e6745b56a27abfd,235,worthless
first_name,j***,d1732cc0f8974d3ad27af67cbfff944804d50bcbed1f9ff8244b3dddf2afbcc2,225,worthless
first_name,j***,a84e2e922788aebcce6b703e179960d009e9b648e05d3c9ae82ab70090c5f791,199,worthless
first_name,j***,fde0d019e5945061b35fbc75a81d4ef839913d377d1711c7fcbbc14a5761e515,208,worthless
first_name,k***,b88c67960e1e01bfc724dfcefdd898b04dba2ac4b1effc65873fcefbdd8af423,221,worthless
first_name,k***,5c7d1d46da33559502cc38af6015edfe1ef28e074fe6e98d17ff338a4142a69f,180,worthless
first_name,k***,38befef0ad1d8ac8544cf0cf2a1140dc1597291ad73fc08622933cb1700e0b5c,194,worthless
first_name,k***,78703884cb4a5d4f6522887e2d22d36c1a485417eca07b54ddc63da817009121,184,worthless
first_name,k***,7d1b6fa7662968103eb4c48964831e1befe223047130bf1d7834f734cb66a6ce,228,worthless
first_name,k***,4527be06be6a64661e4479337d36b58ccc31884a55a0be0aa730b51c9ffd7145,274,worthless
first_name,k***,55011d0a5285a8fd3a6fc944b9a339656a99d09b2a96d0b16f4042c96699b4d8,204,worthless
first_name,k***,4ed31792100d598b723df9e7fa8492b3251849088b657644f66baa0be3860f46,196,worthless
first_name,k***,01ececa33079f8f34a0619eb5451112b213bd654db886851f6adf2f2393e4f55,203,worthless
first_name,k***,7f32bfd010ccaa51d88617bc7e7240e88899b4d05d64a256bf37ef242c36b88f,195,worthless
first_name,k***,259fb127289c194f51f9726a051962991402b3f2d0c6b00f48d9de47c9ac0a34,197,worthless
first_name,k***,0d29fa320b0514a14aa0e4419bc63de750d014bbed5b5ab30ad1f334260ff752,205,worthless
first_name,k***,b8382a7601282a5676f4f33eae23bb8cea64bdf6de84099fde743131adaa880a,193,worthless
first_name,k***,9bdb0ab187dc00d809ad000030085911af1ac098a5ac974022d9ee9e0342cf67,214,worthless
first_name,k***,54b4983845ea706f42a643eb002b831e0c61eabd6c52e8c207ff71fcf4bb0d10,207,worthless
first_name,k***,5516975a1fd649c96f19cf97a440574e3496c043f26ab16fb459852345459e59,207,worthless
first_name,k***,d2ab03f07600e7d83821525e23bc93f7d534f0222191f93350efa602ed566643,206,worthless
first_name,k***,cc551cda5b5f4d4ebb501e3b60a63c3e2f8259039f8815acd5cca540742d289b,183,worthless
first_name,k***,bd59f50cf44f79fc97f249b87c328d83afaa149e55d7682d42f8dc639c7fda68,203,worthless
first_name,k***,4393dc2296bb756016c06e367026b3717609c99b4843fa4ec4a8fb9027825f75,199,worthless
first_name,k***,ef8dcb49ee082a3359db585c1a0b0a9d2f7bc40d37b67e5064df8ed4e43f9513,228,worthless
first_name,k***,e034077fd3d1f9f49f04d2d45b4a395800b6b5d9dd41a25a0aa229bfec1d5524,252,worthless
first_name,k***,e12bee00d6748cd55fd1b1c3c8a41d607e1082365ef349d8814365d3891b2366,211,worthless
first_name,k***,8fa26cc70e121d63ab37e11118b65c57a63bb36f1c4b455c1fc6417d1def0935,214,worthless
first_name,k***,6d79b5312cc54b04657c0d1abdeb892670096d7c98d5190a8b1cd1f3acad7569,225,worthless
first_name,k***,466870c1be83328fd0f538f483de31da9cd4a7a346fd3414986e0c255d7b8ee4,196,worthless
first_name,k***,d23ce9048ad0c359f278b871196c705ea473ace13c08bdd8d4ce684005dbfa97,248,worthless
first_name,k***,9f426dd0dc2999e1cd894661ebfb68d3c9b889c25d80183fc32b2dc7206eff00,235,worthless
first_name,k***,3b2066960376e4b6fc40b7fc85bd535c89b6f3b9041a5ad908e37cf1b8e25b4a,183,worthless
first_name,k***,9cd24b5824034108d12a3d614c2694516d92572564305c13b8043158398e9e33,197,worthless
first_name,l***,77974e1348d7e7ded2e83a5acc24f80b490ae663a12bc3662b6e0db6fe41b991,180,worthless
first_name,l***,41d0b4a155be36a04864b3d3d6f62dcd64c6d43f8c56a77d7c99ffe210881e9b,197,worthless
first_name,l***,fb58931b9d3b2c81fe67053902b34796ed3fca569c549fc10af5a54b5f37597b,225,worthless
first_name,l***,2fb6c672ccf5f937181ebc8fcff859c28217c617ba6675efc512ce7c198136ef,227,worthless
first_name,l***,60ba0a8f01b1184bcdcdfdd9fe2c4fbf28035bc3908b92b0fa94498a0b5b3e9a,188,worthless
first_name,l***,8ac590abb94a52ccaed6b9a169c5ce823c8c8e5ca7ab192f70ebd9b311a1354d,215,worthless
first_name,l***,35483934a7d7d6b21ea40d2bb175c50f798efe6995e4e0dd6fa88765417355ca,194,worthless
first_name,l***,ded94bd25572106c620143d7e2de3aebe25b10e8b22de86a99cf0fe8e588d846,216,worthless
first_name,l***,3061a5dd6d6c18974387b1c39b0981f8303d9023cf6f37e4696fdd62dc63ddf4,225,worthless
first_name,l***,bc9f08c0fea18b6bcf77e4cf8a6f5913b658090f864a706f828c41f60d820641,211,worthless
first_name,l***,a667f787897a50a3f85eec2807aa653d9458babbd2ac7454fead40ceedcca3b4,224,worthless
first_name,l***,207b1f5ca0e3db3e12e2f5916f295109bbe31a6b4c619511674e8036b4f5c2fd,221,worthless
first_name,l***,6fc79cd9aeb2a62f1453081881c4b184777c7ba1008cff543d2cc123d28b9a7a,232,worthless
first_name,l***,a7da1acef1b14347cb4fbd0ca01082a29492e1385b5ef024a5ceace94f1143e1,209,worthless
first_name,l***,5c063577b23b025c06a6716df58bfef093ef71968d6eb01ecbc87decf36f1e79,189,worthless
first_name,l***,f29cf66987b0fea03684cf7297689f026a6ff6d91b79718c76d1287254a863a4,209,worthless
first_name,l***,0dc6007791d60df1580f1e3034918c0aca1b842fd4a6a1edc5163e5e8e6555b4,258,worthless
first_name,l***,56350fae20459f11fe095f140d5cdc417c1594abfdef58086f53faf87ea37e9c,212,worthless
first_name,l***,390bd4516dba7be3918d044e9bf1c65a7aeee05496e383b6ddd87c2c75c1fc5b,223,worthless
first_name,l***,309feb5c7dc595ad8ad1eba71b9c635e750dca43c06f23de466f972df5e6f92d,229,worthless
first_name,l***,6c30abff91445639d6b797b0d6a13b7c3aabdfbe38ec9fd7e1ec6ef4f80a184b,211,worthless
first_name,l***,c00ca40ac80ea5991d40c50b4b79145d132c9c5fbfa9325f63193394e02b6616,215,worthless
first_name,l***,d0a2af72321acf9c3f73a3456e1d7f6e405adb526a2cef50ac4960cf5dfc2b23,203,worthless
first_name,l***,27e17bb53e82db62abc3c884b76bd60cf9c2d6d1ad92e1bb580bb3f5d51b02de,226,worthless
first_name,l***,44683db82eadff2ba4b2779a68c74057ded0d9ecf05d7441d856099e12c36b9b,224,worthless
first_name,l***,aa675dae6bc0d9052effaafe885c5813b12b80f3459a817805ad660f43b94859,212,worthless
first_name,l***,5ded3347e04f13697a8951abb3b66106ec4f0e6a5897e634e7df182649f044ae,210,worthless
first_name,l***,c2df0b3653b952a80575ca0b64f209f647790982b9d4d7cd5c7593aefcce095b,222,worthless
first_name,l***,b748ee47dd397c9c70d12524790f58e441838f95dd59b7648d789655b9262907,226,worthless
first_name,l***,ba088a626c8496e6c263141cdce0d61f4447af0cc855f118b96bc49309d0f75d,222,worthless
first_name,loa…st,e7ef87ffe514f6bc341c0a76411c98dc572a7a8735a1caaaad74b3983db18fd4,533,worthless
first_name,l***,e0d5504a36fc9ece07a0235abe5b1098a1b316b64c17654a0a7f792a90e10ff0,216,worthless
first_name,l***,a0919d60ddee4cda8e911ebb96ce066bbd54e2b6537b1c8b3d35d11dc04001de,222,worthless
first_name,l***,ba534350d5b65617a3f3cf3869d94066879e9662decd79cee21d34283b4664bc,227,worthless
first_name,l***,382ab8f774a4899a8fbba31377c6271ca2f2ac6a6adc728c518a80536f0dc9ce,197,worthless
first_name,l***,d593382609fefd204a6133cb1ab4b5a759f6e93285d12d6ddf6cde965ca89d81,242,worthless
first_name,l***,016a064ab51883a21ecface906c3eb5375a04ed240824b7ae059c0187fcc20f9,211,worthless
first_name,l***,d591dd85e143c4d09d38f628c4adeca48defe5670117f9fb447b548c0a75b4fc,250,worthless
first_name,l***,654560cebeb9a03e16e74ec44c3cb1933927a803b563919dd7bdb60a47975543,226,worthless
first_name,l***,461b37dafb33f41d8ccd5d296c8c13bb408552eb1b1fba887afe042278bde8f1,197,worthless
first_name,l***,2ee4a480f203e5508efbaf01c6ed038c606323ad7761b0f42be1cb0e51830f1d,198,worthless
first_name,l***,212bae43ba2d500bd8c491a257a1449d251568f97a3ddcca16395fc176345a14,222,worthless
first_name,l***,36ee08feec9f4b962ba9dae9abbf2d829bde4499e885d7d5ae067d8bbfe7ac22,232,worthless
first_name,l***,121d6fb3333983ff8242b1aa040f1726c07e32932925b9b854d2296c916370dd,234,worthless
first_name,l***,a34c54d7bfbeca36aad16a838a378f47c2c7f95297f8ae1816ef51de1d7c50fa,215,worthless
first_name,l***,bc6557cde137c9fb440810b7d8904525c66dcfaf9652c0e03ac8234edcd35be7,257,worthless
first_name,l***,7c806b822f0f62fe75a06a37dd8f9037843b70e7f045e6c843cb3ec4785742f8,222,worthless
first_name,l***,3022c635fd2b059508628bafd5c324b3571ccf61eccc823d414cd927c0d389a0,211,worthless
first_name,l***,9894ccced5fbbd75372e123108fb28814247177cef99a2056c9118855aef1e41,234,worthless
first_name,l***,4e0a956099d914aca36471ef26ab35cdf14b34383741d58c4c42ae684d8ed7ee,227,worthless
first_name,l***,d461f39a0ece250b6fe7d2ede70148b49de750e5d82d4b1f65a195b78d1cd9e6,204,worthless
first_name,l***,12a3bdd34fd6f8dcbcea78b03d7704e3a6746e45ad9ed9243b602c7ffeb82cea,233,worthless
first_name,l***,5291a818959666a5da2477aff0cd8da746ee9b318962d69d9d7f07a2199821d3,186,worthless
first_name,l***,a116e27774e501afd63283d759f955842827133038be81e241d35520fb7e6d56,216,worthless
first_name,l***,778bc8e96cd23e44c96832fc74f7debf18b8124401a5f422ee7d1754c661fc58,219,worthless
first_name,l***,b34e5aed2208a4dec775d32a37c9c04e4eac860a8ffca68f626f9238d9652526,207,worthless
first_name,l***,fedef9b2d459991e1c33924641d9edb41910082e91826c6b5309dafd41a65f9e,215,worthless
first_name,l***,75178fba6b596bba5d6789673d7ec05810e0f1e53f67d8c63e264c9e72b65d59,229,worthless
first_name,l***,3a9824c60679e588f46b0f776857fe9bbf9c9d5c3ce06e566187be9a72692a9b,205,worthless
first_name,l***,e9a674df805d5f5255de6f1053b98d79eed21f83e3220a5fde7e528897042eb8,206,worthless
first_name,l***,ca28dc3eccd75f026f44004e61765ba4b052ee6a9519b8f79539bdf3ae372733,238,worthless
first_name,m***,0de65d23e3ffb3944c342faee433f31cf09cf6dddb740093f9971acd3119ce71,231,worthless
first_name,m***,ab2b4f973fe53f97be5bb3005c862e23566fc61f78c8cbd4724eb07d67fd34d4,223,worthless
first_name,m***,a9e15fffefe1b2853f7999ead6d85f7b2563d540d5ca24535cca397c21722ac9,228,worthless
first_name,m***,1074b650a1c92042fa137f0357060219810435898a2736f71f043a5fc7c0c3de,208,worthless
first_name,m***,3ef2672efa5a5bbda9e8e75a20352132336009a47cefe633ec1479fd5e648f85,223,worthless
first_name,m***,82a26c4d2dcbf6ed7aba3921dd2f54aaeb9987fd160f6d1bd094a869ab620c48,199,worthless
first_name,m***,f0d4a29e2457e81f0e1264e69e94b3fc0aaaffa3bf4bbdca981785ddd41bb13e,227,worthless
first_name,m***,6fd904adc26ad27d79bd08c361bf602ea54974d38d17fc627d58ad6de20cc681,214,worthless
first_name,m***,bc49a280e738ca0d8fc49cee55d49d3aa775de1d20a0f4be6e572bff2b083ff2,203,worthless
first_name,m***,f9bf67f019769d35e4e48d1f95ad6239b4675a6c4952a9560e798cb7ee4f56bc,231,worthless
first_name,m***,73b670fa8b59cfd80ab0daca274f55b3448ac87d60ce39706a3a706843f1361f,212,worthless
first_name,m***,1f2275dc1e2001913a96eccf196f2a4daa877148ca8c37df01af01f51b338be0,230,worthless
first_name,m***,bdf719914fec4f81ab801e3038179625c7d72a4e174cb18cb430ee50df1c442f,204,worthless
first_name,m***,89b1be5deafbd34bf0ef913e4ecc1c3fd4df81e1400f51e78f774e7d2ed8446d,209,worthless
first_name,m***,f2131a14cfbc79c9da569c8943112d9f53c8253c003b9cc9c04305a93f68f50c,200,worthless
first_name,m***,268f2b3f9f56d9bc371f37c6fcc9fc283bf73f1276534a70612cab6b1622bc72,235,worthless
first_name,m***,c3646a03a339cd3ea2ed63dedd14ebdecccbcba4295b51f36f084584d6e78396,231,worthless
first_name,m***,1929698b1ae4ba969e14eef264a3931ee30587a39fbe83365f33d98243c8bfaa,228,worthless
first_name,m***,c1b40ae08496d031974b9a583cfc72f4467b96a9c7c6b674e8a2debffef809d3,211,worthless
first_name,m***,36844c636407f47c504cce36de0746e5d11fe71ef3975490163c4360f1b14f00,230,worthless
first_name,m***,b79334e4162ccf0abcd3c933e347d6680c9448a6bf443cbf5582671d29b1e804,214,worthless
first_name,m***,a5ac9e58a607edd3d476e90947ebc85ee1f23f034836d82b7d56efb3ad7007c9,219,worthless
first_name,m***,f0e6a9e7f746e10ef369493c0945e759117023346555378be5d8c20b2bcbbb17,195,worthless
first_name,m***,0189f1624684c13ee62f1acc3518151d08337299aa53849cdc9f7b37b215dab9,213,worthless
first_name,m***,3ee13587bfbba8553e2169e85476cb29758a8050339f3fe79519627e87a3a292,234,worthless
first_name,m***,5ea3b53b1f20619c29982dc43e1a12b9fefc9bd71ff104fad0a25cea8217e146,190,worthless
first_name,m***,b5eb760e4ae251bcbe223cdfcd58511ad35505d95ffdaf5f5a5df3a36d725459,205,worthless
first_name,m***,0cc2913957133346c183b5ed6268f0c44cc839a6a7277c10e491a1dcdb3fa771,203,worthless
first_name,m***,d6b4d84b2131ee56ba8b53a364466d4583855696f20c183668247085593892ae,195,worthless
first_name,m***,8da44c49d3e102d8e7a15f1e70994ace8eac9d4e709cd59648ae864d67e12c96,221,worthless
first_name,mul…te,7ae8455a8eceb82b9977764475c20fc5e1427c0c8998c2cffeeeceb89566b601,98,worthless
first_name,n***,8298b58e179bc8d2dff6a4d4ba9ee61b7f38bd00fa5e18b418bb1d76e9c6b1a9,209,worthless
first_name,n***,4a5d6df211c9d93ec645d3e8ce1c36025563711370e11e0ba0d38e44036d6cdd,218,worthless
first_name,n***,a881a480df74601060e14c3663992bb321a22a6356955ef9e36c579645f6d90f,220,worthless
first_name,n***,1f483310d0cd6c6d4bff791077a729710f36838c14156f2133b5011a8c8d2061,232,worthless
first_name,n***,6d8fe71326ebadde90bbbe20506fb792d5225ce200e0338c575ddfefba8a5cb0,222,worthless
first_name,n***,256de6930e90b696065e817f4e3cf58c8b7744a5f642e7a2e481aad80e77e10d,214,worthless
first_name,n***,b1959c9bbbeb3a47fba11bc9a96d49759f997ff9e66b2bcc82a0daf4e27ca736,230,worthless
first_name,n***,08b7f0160ad3f8a22d30cc9f3ca5448a5fa7a1d99fecb65818a80f8975d912c0,227,worthless
first_name,n***,d90e67a307f31534623040ac0e156181af6175e142dbcbbfc5405ef087b0f26b,214,worthless
first_name,n***,a8f56181c84922712904fb01950a92e3ba3db616077bb3b75e1fa2ed0db3ab91,164,worthless
first_name,n***,0d63597cdb0eb1f3a6c70482b612045b18743c8002b4d457b652a0d64a4063e3,194,worthless
first_name,n***,6a86718e761d923e2953ad22c1966102d301afe98c0f52ad73618ec25e7034fc,204,worthless
first_name,n***,b6ba46c39f652732fab64333bf155bcefdc3e1811f572c0a3960264ede0d70ec,223,worthless
first_name,n***,ae09b2ddb18c221699cf69ff42dc523d0ff868d3cb38c8dde3aebe46e1155461,234,worthless
first_name,n***,cc07cab978182d2ec2ede08ef2ca8db6129ea656d15573ec08a1d5008b912a0b,232,worthless
first_name,n***,e5d0d6e7713048a24adc99da209887ca32aa92227005fc2629d296be5d0716c3,207,worthless
first_name,n***,5ba17ed46c957928704fcc45141893eb06c53280233a31877c54a80f6f644147,234,worthless
first_name,n***,26fab14c06c6003a28d0ae18a33266e1d49a5f78887504b1cac95d891440dfca,189,worthless
first_name,n***,23e55cb5b2a08193559668b4e9350e78d6f2c878efc85fdea33fee46741b9ada,192,worthless
first_name,n***,bf3386f0bcca2d9a232f220bd96e922b4e0e1b6510b6c5364f3baf14f9a6acc6,242,worthless
first_name,n***,8906033fb2471e5d1c58fc033a62eb8ca8e9d16c1717484cc9b085d12816e69b,218,worthless
first_name,n***,33a5fe4499caa7108ec66f93584ac6185b1ac2c81dd2202317fd4641bb6be907,195,worthless
first_name,n***,0c14b2a2cccd4d8c23bb89b08d277c0a79c21234d2be4d8a0ec8ec488aae97ab,197,worthless
first_name,n***,0000a50e8a4dc6e0998d901b9a9327be9e36f97f78e49f3e92f9aa1c85bd6842,212,worthless
first_name,n***,2dc72e8ca33a4adbe081d9bedeef751f6788e9e1080f755e81e1dd91a765a44c,233,worthless
first_name,n***,1e219c95b001a91176f9460c373e3f9dfcac48956bd0b4ffdcb70ee1259be213,218,worthless
first_name,n***,a4c08d9795820ec282c62073a5510cb64966d1ccbbf694c04354ab5228ee9f8d,214,worthless
first_name,n***,2f8256ff9f06b00e44ec66a2a6a3b7ac2f2e93a8b068a192c0b1becc21c1fb25,218,worthless
first_name,n***,2008652d99aa1dcf381b1efa51736893f54331ef9c4995513553aa09fa7e73e6,233,worthless
first_name,n***,5992940845263d7f07540a492fe5192b99e3fa02fdf8e2fa66a1e876ca909fe5,236,worthless
first_name,n***,394f331f7498713d75c70375cd03ba2a31580f5c129adc94b801de28a7ecd992,177,worthless
first_name,n***,9b6493898637fce4f85826c146154e411485209165de84fbe38566b6fd46714d,230,worthless
first_name,n***,52a527fd8c3ed25aacecd8fe3c8fa65f3b712ee7a7a752cd50afa0dba153c4a6,219,worthless
first_name,n***,e709bea4ba5b21658fbcbd230d5459fddf626285c2de9973d8d1289f3d8a5301,217,worthless
first_name,n***,8e1bcd2c33bd73b13bcb36c7d56ea9ce27491bfdb3124422010afa10a150f2b1,216,worthless
first_name,n***,a995c9afd2ae319bc60f313f482f6dfbd93de9142b5e7e2573242f4a9b1dad0a,233,worthless
first_name,n***,123ab66cfe2229c54c0b855ff068a30f243b31d3caf9105299c72bd80d42f68a,235,worthless
first_name,n***,b8ae2f008c92b9f602b47e5c34c70ce578194dc5fba29f41b2265850bf7e3845,229,worthless
first_name,n***,5e6c37fc7d2fa406f92d6d68f5a12b1f9dff196bad8ce9613fa7fe83496fd2e6,248,worthless
first_name,n***,1abbc5c6e79f35c547c080daa5b6d0051cd2eab11b8fc014fc719a07f5f0a5e4,194,worthless
first_name,n***,d8b9417fd7a408587ffc6d5d32a32cdd3a22b4c92d99f99fd0b2370c976cf211,230,worthless
first_name,n***,29ba591c44065734f641a023b9a6fa6040346c3b30aa30e49c8fba6a5eb19707,202,worthless
first_name,n***,251bdefa386ca1a2ca41552ef546c5247d41c2baf58cd0d80026b6dbaaef77bf,221,worthless
first_name,n***,3f646c6dd6a97f13a8592311011ac185b74cd44fc8ad1cbc01314254a6651c29,216,worthless
first_name,n***,df40b94bafa4fc0c19f4826564d3cfcc15d86f5eb1bf887f101adca1c58cf874,203,worthless
first_name,n***,86a6fc78e5693b2617ad273de288e59fcc560487a1473ad4f1ceac8a79d4c94f,190,worthless
first_name,n***,ffcd8a8b5168e8f6f7b09c228cf102ef9400bc4154f216cacf6c22288fb2da60,183,worthless
first_name,n***,1a06fbf495b98d4e11f40093e534a6b09867f41e03d96690a0dc3d10f2d38530,190,worthless
first_name,n***,c6fd7fd371bb943a4f0deab2e0a79668e8c9f094d20f4d0c33489653345eea06,205,worthless
first_name,n***,e02fa7d5abb42d5ff53371739ff834be05075d9f8c1a95f0fc7e511c554b5427,177,worthless
first_name,n***,89aba09196aa90899516bb32ed74a4bc4ec55b91c179e978fb5137eaec9cbb02,200,worthless
first_name,n***,89d9f9209577afe77c7d8199cdf2b22047e3f3a8b0709b4509a227a3b3e3dda6,240,worthless
first_name,n***,ba3e900480a1355e85e61a3090fcb771a61ec930c39288434a008b2aae775799,217,worthless
first_name,n***,f21e824e66aaecd9f253fb7f6e60efbd1cd266a0417079678e06e9c69a88d883,196,worthless
first_name,n***,178440309d6bf0580a58b1845b6ccb91b236cee9272ef82aefc6cfb76a4e8966,193,worthless
first_name,n***,122c34cae4cf6ee709ac4cc743bb85f429aaa4e2bf7950427f670441cdb45b48,181,worthless
first_name,n***,3263e9b45dc0dbbfc1f563abf57b52169f00c3cc38a4a623e6cf1be144d4a383,183,worthless
first_name,n***,c962f50180209620a54233092ea1119bcae6940eba21bca61ca0abd4d79a2d86,218,worthless
first_name,n***,27b6f28f4f291d789abc75ba3389c59de16f0206d2a07a354aa834677e0f3b26,200,worthless
first_name,n***,eed362d6a66a17737e8bc7e85391a2244bc63ff3208a65792ad345aa4fb89ceb,246,worthless
first_name,p***,2d9a5ae8350bf157407547a9399a99230fbf0dba0556b88612d8b22fc6eb6ffc,213,worthless
first_name,p***,37eea60bfbd30e4c8d40a2de750750ffc479297a5bc0772839e6fccf3a9bb7ae,212,worthless
first_name,p***,9c33d51a29885f2152dd1acc72c8462d5925ecd2240c0bfbe81948aeebf4e7d7,231,worthless
first_name,p***,20a678d78a0999c226596e93ea6849af7defb97675db886a7f3ae31bac9e20f9,207,worthless
first_name,p***,c79937624c8ceccf6e612f6849901fc6a31e64c416ad75b59fcfefe2bd92a3de,216,worthless
first_name,p***,d3981178aa78fec04fb70ab2e5729004eb24f2b045f0bc6ca9cd43e1fd6e7f46,243,worthless
first_name,p***,8929261a7d84dc051a47496c1912bcbc1dd959b7fcf1d24b74477ac081d3cbf8,185,worthless
first_name,p***,447ffc834c06a8e46c1584af5d37c6feb87c35daf14a2ad2872d20884a2bc09b,256,worthless
first_name,p***,9d67835635c3df97aab8963b33045372adccc1a070b4c6003b65c99a767ce7fa,223,worthless
first_name,p***,acb12cb7fd41dabc7c4da481a4a4a4030668bb964be0c739340f9d812b73fc26,226,worthless
first_name,p***,3bc7364abced233d3302cf72b6ef64c8f6875a5ddf6269df53bc0fb35c3e5928,210,worthless
first_name,p***,9283d8139f3e2478e637b7999f9d487390d6f29370ddb2cdc83d488ff20c250c,213,worthless
first_name,p***,63ee58e126c964ee417a20691d5e18c916170f7ab47033079b3305fd6fdca37e,229,worthless
first_name,p***,94fc71703200578db796a9750ee680972a43fa5b6e13c30922f34903954a5a8a,230,worthless
first_name,p***,dd6cb1c4d3abc97d39fcfa61a8ac03e51a19ec43cb81df8e7cfb76e154ed4dd6,192,worthless
first_name,p***,846cf5a978bb42b3a3451cc01fa7b9e25d13220c6c8a48ff0c11a3e6d39e5e6e,255,worthless
first_name,p***,c14305edffe40f9e5e19c7b41fe806bcff2210e44ad9d2d49b2b70a702f4cff0,226,worthless
first_name,p***,0f8e360ca624c5cac70de454137559e161fef81c638d90c51127e96c93a44ebc,215,worthless
first_name,p***,e0a2bfb8d37097037f8626301e5da9f9cdbf557fa97b825afe5300306e7291eb,221,worthless
first_name,p***,8c29aace185f40ec11ee56dacd8be2204f4f113e54c21e4c3cf9cca1ed1ad994,233,worthless
first_name,p***,37e028e9b8fe5a079764532b2d5d8911ede378c6f26fd9fbd497fbdce1be9d16,218,worthless
first_name,p***,05baef75c9fc4a62cb6c0b9183d99f2ef37b0d66f6c99e613d99aa9a399f2b16,199,worthless
first_name,p***,7f6fc04be5008be98d39787643bafbe87903d4e961db90bea2bedeeba9f98831,216,worthless
first_name,p***,56ca4b37bad2ed65f3c5fce912db152c41e303c074629b917fec02107ff39fef,232,worthless
first_name,p***,34e587e1d79d08e09e9368116d633ce283b22b0e9d79efb5205e6ec49e3e9072,232,worthless
first_name,p***,fef2f1a27b3f526fa4f204d9edacbb60ec987410ea353414305b05a2a1adeda1,199,worthless
first_name,p***,e15bf45c02d6be00b3e86ab3e6c6554bd5921b1a51947b5f29f428539e01d642,218,worthless
first_name,p***,be0722dd400aa8ab8a1ec34694a06add9541948b95b0ec50ce3718ef750a19f2,201,worthless
first_name,p***,b491c16967aaed1021e8d24c54551d054db2326bc3361a4abee67cff87cee01c,244,worthless
first_name,p***,f199f8b967649bd807cfbff828716b0e3e73cdfb0b4525e3469e81a82c21a3c6,193,worthless
first_name,p***,73001b0b7cf60d676625986b6e13e5bf7b4a527d404205550a73a6c4ebef0d28,200,worthless
first_name,p***,27cd73d282b27deebe589dbc04b24d5dcdd1227659f777600f4dee5e491d9fb9,194,worthless
first_name,p***,9a0f9a294ffe14e02bfed4f9463bb3ffb3a06a0d039e71d9a6c9fbdbb04493bd,192,worthless
first_name,p***,8d6ed8536e754554ff71d4661bee2a6c6b60c938fcbe0144a979687b214a18ae,230,worthless
first_name,p***,b31287b0547745a959d064e425d45e294fc9fdbc9f33a8584c668d4b4d687a6e,205,worthless
first_name,p***,d3a60858eb33ee33023b4e42e7f88078d6e6a11e48d2aa88f3e282a09fec3154,199,worthless
first_name,p***,04d072a768377c6dddd047712bd57b49d252f8011e43f8b3e723ac4b135bf63f,200,worthless
first_name,p***,a07b4a73f2250304a0f2c3bad18b9522d49888ed9756b277aec3daea92707dd3,218,worthless
first_name,p***,fb1cb68957ba5a45442a54e594a14dfb83dda668d5b9b07a2992b0a9ea77d151,205,worthless
first_name,p***,d197c2641c6f25fa146bd1aa5e9e03d1ae6e87869b26a5dcd5eb9a3bd7f4b157,226,worthless
first_name,p***,d7a355be72deb2c8452930a91e18b9f94aed8da56c952b6bbed3adb3d82d2a60,190,worthless
first_name,p***,ccebb84568fbca05e1aa57130adeeb36b06a1f717d8c013659a1477a387f885e,209,worthless
first_name,p***,81b3e587e9f5d22742561d3327ad3feda874b61c641f4b9dd04881d9b8e32d56,208,worthless
first_name,p***,0cb50b745cff923b677fcdbca87d07d7969c8095d6f0d5079feb6312df1c8562,221,worthless
first_name,p***,8c7064b1c9afa9238bb1267f999fd458a888c2cadf093eb2aebac1bc50415e25,214,worthless
first_name,p***,000cbfb727669ed4be92c9b388b070919bbed140aff25fb0b7fb8548de2da44d,201,worthless
first_name,p***,169755d0eb22064b4da135811bae91c37cfca6cf92bda4b7f1faaf06cdf2cb85,225,worthless
first_name,p***,ab0540d7e0c07ecbdff721a5fabc20ff634e8961307b46d174a3f59eadd16663,200,worthless
first_name,p***,55534ff37426d38fec358d2a55f2095d234fa7dad3a42a9af337f9a62af987c9,222,worthless
first_name,p***,0a634bf7e58b31ca48bed83984b9af710aac8365d2eca7b80679609e9d2faae6,213,worthless
first_name,p***,8d1b59f913b5f17fa2e0c91af68a3de7827b5968483032aaaa1359fd5e2da6a4,235,worthless
first_name,p***,4e63a83b2eda8539e70ca78f3dbf4cf6e3f79ad4456c82dc980d196e7ae197c9,219,worthless
first_name,p***,2b3388055faab3ef783dc7cf8a8e7b0be5334dffec382f7387c5672d689fa628,215,worthless
first_name,p***,7e7e4eba1bcb6d1b8cf0ada0b499716f416187291ac709173ddef423d3868c6d,215,worthless
first_name,p***,03e16c4d700d0035352a05e1c5538d821218fe7fbd27906b822ed961050e4a13,191,worthless
first_name,p***,9a464157e3430e69c6770312f55b0c67bd84148e8c461520c6f45f1389510481,206,worthless
first_name,p***,c977a68af1b93404a5186198e411fbe89ae78b4b1c18a6f53e3aee144d4a858a,213,worthless
first_name,p***,930cf107cfac1d747355e8432012c05c3a1c279d2e5425468f127d9e78568c3f,223,worthless
first_name,p***,ab77e76ed3c31216863cb9cf157dcee95abd9d72a2364a8ddffde04681c6bf95,201,worthless
first_name,p***,018933d4e7866cb1cc1929d44d8c44a023a4c48be75cf3572b18b6bd144b5fa5,208,worthless
first_name,p***,84b9b363847647edce470a76a64756a93a675d1dae642e634b93696bc2611fcf,204,worthless
first_name,p***,c0024a70b227b7c1ec327162c1312d99f5d5388b637f4bab0bb11b6e6d99e7f9,231,worthless
first_name,p***,e378f99bbc747a794a39a2c5bde34aaa3cb63888a42a2a28c2e7b36edcb7044e,211,worthless
first_name,p***,3c59411f8b447a803232c4b0a29fe80aedf70ce690d722a6b9dabb1d15132e43,263,worthless
first_name,p***,fc46a6256876f1295aaa74246af216729c2f612b5a196e4bc87ff7a24162d0c7,232,worthless
first_name,p***,07e5416344ae05638f52f8758fcc13fe5d7481dfd94ad4acc10bbf0b084ce3c0,208,worthless
first_name,p***,64e7ac349372b3a2d5274bbcfca3ccd48489cc7a75003d28b2903999f5d14ccc,208,worthless
first_name,p***,f2b7fd5d2c1fafa15ac1a1fef5b54d32876f62bb134d7890d57d600d5e660cd8,225,worthless
first_name,p***,0eaf95eb30686dfe2c9a48d762bc5bf58b42abcb408f9a9381039e267e84cfe9,208,worthless
first_name,p***,fdaf36bb7b81e283581957cea2a0cba34c9139796add4da8743a60dae897c7bc,221,worthless
first_name,p***,085cdd494c3e68bf26752698c47bf3c100e77de5c520de22e86612aa1c872cf8,221,worthless
first_name,p***,e48b709bd0688469e646ce85291a9215f6fddf64ba2f7d0abae7458eccfb727b,247,worthless
first_name,p***,4e06cec7bb051544294c81e247c16d859ef446a61bc3b2cf7cac5919695227cb,198,worthless
first_name,p***,63fb80e86341f62d1e26a1e6b0da41e6dc6b9eda4e49003029c36b2f108630b5,231,worthless
first_name,p***,1f9762e4422208d3c44054cd393f77de69103e0b8dec8ed1a0602eefd2d1e52a,223,worthless
first_name,p***,11fdf75759541e98870dca08b28d161162a025054441d5cc2307bdfe76ce98f0,218,worthless
first_name,p***,166a8ef6544fa70d43f8685f44a2c9bf3ae761f2ef959494e3fdd9f6fe4900c6,218,worthless
first_name,p***,7c003c840a82a0f21206fe910ef55c4e3fee4c78e9a2227a481c6f951b0775d7,229,worthless
first_name,p***,4a8dea3ed804347779c33f18c0cc75cab819b8ea6fd0280ce5a0f0bc02809757,218,worthless
first_name,p***,e18ef7fdee53558d7cf2b5dd6814c364e765b34c8aec561d3c9da22d494a0845,200,worthless
first_name,p***,f8ef28727a8ecfb2ffd84226a1bddcf8850c522c913a0ac2aa6fcaabfb279e64,236,worthless
first_name,p***,5ed06c39e030b005d8ffabd5fba822439d11fea6cea82cdb6668882708ae1348,221,worthless
first_name,p***,ab10d98bbcef64f36447eafda9a74989d665456342ca78c9ccce5b4dc25c7dc9,249,worthless
first_name,p***,eb2a62e5b6346dd4a762d2c6d7b1e45db546bad01aede71add63d49e15eb6577,249,worthless
first_name,p***,9c6b881428d5aaa1f4c9794618ddf1ff7e91ec3e81e17bc0b1e4513a236ded76,189,worthless
first_name,p***,94c1b6e7250c02abf89ae6135c287e679f66f788bd3bfd53cc6e2e307def6b13,175,worthless
first_name,p***,c265be52670be1e1d1efe27c6f21a1e30c04095e88aacb7d85c3d6ad7cf54c4d,190,worthless
first_name,p***,0a3a9a15c972829dd7ad9d61752bdd488e617b4cb3d81dcca35d582c9099f80d,202,worthless
first_name,p***,a981b564e6b368758b61abfb3b358e5d29c8065a8b19b7b1fc657c862357fc95,208,worthless
first_name,p***,72f454af04240b4d9aacacfd63c74c612afbea376e65e9ce3774c4de38513614,234,worthless
first_name,q***,8eb9b244951ca7bd9bb3b612d3b574daeb60c73f690c90c3d849d70e811e5680,185,worthless
first_name,q***,8fc828af6dc08026e04c5dde6b7752331f3eb2f6cc52c392ae8f737fccf56d1c,213,worthless
first_name,q***,9662762d2fdb3dabf5e5dac74cb7d87599b7382c8a87ff48fee0e31bb8cb3bdf,213,worthless
first_name,q***,9fd8627e26a37d4a6ab06709ac93b61c15584d317810c6324190dfff0b840ede,212,worthless
first_name,q***,b941e3e9681cc40b75f22b897a9a2c9e41fd39c88e80e939f4df146e5210db3d,227,worthless
first_name,q***,0d063a7ce28ee0bd89492dd3b9492df54bef8ee714e60b60c16bb9f38bf65775,210,worthless
first_name,q***,be7b4a33464ac9c72a86da9299c3d486b1d977bc3f08ad18724d0c6ce5ea859c,240,worthless
first_name,q***,0e955890e5ee3926f88e131254fde7df0bdcc61dc1a8dec7a3168732f9556013,236,worthless
first_name,q***,3f62b37d807fa7425e5a136209068677d913dc5f9ed79dfeae21852129f027f9,198,worthless
first_name,q***,e28b4d3d2b77558431cbe9a1886ee6a2837937c89228fac22a7a4a616a9dd980,202,worthless
first_name,q***,c038c344a00365a3eba56095686f72a281aec1360613b492a1587b467ec7d694,208,worthless
first_name,q***,9c6667ae7311242cd9b301a3f6bba99b0405e3bc8023d4b6bf98e490813f26f4,214,worthless
first_name,q***,c12ca1d8b5c6c16c5ca74c5d25582d94ed084c252c0478fa0cb19e1effc06ad6,197,worthless
first_name,q***,960f31c7c056c0bb629dd63728b15ba4f217ec12d1b79a1b673cf200e0a2680f,229,worthless
first_name,q***,f2a0f8a52eba9376a660966e087435c648dc4ef1765d60287ac55b56b4ae5167,192,worthless
first_name,q***,52c282d3520c70b15b81acb6a39aa6f77dd7c422197d8b12c70ef39798f24792,217,worthless
first_name,q***,7f2066adee91db94dc100277cce4aa64f8b4fd52cac7d7cb6f21d490c619d748,213,worthless
first_name,q***,40e2dbe049bbd442d1dda81c1eb7ad1056e6ab9cc9d038bfa67167f8fa2c13c3,223,worthless
first_name,q***,6022ecf20b0c113b81abc1fe661eedc6bad010cf4fe964d38fca71e1de6caee7,189,worthless
first_name,q***,c24adc0ff9591ce8f6d1695f6e1c9bd0885e434b8d538aab60354e90b277d21d,248,worthless
first_name,q***,b5c9b81e15c193872a53547e6df234824761e7aacaff4ad5a0a30f60647d34a0,234,worthless
first_name,q***,5f0a72149cadb09c5db6afd780e554f616876b9f049a820d930bccdced875d4f,194,worthless
first_name,q***,44e7df76cc3803c4e0d81aa7752d3efba9dca928be56d0e6b0e3d32b537152fe,201,worthless
first_name,q***,d68d5e1c9f76c17d7c577d809e55c5b2aeff6fc1b381bbed748e2a212d8a085b,225,worthless
first_name,q***,d49ee709d6341d73afaaf8c1f7dcec8c14885a28f1f0b2ee4d9f6cfee2dad3a4,242,worthless
first_name,q***,71431dadc5d15822137c115ef62fe0a953881c8e201896bb14cc5a573da01a61,184,worthless
first_name,q***,cf246c13875e67a3981afeac2e0207a867f8329137f53d7b3ae17f1df410660a,214,worthless
first_name,q***,5b87d3c6744a067bbfe511bdd46df76dd6b55c3a9af820b54b9c064e152322c4,232,worthless
first_name,q***,2d4641a8d6c33e5e9be49b68fb1328675e0cabc0cf5c4bbea27ff8292f717fd1,203,worthless
first_name,q***,2bce60149f52d1212d46f6a0c6dc7b99743ed1e63f3ef599c0c3d88201b88f02,200,worthless
first_name,r***,67c7f887ceb4d9e81952d4bc2fd945332b888c29966b840c1492f4c59cf469a3,196,worthless
first_name,r***,5db27d5d73d5713b6f92c7fa41292b5382a5ea89d7412cc66817c61ea851bb5f,211,worthless
first_name,r***,a0300cb67f8fdc00640241a99b2f5ae0a74af622482ba4bcee9bd505a597b2b3,255,worthless
first_name,r***,4de2fa212e29f9d31c03cc30cab718d3dfc3f41755b145b9b6ed497d39d49a77,192,worthless
first_name,r***,621d542d3e3ef08e58fe45e3a2ef75873d2a66e58fd3f66d0d0b4848242f73c1,221,worthless
first_name,r***,1c49125699c634974f3e391e72621f26382f40f261c7a02ecb6093fe467171aa,201,worthless
first_name,r***,0a88806c39854f23a6f436ce807efe6697191cc653a534621d7c429195c8d135,217,worthless
first_name,r***,964c163a0e9c1e44c485664786a9739cbb8f297e574273f190612cf5d7d478e7,217,worthless
first_name,r***,7174a5b8ce8551f5accce1bab7807c4058616fd5e2e6aa914cb3bfff72c75ef9,204,worthless
first_name,r***,5b164bcf798c55c27bce3b4328b1b92f96a5e95b565656c24412fc727248d47b,211,worthless
first_name,r***,b74e17c50820c5240b2d7db58ec1ff40fae8b41361c134ba8249f0c54957a22c,215,worthless
first_name,r***,55b9ef9f4a671c20260a1c094187241eecdbe67cdc49ddadf13f8ecd7272b22a,213,worthless
first_name,r***,d76b3280b8856bfdc50f8e8a544ed951ce31e6927b72e4beb45b914f1707cd4d,224,worthless
first_name,r***,a451124d536a6b225f7590fe431e59a1f8ca87b0355347c6f570f760efe802c5,226,worthless
first_name,r***,517ee0bfb3e8dbbba78890b19cd1eb8b440626780a97fc624a348d814e32af36,225,worthless
first_name,r***,291e064ae477ccb435de98a6de12e9b5d085e77ef0469e7193f48249898c1c9b,220,worthless
first_name,r***,144cc749e11bfaad019b9f832e05294fa19778aa751c516e3ba18eeff9cfb368,218,worthless
first_name,r***,20ba49ebdbab03df7d17fe1233cfe8fc5a9b73ed127b64eb9f71b16febc77378,206,worthless
first_name,r***,caeb4ed2ac971cf2e8fb82048d5cfbba84ac899a394b251f70632ae7b02e1b94,227,worthless
first_name,r***,7c777c3d8bb3920e1a39540fc6ac960efbf224f213a01066152f9d03f9fb328a,209,worthless
first_name,r***,a2e0e03178b2d9f5bd88102f425cd0265ce738652dfe59126970a01d81be3a72,210,worthless
first_name,r***,ac98a95bdc073241a924a6b4e2b29ca5015c2def4e8a0d0538df63f7c3dcd8c4,216,worthless
first_name,r***,8fe2c734bc53a2d1fe4a6c1b66cf618cf22c0e7672d12595b357ba3eb7124e20,190,worthless
first_name,r***,d9aa0c6730c0ed94f728ba74738cedef6b6e584357eb70e141a75a1d213087fa,232,worthless
first_name,r***,8df5e7015e39e8f9e9064f36aa643a79eb894fda55e120d5c8e2b8c9418fcc88,203,worthless
first_name,r***,238a182e5c353378e2bd4f87a8ef74a0332916c621786cc984b4f3ac3391cd6b,210,worthless
first_name,r***,2c8f9f7d20fc312508a0c43fa2ce3b8536f08e3b28805ea7f5daad0fe8924611,229,worthless
first_name,r***,b96517ab4a894935ec8fd98284bd7687d301a9558aadc8ef8e26db2eccd3e69d,193,worthless
first_name,r***,d8bf9a8472cce47566bbaa3a4c8a322638b166d2eb38597e72c8b5db5efeefe0,207,worthless
first_name,r***,5fe35d9514db72454e590f30c0421520b261cb115b0e6f5c00c4eb9001a8d60a,232,worthless
first_name,r***,14c30577375941efb831e6397be6f8c67850181c326bdd41cdd7740f4b3d8ced,186,worthless
first_name,r***,c6c8c0c1140729121e7432bf3237e4abe000f4affd3121f4fc7cdfbdee2aa3b8,242,worthless
first_name,r***,69a8a3cfe269ee1dd6f4aff72e0ebe3ab489b1e644db4aee9956e7f0da14f422,193,worthless
first_name,r***,768a0a0a954133116a70d5c6c0a1e23e86e824041a774ceb389bfccd39c474e1,204,worthless
first_name,r***,9d22640773d9c32a9be613d4a5f096e76076b3515205af73fcc9463d470358c7,212,worthless
first_name,r***,36cc28ff280b77c45904baac1e878295db29b98f9b820f68659b05a4b7ad6a9a,236,worthless
first_name,r***,0c1f1ae12be5c64b03897feeec279f445f57e79eb154914a6263c84303b9d697,208,worthless
first_name,r***,22ac03d3fce724fd623e15a473cf4cef2a2782aaecc68b24b6b4cbfa3127ea2e,252,worthless
first_name,r***,a51d69002d99a5c90df5811331ba724032da64319dc492cad44fa0a6f863c8e7,198,worthless
first_name,r***,a64b33bd052606f2934f0d10aff913ed832e8fbde604c6ae9f0e68ce8def2a7f,192,worthless
first_name,r***,6144948f5bd044c2a8949b8438f796c5073259d1b828bb80f6bc57c431d1e19e,215,worthless
first_name,r***,eac3aa90208d39d23380a446d3732c1a8f54196d3aed1e82e905f745578d421d,233,worthless
first_name,r***,9a144b6be36b9617a70d79668a18780b44ea512370b17e673bc03081dbee84fd,200,worthless
first_name,r***,a22f88aa78cb4544819425a369d218b2b09710281fd329888f2a25db6519c53a,229,worthless
first_name,r***,3a6e98e019eaf88563fa9500a3fbe03bbde472c83325bb3274a0a9264cc98d40,208,worthless
first_name,r***,57327dc9aa095bbd856a3dc23d200be4db44ff09ea43c52c317e2bb9cf6f3903,252,worthless
first_name,r***,4a86df9ac1e9137b6b7747b23e97d519903cb148ad73b9582795307621d1d9b3,218,worthless
first_name,r***,e3f435acc0d6f14101d75b856980374dc460009eec9220d1e63d320b006c8d8d,227,worthless
first_name,r***,25a6c6000bf961259db7d0c832798bfcd55372c3b09a440990bc79038540b9e9,210,worthless
first_name,r***,f5825625ad983d340edfc4e49e8a9d7759d415150e2cfab990154e7d526cfdf9,226,worthless
first_name,r***,65d7a4a55d3161760d5fbbd1f41cdd4865e173c5e6041bcced4b525caee5c3a2,233,worthless
first_name,r***,5de2314768e691917a6734cb20c33b0af729e9782bf464312e5fe7e1d81b9577,195,worthless
first_name,r***,26ec009010bcf8a7c9e531dd44b6ed5cd67026bc71012f8288b64e10c5a88553,188,worthless
first_name,r***,764bfb0bbeb7d70ef1a24cff5c4e070e1f96a81c0b3fc071cded774ba292ad4b,195,worthless
first_name,r***,140ad1beb5f279feb05db5d206a132a6bdb2a3c33143fc345323f4e2a4bff053,222,worthless
first_name,r***,018f10493aabc3b4006d31b5f6cc368ed024bb33f19f277b6391ae880b5319b5,236,worthless
first_name,r***,d18466336dca4c86c35842c4d974bc86202c6be6d0ba55ce5fd23cb51c2ed455,198,worthless
first_name,r***,f3a52f8cb9a1d9375168a8f9cf54d213419cb7a860a853a56b22372cc1beb223,180,worthless
first_name,r***,7222d8e83f8c9e163fdc261b15a4adb686ff3aa7aa7bdc203bfafbcb3082da6d,215,worthless
first_name,r***,11e8f24eb19c8bfede95ebe3d509f504ad6ce47df89e0b1ca170f7711fc8751b,193,worthless
first_name,s***,ad257816e69fbacf40ee5d953c39258118161e6510331016029a4a7365d698a8,203,worthless
first_name,s***,0e17e8a0db7c46310cb3e6352f8e164b256ee0de6526e0a1387f5545e89b99e6,217,worthless
first_name,s***,bbbedeb7cb9b3c4265cc316e20dc69bc049ad623ca1734c896a31ff2f04a5dfc,230,worthless
first_name,s***,2679fb06fef40c43ce7e4fd16d48fc0bff6f70c5ae5b8ec70f7d33ffa5ec7493,226,worthless
first_name,s***,6f2dcfc47ac9f66a7fdfa5d3a5285646633079231d5d32f9dc6c0a183a9292e4,198,worthless
first_name,s***,1b7348be57e65b587b0199547fc24d788bf876969cbcc520951fa78cb642f2ce,211,worthless
first_name,s***,87621af923dc8f623741f4b2c24ddbf25a1fb401e56952e21f7cdf191f3d4707,220,worthless
first_name,s***,0308c6ff22035e4e650efeeb6eb6cda124b6f56304f24a5a736bc8d7169bd66d,200,worthless
first_name,s***,f4925db4247611e6396057a7117d9a5ca0f23d7b3856477804acf6fd92fb3d32,220,worthless
first_name,s***,46abe4dd360da09c2bcefd4066058c6f02284666a4923ff4f2451d969806947e,218,worthless
first_name,s***,1dea79e2a7ac90594373e11f4550b37dfad19daee0adb2e93ee5abd45e3b1170,218,worthless
first_name,s***,d8cc5cb8aa220bbe4e975fc37834cd9c2464b9933965905d11b8e4b28a10570a,239,worthless
first_name,s***,9a8c2fa11f6aeb0e931895ae894ec2b8c53aee35b4fce4f8fbc37d9d8d431fed,191,worthless
first_name,s***,b3d0520ca8e6715fce134a2e8c5e5da08cde211a38b11bcee7429c52637eb15a,214,worthless
first_name,s***,a3e8822051010fc6f3b152b669e386c44d6a777f33c956c0a78125fc3140dcb3,209,worthless
first_name,s***,39c10d9197638259f77eaee68aa3addd79cb13fe9ee6dd8da97ca75d04cecde3,243,worthless
first_name,s***,f0369a94fa5f954ec8d1dbe3412704def39580efe25e51652689e7cc152e3beb,239,worthless
first_name,s***,a565dba1f8eb7772bdd3f7287a9a762e060e3f9d7c5ae7814f836cfcb8fbcf6a,211,worthless
first_name,s***,f9051018fc29d02f01cd2d2c559b50a2a2a90426b87061f96a659e68430576d6,223,worthless
first_name,s***,339c291ddeadd596c4e703dc8e4f2534bcd09b7f30e57d5a8098beeeb0d1e2ac,177,worthless
first_name,s***,5a24419ef070808b5aeddeb9b7eca48244fd3acbc4937fae48684eece41926c0,247,worthless
first_name,s***,4167f37056ad09923491bad387219e9ecf760b841fd79a2809a7fe5a4f38efa0,227,worthless
first_name,s***,39d17d2bd1ab20d381f62e0b3e4c5cbfabb964b31393375c29b09dee150167b2,231,worthless
first_name,s***,39f06b7893c50770daf0419d327d086844ef45d48d05fcef2c73e87ee37d3135,250,worthless
first_name,s***,fad98b1500afb2510434578b3800b2873a57da53c8ce49e35183129122dc1f0d,179,worthless
first_name,s***,a129ee073eed8fb23cbc81a946d741afbb1d85943e9bbd00810539d94b36dc24,202,worthless
first_name,s***,8421b5f23520b4f69dc89437a7d6cad249ee39bb0128423c13ba90b5ba4d99b6,207,worthless
first_name,s***,270936326596f245ae79c775b3baa78b70679edf1ac87151547ca4358c1dc346,209,worthless
first_name,s***,91bdefd3a89fd6ddfabd9cb156010ec10f15e99bdf5486cbc302974cb9b2a60e,215,worthless
first_name,s***,8870fb24139cdbc9da9d4334c4a7de21ab8b94d4051312b6a4e936e853cf136f,221,worthless
first_name,s***,8ce35c771cf301efd6c1d54068e7e774e224942585da7aaa8405af36f54a490d,233,worthless
first_name,s***,7335887ed54591557eac941d9491a2786f6949d7112745a82dde9e443f6fd6e1,208,worthless
first_name,s***,210885a059ab20014a58d69b2013c538cb0352a78fa9e91ce9fd251637442038,228,worthless
first_name,s***,675121ba5985a5b6713a5a54baf5e80d8f4ecb25f0974bd378346ebf370ce459,205,worthless
first_name,s***,19e4898f4d16931d730f0930767337de542fb193a18a25f801db707a83bf5e96,219,worthless
first_name,s***,aa81eefb3b0213816d7e05106965250ee8cc7793d3f9026408e817e5e7cfc642,210,worthless
first_name,s***,6b5dc7aa86dbd3b2014a178d2e8cde35a9c4b3058ee528c1559713f42b353526,233,worthless
first_name,s***,1fa03777d689f76df9a89187dad13d78a08dd5d36e2e698f96d272a1d87b97ef,218,worthless
first_name,s***,de481011c5bdec72e33489e0d8215aa7586d64c1e9771f5b4009469ed4f5a6be,233,worthless
first_name,s***,05e0ba0520396ec3eb4b973b998fad9bc19d8e548eccbb571a3542580b8f229a,215,worthless
first_name,s***,5e04d46dca842b6c2dcfe840507b6330e7cf14bf31bcc736d6dd1047659b2594,182,worthless
first_name,s***,a03b569808332146c1af83b65d31f0b363a6608aa17d82f1998d767a3d08b8e5,227,worthless
first_name,s***,d2034ca1a8386483dfe9e9b4d9cc398287d569f992ff3e61a2280f2fcf47f9ce,253,worthless
first_name,s***,d5449177df92893bbdbf9086b78980f5b1cd39a208f2675704c1f41af7d51db8,207,worthless
first_name,s***,37a83f252ef6c6c2fdc1748d2ffd4a28fb630bb4302694890964944455266935,202,worthless
first_name,s***,287704f3da5148a74c5aaf1bba0791be441f629efd407640cc363b2b561132e3,223,worthless
first_name,s***,05f1af135d07966a3c272e826323c2854b70a9eaffb1672dc8a2cc0ffaaf791f,200,worthless
first_name,s***,de3ed5ea968dc64ad01d8d1fff3dde016c1db995ee0e193e20e5da4c4891d8a3,215,worthless
first_name,s***,e6f110bb483dc5264a823cb5ad4eae85a0dbeb5ebdc89aa63258d15569af93b1,199,worthless
first_name,s***,25dbcac63c447c2badd7f942b5cab981e106229e766d234bef8f55d257d75c0e,221,worthless
first_name,s***,9e1371764991f6ff4d55ac8191655b241de641447437364951e650d8579da318,209,worthless
first_name,s***,a5a45da29d77c4256cd98cc81e5542840b209e41351af3dc577b8ed4663eff8a,184,worthless
first_name,s***,7df5f4664bfc6984e640de4267a01dfd876a782b882304f9af99a685f7b69073,209,worthless
first_name,s***,02480ccb7f99c8131c05b5bee3d7e662e70553a406a9ffb9eeb6f0bd3cfeb07b,219,worthless
first_name,s***,fabf0fec07aae6e456c9bb6f5c03cebe6426fa2bef6f81d6f439b15b8ca56794,219,worthless
first_name,s***,b1ee0c96015ac48f7c889b5c3e03c39ca2b21bd5fb555a40c072b5d5d1e28602,249,worthless
first_name,s***,d14e58b84d26a4b5e54cf84c27cc4238f5822d5863adf388f3725325d664576b,207,worthless
first_name,s***,2c9997907e05e2ff37aafdcf8373b1084b265e286f8dc1e78f309209af77c82d,214,worthless
first_name,s***,f613871ebdd72503a1811f9f0b6c6bf97a37aa37bc00a1cdb662d313bc9ac1ff,233,worthless
first_name,s***,56b65133bbfde55b913478b9e3eee2588c5078e34300b21e6ed34cae611559a7,213,worthless
first_name,s***,709a1b0f97ff507dc3d49a8c3399629bb1e6af20d86274dc83659ae70a619918,196,worthless
first_name,s***,b947fc51bb4caa63c7beeaf547b00d283501db410635652d7fad5cead0557d7b,226,worthless
first_name,s***,004f9e511db06fae7356b720c2f5182c1b284c2812b08118cc570f0037c2bc29,206,worthless
first_name,s***,b21739052b340160bdfab44217eb9a8402036b64dfef72fbe2115993eb192b02,224,worthless
first_name,s***,cd8033f9b8fb5830cf6d983d426ea0063c661b59960e18259b37a2499d3e11ed,231,worthless
first_name,s***,21cfccc20ca9e8d851ee41673b47ae4f6ae2b94493e9ced4a786bd9553271249,212,worthless
first_name,s***,b5621ac605ea562b3353d5b3b0ee5ee62012eada712cffeb0ebb87ea0ed49dee,216,worthless
first_name,s***,1fbb2e4f19a8914728375f0b1a2c9ba6caa716c5264f8fb3e829aa58fb956237,225,worthless
first_name,s***,b94757fff536709e7d43d2796fd447180d1b3186e6a88290653a4ab3bbf479b1,207,worthless
first_name,s***,8c06b99456cc48afb83e0fc2986da5192fd13138d5c2f39629c3acd75bcfd2e3,218,worthless
first_name,s***,bf0954f6edbdd17b309db5555916b5557f25d6f1f72b969e1ca9d73c8dde18f4,225,worthless
first_name,s***,a91e0e1e96ef78c8ea2efa7e0328da59cc0eaf65eb32ec4dea2a1bcaec320669,200,worthless
first_name,s***,9138eb89231c64fb30ae5b34eaf5c20a638f26896a179ec3b0d8bbea67d4c056,241,worthless
first_name,s***,9b62fe92e8675a89f2b06cfd746a7632a0c75f758c160c1a9ee56e0d35f0e0a8,222,worthless
first_name,s***,3b556ef923329f66d39ce7c2f6221e0398c0d25bb00a10bf155c618fc8b571d3,209,worthless
first_name,s***,91fdda24e2e6a1ba93a96f7c95a3b7e02affcf994c46e93d62c0b469e43496d5,227,worthless
first_name,s***,743bd79f49f8513fa8eb16fcacbefff8620f0b9c8fc31e688bca8fd3b65349ff,211,worthless
first_name,s***,cad76ee4f1a86c624520c90a15edaa98573fb5e0966ce1b389226acde527dddb,213,worthless
first_name,s***,ea24f56c352a859488fb000719ad136fee8003d9635d71971f8d6d0ec62c5c14,221,worthless
first_name,s***,e2e576ddb684ebd687aae5b38e1da4d65e30fa7d77f4f302d41ab633cff6ed20,214,worthless
first_name,s***,24180e87fb2ff2b182436de85d14bd136ab41d5ec8fadd74d97dd3041d8506a6,213,worthless
first_name,s***,3fb44bc3030858616ab7949cb670a78ca9ddcc67aef1b98b4eaa11f51da4f3c8,209,worthless
first_name,s***,3117117cb222126624c70fce819fe92cc858207013b51375a4f4fc0c62b7a67c,224,worthless
first_name,s***,d863f3b3bb89c4542c802cee3fc04d1caab9bae182d73ae194d45915bd6b2793,179,worthless
first_name,s***,5eb057b7e331f84a62bb97c4d2e668d9d3d67d21bafe3d05c8673e77c28e2bc7,222,worthless
first_name,s***,241f62a50d297d7b6ad0e334e313cad384d8d88e34a99b3137fc54cf565e7543,209,worthless
first_name,s***,3f7d34aae662c194b8cea65a013979febb62f7858ebcea6c339cfe2c90057c77,229,worthless
first_name,s***,944e83fb649b12d0f0196a51f7543ea729032d4b6074f0a44df9e62283566ae1,191,worthless
first_name,s***,66c7bc5d5507ffcce4aa3b7a1d93d5c782da2c66638de93e92d2ce19212ec3fa,196,worthless
first_name,s***,ec89d4eda62dbc51d7f520d216da1759d8c01ae88f3316a8f6791c852d441d10,236,worthless
first_name,t***,82bcd2c475d40f6e5bedc7f237134cdd7ea234dc31caf0f5c403e952b9ed1d3d,195,worthless
first_name,t***,dc75deda122e98d3be607ef44e108b1c62ee2f54069d31c4ce346353dc5eb285,223,worthless
first_name,t***,3e32a29f96aa38e3a0fd7309e567d9c77606d3feeb59966baf89c90be5df8366,224,worthless
first_name,t***,7af3647f8c1f7da4efda0c9b14300ebe14c02b53177c6aeeea9efa81797e12ba,234,worthless
first_name,t***,519dc27fbc10d8d53d014b73f1ca720279a7e346cd64d9c8814446d9cdd5840e,214,worthless
first_name,t***,1b317906778e702c271d722b75823121f33aec415481efe8e95d651227fc3548,226,worthless
first_name,t***,70b1e14f2e9bdf7213967d24c6f223835a44ff221db2a9c9edaef131f02cf9f0,196,worthless
first_name,t***,f74ad0cf48f53dcd1163dc2d14c2f56ae74acf7d197180cd682bf66487c6ddd5,243,worthless
first_name,t***,b242d2b5bfcaef5cbeebd09f34b5d1be52525c2bd6b2fccc55cdeb897cfa8846,233,worthless
first_name,t***,317214ed1a1f87845a81d48c2ab074d1b342030ff933d90abd3ff05b2deaf9ce,236,worthless
first_name,t***,50bb26f8ac11a59922a831ae1ed955b81e0ea6dd79e1b7fc3e56dd207426c3f6,200,worthless
first_name,t***,57dd18ec5193fd65be40407d7a2c8bea70dbe6e14e8438287e4505e324ae3746,221,worthless
first_name,t***,70ad5f96893876e0744e34cfd0a38996a97b535c5189c168e4c9a1620b9ec0d8,213,worthless
first_name,t***,a9a9788a48e2b3613e73d766ef3f80f34f8f8ffb6d0f43c5cad615629e3634b3,205,worthless
first_name,t***,0b28debbd92ef619d78fbbae95aa290f9aab61c4e0644fe1000e2c9d9d4c2a02,215,worthless
first_name,t***,027f79904169d31147629fa06032b4beb0ed6236a96e3f343655e57128bc786e,231,worthless
first_name,t***,eb206ad1b0e71e27d815e7bf4ef32d4b8ea1845bb064c380b2d22238bf4b3415,211,worthless
first_name,t***,1cb456c3338dacaa3970fd9a7152e0716f760a98569049395806b1180c389e3e,248,worthless
first_name,t***,db456f5b5ce118e27f15c4c3a8f4570c5e7f6d465add6bf026a0a05579845572,216,worthless
first_name,t***,0c8ac61c8104ba84bbbe566d30b14286940fa69413c89945ddabfe5073846574,223,worthless
first_name,t***,6b3916089fb7e8eaec426b6f700eab7a48131f5d6bf399ceeca34b9e7567bd68,232,worthless
first_name,t***,3520dff7f7c9935d44d2c5e6c063e45882af1818edd133f55aaacc803d7ca15d,233,worthless
first_name,t***,556d204d64780f021f0c8a08d1c082fde3983b4082b7cb54186242933360f0d2,270,worthless
first_name,t***,0daf0891a5c004cc2c0976be8b01a00978698f675bfe973d2488c27d5f03d8a1,203,worthless
first_name,t***,11b5b3c6257c7430ca4c755d24b6bacb3a35df11e59deb09dba2e46468a09e46,253,worthless
first_name,t***,b8522c428d4437385edada46a4fcdb40d4ef6135c1f03086a85d1f18fca97f74,219,worthless
first_name,t***,13a636cb1251c2303e79e4879e26fda92ebda78be4908d8a6ded4e182111bbd9,197,worthless
first_name,t***,b17aaeef9ead18d8238404b78514f133568648bfb7dfc8f5cbed54fe3565a742,214,worthless
first_name,t***,c6e3b8efa2e064f346181daabaa373c96b4b8eb385229bcca0b4796762ad3669,242,worthless
first_name,t***,7a12e8b54fbb6dea901d05ae3136930b308fa365b60a88963533d77184e2adf1,213,worthless
first_name,t***,bb718bcbd5bfa4db19cb575821d9eb797b554cb22d1e7e0a2995cdbb885dbeab,180,worthless
first_name,t***,ebae3286d4b4944fde79cd6d22c1424de538842fcd327d095555b7fcf2ffbb19,212,worthless
first_name,t***,5bb70a6019c6f5b3f4a60c1d21b64afc73a30f2fa875fb7fd34b8dbfc99bd990,213,worthless
first_name,t***,69253c0c8673a10906ce2bc8a5576c0e3be81a1975d717f212b07f0db4399f27,222,worthless
first_name,t***,5ab2100b8233492a48d85e80a5e99ab7d8a656e5aa335b9297425b6d8aa7d894,211,worthless
first_name,t***,5b40cf0305391d15a0f7c4b3f3ce31378fba9272118e1c9d851749ce873c6954,194,worthless
first_name,t***,cad401455f21cc3753091e43b28841f8a539502350a9c3c5c3b339807b1e55aa,204,worthless
first_name,t***,f38d781fa86e835b179553ca5eba6e25f7ef638de5f2cc4093101bd9c0c35480,178,worthless
first_name,t***,02384b77a8c7b407bdc5728a4240a8ea97cffb27169560346709c5582537918c,184,worthless
first_name,t***,e4c6390600c22808569c2d711dc52559900b3dab8a332664378d17d937e8674a,215,worthless
first_name,t***,c789c298d3e77adae34eb963ede1b326068c2dd145f73232bece570aad52f18b,219,worthless
first_name,t***,1d52db947812e9307bbaec15eae081daccaa55a8dce571671db55e897802d174,211,worthless
first_name,t***,41b970954ba856ed1f16761ae9f9b51c5f3891f88aab4670cff722b2e2af5c72,205,worthless
first_name,t***,96dce3bf4a5380ecdeae5aeaa496782070f099498d33c2c5f686ca3287529109,218,worthless
first_name,t***,c676d476ac6801da65e0b8a238a229c8333d16ae2662ba98b77acc85bdff0778,198,worthless
first_name,t***,f99a9b140b71737a2fd9436323016023490fd3ba4aa7c6fac26d420b159fcc2e,199,worthless
first_name,t***,48d3fc3f816214ef51c9df1c4ee66f4f56c6d7a0e9426cf440945dcee665ee75,208,worthless
first_name,t***,bc1b69ca7b33c276659427d22efa6d9ffb4638bff54585503e6928abbb02c02b,221,worthless
first_name,t***,335965ea1e580928811b6c941fba1d7b26b045ced9e91ff285cac16e83c6887d,219,worthless
first_name,t***,604e669c5bfe1f9e5850c5acd124cd6871d917423a6ba2d1d026e880aa18672e,215,worthless
first_name,t***,c3d838e747f8b9708b06ba84db822181c3bcbf15ac1afdfed5581130e2f76202,244,worthless
first_name,t***,ade707e4c1eaceec204a0e7d7dc728615440f5ed7ed675972e211819524ec7d3,225,worthless
first_name,t***,254cb187c6c99dc6d24460dd28354247832df12392a927365af53d29eeaf3b0a,216,worthless
first_name,t***,208ae01fe2a621982947fa90174f727a3244b5c39f3acf7f16a7e66363b3a245,250,worthless
first_name,t***,7388eca81b889ad3a0447b9c48b5ad5e79a755202442f471b2b0a0b0d79c4550,229,worthless
first_name,t***,dce3b77b30b8a290957f3938c9d4b180ea333a4b4a3423be366d5b50eaa36bad,225,worthless
first_name,t***,9cca9875a103f6fe8d64cd1c30528cf19cc5ff64f2d1808a08e98aed6a46ed76,211,worthless
first_name,t***,390c76fe9fa72cfb1040fa4ac0d43bd5dc7d5deee0ac5c1a63ce96d5ff3af555,212,worthless
first_name,t***,79cdbf73014dae7e3ea7a761f4c9d044acb34a04ea6946b2f06908ff089582f4,220,worthless
first_name,t***,a23292b4b380e83026831f5da23e8aa944032828ab09eee78a6e6c7ec3174a48,231,worthless
first_name,v***,e419ece2e1cab552af537d9bb21af16c5722612423f17a333e090052e8537958,193,worthless
first_name,v***,0b33005d76e2c98ddc07d20bda85bd867587ee1cc3e95c6104215d189c5f1ec9,222,worthless
first_name,v***,7b5756496f84826e9e243b95b6cdb0a07f54fc304fa691726fa9dce36b04f6a0,199,worthless
first_name,v***,e07245ab91161b49c5133988d27a459682a697b4bdbcfdbf995f740a57b1af7d,265,worthless
first_name,v***,5dd4602ad34120d1d162d073660ec0a4d918a3be98b008bd8c34521a7566f36c,213,worthless
first_name,v***,baeb91ccfdbb8bd49b2a4f6966cee44ec0ba5372c02b1226c5cc25ee59ccb903,218,worthless
first_name,v***,4e77445651865d8332f0fbd60d5b267838360694f6735ed30bf44294e5fb0769,215,worthless
first_name,v***,4b14aee213d833d5bd64b1d0f741c4afb29e8f676c5dea12c2c8dbd6bd92686d,218,worthless
first_name,v***,e9818a11e25f3ff01eaa4e2a203adf8f0da722eb1afac7cdf94fda9da9576991,235,worthless
first_name,v***,aefb240e6620b833be8523a1c18b8c49f73e1df6f9a8f2721ad63c262717cec1,208,worthless
first_name,v***,4139ca8800aa75092f16af1ae0bfeb1b421cdf2599dcafa4e5e3e478db76ae5c,218,worthless
first_name,v***,c0e246a12c21aedf58583fe6f1c9d3fe42f4b9311b75894e2b26cf9739f46e40,219,worthless
first_name,v***,44232121cf7b17789450efd91bbe6e325adf63ac53a482a7ef8134a6db919c17,220,worthless
first_name,v***,7df2d306c65eaa7a2498c924ccb742975a541c37044d07bf1e726486000c713f,229,worthless
first_name,v***,75daa3f634a8b502d0d29f874c7fecd950c40554414c9f5f8d0175bb68b7bfc8,223,worthless
first_name,v***,8390e26cda66b332c86dc667f891b3c52985b863bc886c22e54305a5e5aecfbf,227,worthless
first_name,v***,adf977582c02e18a4ed19062f8c284060ded214b6b1522b0e0d7d0b1df5db908,206,worthless
first_name,v***,3f5e07c7f9f782069b8bb2bcd32126e53a26d3c90b090d1baf05141841ef3509,214,worthless
first_name,v***,e9888603cbfd8c3e9d408a0f550e0ebfd56dfc0355e12a9a5248fa1d5057e8ab,200,worthless
first_name,v***,b1b888972922c3b0c7ae4eba8f524a6c3c26707c48558c5362b7ccaa73735391,250,worthless
first_name,v***,615fab7c9736a9243eea67c502fb3886f47f55663ce10a12bea6c8f3744d52dc,248,worthless
first_name,v***,2b9d8c80fcca797009f532e6e61035b55f09fd704a00fda8970d0c55a94d4a8c,206,worthless
first_name,v***,4535942f80a56dd5563f5cb2284c4be80330666bbf68da5cdc7b2c406af0d2e5,226,worthless
first_name,v***,b98c73d43e564e581741355e6672f6bfb3bcf81b5a03c0bb3ff3bbc77bf910be,217,worthless
first_name,v***,7aa191de69e29fed9990a34612dc6bfa7b039b4d2404bd0f9f9ee835704bed1e,204,worthless
first_name,v***,93e7f8d298fabddd50974c5d831070311d9b9d8d117f6127c059b9eca1b2232e,199,worthless
first_name,v***,dfa9af02131bd87dfd8adb32ecc5953f942e6e29a18bb007681552f2af015816,186,worthless
first_name,v***,804bc8f483f82dd8060e22c56765008df3cb2a71f503f25997f29e150ed8c0b1,213,worthless
first_name,v***,9d43b4f443cc4d0cdbc75c0dd92192760ff509443031cfea4822134d38c876b2,209,worthless
first_name,v***,17ff07191ef4bc2b10053aa67699e827a94ea2b2fa0188309a5969c0272166dd,241,worthless
first_name,w***,d5b731c084883caed48e4fe1947a79499c4d7040d3102ad6a37d702acb1d4618,230,worthless
first_name,w***,4f72c547f7c92831ef6e5bb60e43f6677592a4c579051f503cb196f8b5861f54,206,worthless
first_name,w***,647fae0ac8f9df6420463b1c34797b9794620b0c709411070855982b3c765df1,209,worthless
first_name,w***,27d7f8c94b6b4aea948bc0830ab6d178a11e6ddc60c05250df1b624dd652f990,235,worthless
first_name,w***,54db70726bc40b3dd8c85519f6353bad13629f21778e90f546bfb032c0d1ca02,217,worthless
first_name,w***,49437ec3917bfb007ea1a336396a641603df1a9517fb8922b784a447c252fadc,243,worthless
first_name,w***,d08986ebbff8e6fd628316b019443bd870144d0fa2cfdf8de14d8fb2406dfd72,237,worthless
first_name,w***,83921bf27810c21e96052e255a6ebd250e37f253fc2d8bc8f56d7045fee9c5ee,183,worthless
first_name,w***,eca6d882edc5e50585c144c8b6dbe80c81780c154dd487dacdb027794f7140cb,217,worthless
first_name,w***,73a55bd6f84a275e0a683887b0781dfc03e296395b1db07d9b2725bae23cdcad,241,worthless
first_name,w***,34efa2226961ae89a29f23089f9310897e2dc7d5494d42bd5e319c00687bc104,203,worthless
first_name,w***,eaedd9b4a6adc3e8a9b2905b87427ecc920a365d8226ae3354fa1e8bffced459,219,worthless
first_name,w***,c69614b8128d36ac9561c5b30b6e66690f16fb902e27083c9ef3df5d876b0b35,225,worthless
first_name,w***,f341f2774b849f4f2ef69c94d63e273eee25dde84356a69d192ce5905f00fb6c,198,worthless
first_name,w***,b850bb4a8fc305b14ca50a7971f6b0ba7c95d62ef641bf00e3ab94fa4e05ce42,215,worthless
first_name,w***,cea82e952b76d6cdf317e274d206cd1bedae3e9183716bd32cf562d455b6a30b,198,worthless
first_name,w***,1e4c6311cd74d2788ad72e6fff7593ddf7bc7dd73d375a214688cc2501499a4e,175,worthless
first_name,w***,4f172bba5464596b251a2aa02337a9a4accdaac6625c681407521ed17eb5c36b,214,worthless
first_name,w***,1f226c59ef27f6e0432f92d660209320bc48c6f112af1c04ef6ecdccdc50ad9c,249,worthless
first_name,w***,396123c1a7183d71e83bb5c91f88a5f9cf86ca974cd3559828a04756a4681b3c,231,worthless
first_name,w***,c11f79d0d11afef053b523a1d18c41206b9cc424f1629438a92b81761b658404,202,worthless
first_name,w***,5b8bbb57219b2f175cc46a70b7375e56b4cbc217aaf3d0b02af936d9d8ae7f82,242,worthless
first_name,w***,bf25649975f8662d4b5aca2c42aee7c56ad098cff8064b1a3d065149f5518d34,211,worthless
first_name,w***,560191c367a83edd2bff6d2e5e8cddd0ffdf411bdc0d23960abb5b2c8fe11157,197,worthless
first_name,w***,340fbac06d7c73423dae0bae88d051763e6313c2df29c8996becdcc934a4197e,229,worthless
first_name,w***,a154716262d882472500f33f2604db96b01485b76e61896801efbc100a1b5d4b,213,worthless
first_name,w***,9b367109f0e98dcedef45d3dbda0884b16209ca03f4257b3f1dc5e578dd9fadf,205,worthless
first_name,w***,44309750aaa023f2e3fffd33c15164c21df32c57c6f14d395708375e3b5c1c4d,223,worthless
first_name,w***,10aa79ca25453c2949a428b77e6e8fd8b5bf7054d22ead6b75f1b9ac2a62ad08,189,worthless
first_name,w***,3d4d471dab1f1b75961beb8a1acde0dd83b634fc1ac94d864c09c6e82ce4a863,240,worthless
first_name,x***,bcd882c2ee4414f1aea4b3cf812f13bdf1613220774d342ed4b3e53d7de475aa,240,worthless
first_name,x***,0aa9b0f43cfeb16ade1fa87d632adfb6b87d41ffe62548486c200a9e7128f8d9,221,worthless
first_name,x***,9892779f67c0217af213b15c02a9f3d058a7495b933745c6c398b76a838bcdb5,212,worthless
first_name,x***,017b04fa6857bfd6b9a822a86b1c1dc4320b9e8c55bc64b35a4da1bfda3fca8e,222,worthless
first_name,x***,90c21493e292d885dbd6ab39a28c79c3591c821b8a4b2a44f749326c94216f61,195,worthless
first_name,x***,0b4ed111cd0cd446ab68bc962bb355747350af9e6c9b754d8d3c71907151f1d3,224,worthless
first_name,x***,c63de733c21699fbe22873b044e14add844ac39ef267eb160abf62225694e5a7,216,worthless
first_name,x***,80d8b1721ce2ff89d59808858b32551ef0b24d3258bb40832257301dc9c2bbfd,214,worthless
first_name,x***,6793b0c988bb3f24a56881f55ee85bde9aad0387377898e6acad5a553abd2fe2,233,worthless
first_name,x***,424faf1dbd4cbbe22c9dceadcdacbf8bf9e82570fb9c0dfb11d15496dec2212e,222,worthless
first_name,x***,4537666704f809c229bca47055dd1907eb3fce46df12611cb486cd4dede0b1ee,209,worthless
first_name,x***,1eb26b49479c99258c2d960bd6861ca2d784fa3e47372319ccad5c680d67ee98,232,worthless
first_name,x***,b189e7fcc1b3653ae004163b84abb1a600ac3a1403a277c6dedc4bba0c6acd51,223,worthless
first_name,x***,e788c567c608f0d1e9b491cb1da5afe7955fa5f763754da43018dbb1194b0c99,209,worthless
first_name,x***,2fd18a2f02a0904d792bddc3a4fd332067c441434b3e71049a4b3f540c5b971e,229,worthless
first_name,x***,37158204e7b0a8f848c3eba600193eaaab5b491af556f97d16018aff02004da2,210,worthless
first_name,x***,7d71c649efd4997ceac9efae51c4c3c4ca968581d30674c0e4f40c2604455217,202,worthless
first_name,x***,6d3e3b1521c2c4c47c359a1d74a2bb1553f60072e38b21b76e53c901cb6c1090,185,worthless
first_name,x***,58caf2894fa1ecc3fee1f54b7d7c3eefc6132175209d4def42a0d9f9d92aaf22,184,worthless
first_name,x***,47092d645f59de25359c777bf33c225b4760c16933dc35aec309c078b0a81b7b,212,worthless
first_name,x***,b5632e6d6f16b534bf0807596d72d6acd514f02631b7c1ce544b5da86e7221fb,239,worthless
first_name,x***,ef0953f0f34f587fbfefb6b5b86a2eca8b9b403be01fab407a6b020038796703,222,worthless
first_name,x***,3076ccb794188f9142c9832673b22a67331f3644146d14542fad39978123e45b,206,worthless
first_name,x***,757e763b484daa2d75c9999be22b333b42bb59703580ad11435977ff6d6c74ac,235,worthless
first_name,x***,9f6e09ca02d19d109d5dec7fa5252ecbd5251d331b346134d94601b0e3779fc2,198,worthless
first_name,x***,b85a788df6a6ff95f0d2614863046000fa685a1502c9112feeb22ed7085e139c,227,worthless
first_name,x***,3ff68e62ae44a1e3c94264128d45cd56a3425c9133b759c0894611c09c43956a,199,worthless
first_name,x***,769f110dd673b3412078ae5efbd69c6b7b692c28a951ff9b869b6a6bb62e5acc,198,worthless
first_name,x***,1fbbdfcb6e279ebefe16d0c3435684af5f6c7f2e1c69c2dd82938f81c985a8aa,217,worthless
first_name,x***,654caab2aaf7ecc4a16e561050bd38da9fba752d4c9641f8986bc9c1c89a084a,212,worthless
first_name,y***,262fbe20d5b54ee79974a2369e624760560d29350f6e56f732b5853a6a128c14,227,worthless
first_name,y***,9280c320da37ff145654d304182b42db536fd1ddfbd4258f22087940995f176c,221,worthless
first_name,y***,51730389f514f3ff92bf6727218aa692239aafcb1d0f4057e6ff7e7a741c7a6f,207,worthless
first_name,y***,cf87578dc7276ea3b3596d2720111cab110e0b5db4ffd667999309d80b900a4d,228,worthless
first_name,y***,3f6e777d8327b06bcb2e56c9da402d684f5e6827c498f6fb31df5f51e74cc089,181,worthless
first_name,y***,b5356331c366b0c4cb3dc727c649bed5f6d06fdf8b3773fb7917421ea6ed7a68,213,worthless
first_name,y***,fcef4f6a0e06bc7fb3d586e3b595b975fbb10a8b1b89d57047132c99da8a62eb,219,worthless
first_name,y***,9340afd5035edf160b931db4ff24a9ce4fc4fd72131687c7b245a1ef03414b67,208,worthless
first_name,y***,8abd2f571726df86f5c7e01cc45c56a6fe5befba41bf4419d4cb56904ceb58ef,218,worthless
first_name,y***,2dab4c3aa6560f1659ee0515be9aa823c575bc05a655caf9c4c15fc0630ce118,209,worthless
first_name,y***,1d0b5fba16b4c3a2d2f964290e44ec05ec12d3d7846423bdf0b5e5804103863d,201,worthless
first_name,y***,ff03784d355ed6575919dcbdf0fddd477c0947d13ac06072f1c9066cf463c50f,222,worthless
first_name,y***,74d5127886cc4d530ba8c45e19aaa2c47b773b11cf94032be8596abdfc4521f0,234,worthless
first_name,y***,8ddea47f382c87650b1ac9927dafffb77378f53bdc1b679a3ca4f50336d53a08,207,worthless
first_name,y***,382bc5603f092c4b71847bdf624aa931db4a6373bb7667f081ab421fb6d1742a,226,worthless
first_name,y***,3ff077a9814e9c69c46c05946f122358b1441c9035babfdbde2a917b61553397,242,worthless
first_name,y***,a689ff74afb5b34fbfe48f5dd660df3b90f91d68d1fb89b9ae2febc7a1a5efb9,198,worthless
first_name,y***,767a3fc57778b8dd087eea62091276304132fcc1e1483b9dae48f63d273c6c98,211,worthless
first_name,y***,0b84e0d4ebf0f459c01105a9e74f5c8c23fdbdc3a3038c0ded990347925eec41,249,worthless
first_name,y***,0da4d72701a07134537d7f29bf092a23eeacc82640d7fa7613aaba5e65d1d8ce,234,worthless
first_name,y***,9a566e1671cdba06290a0b7c1f59908065d98b5e323242ff6f9a97a027ed5816,231,worthless
first_name,y***,b89cf06b2f7fefbae3962b9a96ae159d105416829c7c111a18562b27034c8877,195,worthless
first_name,y***,32dd57a3508017e0275754d368de4891f54ea44eab884ae51f2fc4e826ee5df0,232,worthless
first_name,y***,33272202cdbe45b2000ce8f138b66452450fc29951300445ef171c0c8498d772,220,worthless
first_name,y***,47c7d939d5f595a2ff57d25222f9ce8cc68be1356ef67f2d3d7f5a52d1166532,218,worthless
first_name,y***,0bab48bf6cd6d55baa4947c83a0aca8b24d214f18b7aab9fe2977adc59ae8772,184,worthless
first_name,y***,cb86117c9db832f6ac173a32006c6860fd0817c301e425128eb9474b15f5bbd2,225,worthless
first_name,y***,35f5cb135a38ae34c7c520aad91f6e39b9be8ed65288570f327057fd0d4a37ef,207,worthless
first_name,y***,35903cb82e383117873ab10a5a855852bd8cd8ad6d12ecebad1d4a473871a8ee,189,worthless
first_name,y***,d2af86ca8a7f0eee3f6a6967e231bd6c40f9efcd72cf85c2d348c4895de4eebd,245,worthless
first_name,z***,1a7f1c9fb13bb29d58c514e612edf74cbf72de7df5c0e81574409ac314c87ca1,222,worthless
first_name,z***,16f28ef5c70196397163491bf0c0739bb93e706bb8dfcd8edb9dabcd6375352c,191,worthless
first_name,z***,bc030b6ac27fbbb580077cb212c6e7833afedf0f1465ffadfb1547db3d922746,205,worthless
first_name,z***,7be066e7d0a166d3614eeaf9bf72ae5ebede8c9ba1733a7f8014bdc5aae3eb2b,220,worthless
first_name,z***,6cf8d5a34385feeab0e3f0133db0a6bb0b0a15651c9796941fac21a7cf225e38,241,worthless
first_name,z***,770c87d79ea563015a17b53797e148d40980331c9420b00ee326cac4e6690754,202,worthless
first_name,z***,e7940967fb3fbb0daf9965e26a10ef4b51e0560aa15059e31afb3da6608c3495,225,worthless
first_name,z***,5b9d1bf940c260e02c2c9aefa7ce9c7729043ca29aa11b13b91c889c6a2594aa,212,worthless
first_name,z***,91010191a91eb4972f394196b2d165f34378fbc1ea07d5309e4e2c1b4e110ec4,209,worthless
first_name,z***,9c87e7bda176a38a6eae290a198f1c9e7498db87b35a382bc9d69793fc3980ed,213,worthless
first_name,z***,166b4f59b17b9ef7ca2559507d6263a89f6f1445ed89173308928cd94baf0210,220,worthless
first_name,z***,180178a03220878ecec189369b53f9905653c73f5791d9884bd604567ade9433,226,worthless
first_name,z***,e634a693fa3afbcbf8bf716e6a13d2158616ebbce497d41f56a3eab51eaa52b3,197,worthless
first_name,z***,22eb9b8952a10c8a0f30290e9cee8677b6897da07e61ba11ea1f97d322bd5ba1,195,worthless
first_name,z***,44f83cd89554c88ae67d01a5e4f2829729cd50e362978099eeab06f8967416b9,229,worthless
first_name,z***,4ee664a6c550e8c1d6b98050cf8ab07aa65a853ebdaec3cb8e7a448bc6b50369,225,worthless
first_name,z***,85985826497711d85122c7b801324d342e465eb5504d30513e895d59ef6659a4,218,worthless
first_name,z***,29af1f1768259e20520ce510e50ec400d3eb5ca53fd4f0c0e4a548b8d42e2a90,231,worthless
first_name,z***,67ead2dca88773ec1b46002261cc3999ed7ed62834eeebc5ef212ec4a661e004,230,worthless
first_name,z***,b6d96b33402b950bcc61706e86d78f7d1b9f0aa1d848dba313e21ba32b16ef7f,236,worthless
first_name,z***,2804b87f9d1cd71cf991fedb07e08c35f325c4dea525fd9c0e754ef31cba8943,211,worthless
first_name,z***,fa2a20bc5d9ec8306bcee74483655c17b93c23041e864120c5ed1ac7dd56627b,191,worthless
first_name,z***,96001b71d18b94309cd7bfeee395043b7239ea1fd0d265110fbe1d236b2b249a,202,worthless
first_name,z***,6cdffa20a37374387624bd957d9634b58b68f5e9272cc23010bf1e577b26fbd3,199,worthless
first_name,z***,10c2ebeb6a7ce12cea6263abb0c44c64f7e0bf0aab161751992ae9747ab2bc2d,206,worthless
first_name,z***,f55ce733fef5cdd69d272dbb6773f023c792829d380ff7b9fbe4c2d51696c309,221,worthless
first_name,z***,cbcb6c87083dc57b85547656925e30d443eda83f8f94b555733da25ac8ae3944,230,worthless
first_name,z***,8eae66653a5103b91b68dcb9b6a2975a220403406ca43fe0c4accc9a4118dcc0,214,worthless
first_name,z***,beaa8ddbdd3dfd3800c18119342d3724e97887a73c8027b27572ed57d265fbde,218,worthless
first_name,z***,d58089545b579849314e66965ce0898fd9d0c1639ba7a3f242cc93776ed55951,224,worthless
last_name,"""qu…a""",6b73a48d3eebf7123cb3e6cba145f2c5b5bd2b5b03070398116128078e297199,136,worthless
last_name,b***,c8ed91128da4eac12530a4b2da72663880520119fb6635387eefdea5dbd7156c,223,worthless
last_name,b***,365010b3af5d67f800a8f536eacb6c293326379ceb7619a17793bc85f234af2d,238,worthless
last_name,b***,ea2299e8605f3ad4b29e6ecd0d39d9a764b1ad408433cf9c6da99dacf30c3c8f,230,worthless
last_name,b***,3494f7758c18460532da8237384623796acb69e61eea2ab4fb07e2e4223be22b,216,worthless
last_name,b***,94f21f98122fd3e3d9af94d37745e78dfe996af265af802ecbd63ebf14dec73e,213,worthless
last_name,b***,3412019eb1cb16712e967fd45eb17a677c3d3963298fba42a02402f774488cf2,204,worthless
last_name,b***,37d43e5b15e08a7c5b0d5b44fc127aea7e5f8f518d6673b4fb127594ee010a64,218,worthless
last_name,b***,a388478b7c70666e60821cedebd699e139371095aa1670ad2e4c3d5275c2a69e,191,worthless
last_name,b***,738f48c4db791d402cdcbd10132ad3d4440ce925f77c807d04b0922606484698,224,worthless
last_name,b***,1cb6e991a0e208bae01b0bcadb537c24f22fcb18c9516c98d7b2f30fcb94202a,231,worthless
last_name,b***,8c622f7b2500e171fa78a15e39587cf84c14db9b9e15aced8227e1d23fe484b9,182,worthless
last_name,b***,812c6a4dc6f64e069e59688f228646d1f571abfcea9b4acf4dd9e30da1d57136,212,worthless
last_name,b***,99c093af80e40f3e9de5ae284ff443757c3d172f71e2a15a92519c386870838b,216,worthless
last_name,b***,fdd4d9615bb3fa303ea36b7c2ba60a26acc753b7a1841907e3553d375507bafc,209,worthless
last_name,b***,c3f32ca85abb34b2082f6d523337a2572d298adcab86425fe4d2d7963984e05f,215,worthless
last_name,b***,a97d016f786dd6a45f0f2516ef0cfacab084568f5a6f8422331b299307176668,200,worthless
last_name,b***,49c5c9c00fe1b361f138c11f0486650a745b03271e94d6b232172a7c3d125556,228,worthless
last_name,b***,ab2b0509ec244e0bdb87992114924f0bfe235b7a6cd4d08e136e6712e7fb17e0,216,worthless
last_name,b***,7a7ceee97cd68f90c1cb9355b4ed15299336b57c9546d5ffd683351d8f444b23,250,worthless
last_name,b***,0a9e130bbf5887b7c352326e52e28354e517671faa14522e262ca0bce637c43e,223,worthless
last_name,b***,5a554b80d83d6b0dcf1b575091f8985eba688a8a1aad49a3bfd1158c8ef021b8,209,worthless
last_name,b***,d9b21fdfc2d5d94ca43511b90650302f129a307040202ec1c37926221f42e3da,201,worthless
last_name,b***,fbdf6072395b3c0ed7564bd2483dfee84788621bd5f68964368e22ca55a1bd7d,218,worthless
last_name,b***,da23fd4658b37c49ffbb27699b5349a7d8758a3ea64cfaee9ef3cddc3256c3f3,218,worthless
last_name,b***,3131882992336b1e13d3d88f230dec6d63b853c9ac8e7960ca675ed8c6e14774,205,worthless
last_name,b***,12b476a8d84982a41c3291095b91e0e917e741632b6119672d61b1f53b173638,221,worthless
last_name,b***,e50eb9999a1cc0380a522fbca5ab61976401049e9249d744730541da013d96b9,203,worthless
last_name,b***,8427274d2bb739bd63f201bf298dfbf96558c666d4bd7105a2e8464e3d03f464,212,worthless
last_name,b***,7b8555e03056174578a89b1882604dec6c6b9056690ee87fe7f3163814fa39df,206,worthless
last_name,b***,4a10c723590fef12e78502a47f73f68e3826b72b90350c8d39636ab29fd4ebc2,230,worthless
last_name,b***,97bd37bafec173b9593e5314648d2b79df433f81025361d9141d6c7fac9fe2d7,203,worthless
last_name,b***,e1e9c6fb0c6fdee0953d6f78a932ba8237c866743db1062dbe83c2567d478e5b,209,worthless
last_name,b***,40f3aeee6a103c8661fe7aaa44dd273dcf6edd219dce96f8da9c9ab90e8df5ec,221,worthless
last_name,b***,ef7d9791a8cbb29e768d3814ffb22cd4ae161975cd36a19875bc25e073d68542,226,worthless
last_name,b***,d57b029b8607f76580f464a7249f085d445139899fec8bd9e56763d2525444a8,233,worthless
last_name,b***,652951ca9d015efe354f7a6cf52019d03ed5653c2fea1a830a4d029a5b249884,196,worthless
last_name,b***,77eae87bb8461c67dbd6ffa3f42e3197e8f613f292a09135fdcd89b25f5d7fc2,197,worthless
last_name,b***,26b24e3c859a6c29f23898faab368294bcf41d208287aafa2bcdd384a3d23243,222,worthless
last_name,b***,766d4aa26091978f2d29fe0a1e7772aee5c9c7ef90e64a71e1e2a23af7c65f15,206,worthless
last_name,b***,9da78577415c120a7045b6a0deb0986b9aee49d6b7cccbc051113f3e90cad8f0,186,worthless
last_name,b***,a2aec8c26de69f0bacc596662bb1d3325176e1f883d3b6fc6d9348663ba8c633,222,worthless
last_name,b***,509e770b875302961676eef45562509b756afb3d30a859cff8465bb61852a103,200,worthless
last_name,b***,75dc7b6e354d207c69889c162c410cb3426b2c0352c8bc6655162bf3ddd9aa9d,217,worthless
last_name,b***,4f385c8e3bdb094b9bd5d5fa611e4ed5f7cb53f8f48ff854e50bea7f45884d56,233,worthless
last_name,b***,afb1810cb347295eb24647355f59eb2d9947667a58d0153e03165c155c76a81e,228,worthless
last_name,b***,806e9c378a14269f1905d5ada3a5a231abcc7438e8261160832b529c98b4825a,202,worthless
last_name,b***,2b3f97b3d77c7424412780463e885e94e766efcea6a8022b8eff0a5738ef4607,211,worthless
last_name,b***,5de8869ac8a917e4252dd781c5085717d42f08351146d0e09e63af2bbd6ab973,240,worthless
last_name,b***,b5bf83746e0092f8b4f8d69a2fe5009ee7adc2c3fe5b54a459d8c53218d1424d,233,worthless
last_name,b***,6b815ae2ed146ffa4f5d94efe61b3175d23ca06ed1ac4ff82b20215b17618f97,236,worthless
last_name,b***,cf7341a2420e4e34313db95596889005ee78cf6dba5d6ec2ca6d0c82f64a0757,216,worthless
last_name,b***,1248d125ce01be22b6805f0c2d3503a4488e9b42981b1eb948a16dbf4f6c24ad,197,worthless
last_name,b***,d2f363ca1b9530a249ae292def75a0ffdb8e5f2ca3b16824621eb8c73b74c75c,193,worthless
last_name,b***,37e19c656a9431f01564dff25278fc83edec68881249b3d53b98f49731030746,208,worthless
last_name,b***,26e4b6619c980219f543a60c3a6d84f63abcfcd9c72042b39b5a68147b9e97c4,217,worthless
last_name,b***,db1c54c7e92d0ceb12c12150f29738fbece52d8e3a39b27de21298b90e72ec78,229,worthless
last_name,b***,9e31c2f8982ca46519843dcc230ed0413d3d8f0bafd75a7a3bc2498dcaf4af73,193,worthless
last_name,b***,a1c4d846f3c3cf9ba95b0753fe3d2fb99cd245aac3f5903ee13109991b4455e2,174,worthless
last_name,b***,8ee7c99d3ac4d7bab1a35fd03384755e251228bccaf352bea763faf1e08eb786,205,worthless
last_name,b***,30438e3b9b6afe90a73985fdd9ef5b1274921844f97960b4053fc1350f2a987a,229,worthless
last_name,c***,c3c30e1fc14529b6b1ea7b3423afddb26220d446e5a3260185092ab6d09118cd,224,worthless
last_name,c***,db7620879b7ca070271ec40450a785296dba72f35aa1f3ac737ea839dcaca98c,215,worthless
last_name,c***,737a2f169e9f3341db7dfab19cb5bdc90659e3f6a638d0d27838e47a117a6931,223,worthless
last_name,c***,5b6d2c8747a48ac5b534df633dd65f2bf73db2a9558222a69f52f35f3b89acfb,220,worthless
last_name,c***,0744c5390e520bdcb834f2c5eb1954708eaf0a8903834bcf48c5b734330ec7dc,227,worthless
last_name,c***,c77012a3bcc42488997aef135360ab291a1b2447179c5346f68c2be870fd53fb,188,worthless
last_name,c***,ac309eeb2ca9d3df0e1703412bdf14735ffca1fa655d2a8dd0997f7ab8a9397f,196,worthless
last_name,c***,7c3fbc426fc3f5d64b2e23a1c5640c790f77bd2da39b41744ea5ce2aaba2ccb8,218,worthless
last_name,c***,8bd131733ebb412e43eb7912ca8d975d710b1b161fe8200f491f65ae2efa0047,196,worthless
last_name,c***,e60e34281890c4d0750332fc455a316820c6276573f22584e372ab659e9105c9,208,worthless
last_name,c***,08876d27abbdf975d1304261774a73370771738c798ea2269fd1e4a057bba701,182,worthless
last_name,c***,463f7f4827c91c0c69c8605b93d4568cfb41f1b369a4dda1a9e458ee163c245f,206,worthless
last_name,c***,56fecf1ef5db23edf9077df0a65b599e4f0d3bb00ed6aad9e221ba31b2ea9d1e,228,worthless
last_name,c***,48fec886442494956d7e43bf009144f6af30bf2c3e35feb44792c7594f160b83,203,worthless
last_name,c***,d6cd21f689ac2c8f168f976f015fa351a29ca1aa0af9d99f1a03f5bad6eef8e6,190,worthless
last_name,c***,492092579130b022750b5dae701ab847b8a3cd184b912cd5aa628335220b13cd,223,worthless
last_name,c***,78af20c2b7ef1d2f1d76c3470ad421ca7a30deb0bd943b368a810641e414b897,191,worthless
last_name,c***,cfca1c114f79e8ec2320533880f4e31a8589050edf67582ee4fa7b49bdb202c7,227,worthless
last_name,c***,8193703c39188cdfe927f84eb6303b630887381fa3dc4501c40879a36cea5697,191,worthless
last_name,c***,ceffdf22fadcadb17fa10603a582e72414fa908436c482f23916ddaf52622605,220,worthless
last_name,c***,daedf653f5d7ea95bd3925d14881cfb8e1be923195db2eaec1f5f47e2e500e00,220,worthless
last_name,c***,6d5e6c05c99d7861205b36380ad43eb993c018c86b609c9b9e8ea0db49bf2454,215,worthless
last_name,c***,effdc8782fc3f8790e795b0f2c64e103735fd1317febb3c29977075eb5551345,220,worthless
last_name,c***,96214919914c0cf9340cd0ed2a4e3fcbf0f248d223c44a79f0a429eea426e153,225,worthless
last_name,c***,4c4155325417a18b1f4ea04cab08d0a5b1115b33d8943078dedc58268639d8c2,199,worthless
last_name,c***,be77001f6aeacd6a7dae8c4b561023e9aaec4bd4a1102e9d46b93244f500ef76,208,worthless
last_name,c***,3e8a0795e08a111af25251d9089775f4dac007dc69766c2de6cddd869d698291,209,worthless
last_name,c***,5e12a5c70858b99bd4237140fb4f2996a717d9d9ac2ee4e58421dea3656f0ef4,230,worthless
last_name,c***,6105e64b5ff49e36ceafd023c9a18679de81d31559b406b29898167da3857327,214,worthless
last_name,c***,b026d686e077d13463c69dfe341d0014254e56a590e44e35d8a8007a84b92246,204,worthless
last_name,c***,ef9eac4629ee95e50c520d0d4561a7008e4a3c97bc91da6da83e637ed198fda6,202,worthless
last_name,c***,98d495e77232f30202fdced3219327d2c80d1c1d83880d4eab98b9160b11ef23,220,worthless
last_name,c***,04dc18334be59c62f774478c87975b397b61a6007cb31f468fe27f94da5de0b5,222,worthless
last_name,c***,519993dc19ad499989ff280a88d3efbbab75f90f7329b8b05bd0abd459887c32,210,worthless
last_name,c***,4bd0724faf59a36a86868d659eae77314b66f9ea0406b7a337980d3ae00b2352,185,worthless
last_name,c***,8cf7357a2d39b71df212e0bacec8112f039b01138835d3cb0855fd28ae712453,194,worthless
last_name,c***,2d72620c5ff86d1d043b4bee9968a5333aa61697b3ebdb053b38e4b145aa9944,207,worthless
last_name,c***,eaff563a0010443e4749042d28e56c115d0c9d6133225269025b0ee0994a340b,223,worthless
last_name,c***,cd2e0cd03e4d4d52c7f19b79c74b03eba1885be3897da41a3ce7dcd8078493e4,218,worthless
last_name,c***,c16915f72b3fcc51a3332ad7ad48227e01f648c13e4eb270553ad1b5fd4230e0,234,worthless
last_name,c***,f7605af6383e4fe4aba36dfa49289fbb8743b5ac3b18542f70581e893daf89c6,215,worthless
last_name,c***,4fd3f8890b0eade326d2091f24da49f1d8855c6656e824b1e36ff9f4c98efe1c,234,worthless
last_name,c***,90d5231c066b679232de3734a0afde6ef23a7aa2e78dc56fa501a2d3c7d1be84,193,worthless
last_name,c***,a7e8c05a8556d65abcaedef1454edfd8c67d1f70b99ac9107b233572cb4e1ad4,200,worthless
last_name,c***,eed22f78cf3db7d3b91692012e386ae92baf62161a800fda39470ac6b49cfef2,214,worthless
last_name,c***,931cd91fb003d5089c9a60c09f61fa06307281d33a9a4c924f802503280fbcda,188,worthless
last_name,c***,62dfdf5279e7cd49b35dc0b52786c1e7891e86e86108654427aa18219c43a86e,211,worthless
last_name,c***,0e31cf551395b20bc29bd97bdb7700a90b00d467139425d4d53515de662b29d5,220,worthless
last_name,c***,7088591ebb1f35c1bdb63afd40340993068c5e2fc89cf2e3a2728d5700bc9951,210,worthless
last_name,c***,63da51666edb80b4774cbe4fe64ca685a96a52f3d820564f7edc2e6093d48c19,238,worthless
last_name,c***,43606ff039155619f468b1f5d8ca18281e5f6fea87621dc0de3ec88d2c8e24b0,195,worthless
last_name,c***,23293daa2892a33343a10d91b2885e11764183eba874adb9744809e5d4bedc03,221,worthless
last_name,c***,f6370f6b7d8a7eba647bd4458fa2fc2fa53d768a498333a97e8e50203eaae705,193,worthless
last_name,c***,2f66a3c1f257a82e26cb6671ba88c049cd0837cbce1a0689b8c74ac53cea89cd,214,worthless
last_name,c***,c8e9c7839d39f88f3c93c129fe9b8bd05be15b23955c05a3dca06869f5fdd8e6,234,worthless
last_name,c***,c1c44dc6a09cb75f4896133b685667e961a03fbde9da92ccd51f64b9ba69a10e,231,worthless
last_name,c***,c1867d853dc1aa2aba15a52b9b942498b6bf264572a4a178b4189f23eac75765,217,worthless
last_name,c***,4bfb0975ba4edf69df64f18c58f399305526f2bbb37ae045a26e96ee13c4f79a,227,worthless
last_name,c***,d8d3ef81595fff4592fb2a9c775d86b7bde548c7979a2a723c7d6366df75fde3,251,worthless
last_name,c***,90f325c9b82e31756982693f061494210fd95c2e9ea68d8fc37f8fc41a852930,194,worthless
last_name,d***,e1de220a281c9d0b47402a2c62800207c6affdc7ffd2f986a642246e3f88160d,221,worthless
last_name,d***,b56639c752262758a39d1427a45eecb254163446cb8b45c46f81710c31d23cb3,238,worthless
last_name,d***,e8a95ccb274d9ffd28e51c3765ed35dc46c4f8e7a5037cdeab7998b57fbf40bf,217,worthless
last_name,d***,848d5260c759b4348cc5d71945c59e4349933ce135bbadd3e9c42901ba74c43a,180,worthless
last_name,d***,cdb1a30aaa798330b15c3b832a06e20472cf01214051b4b3596bfb9abbae7437,226,worthless
last_name,d***,36576bd0ef053a17d1edb3175fbaf353bc3a97141d18f8e9a702fad6889d8b77,246,worthless
last_name,d***,f1a936cd605456fdd53e0432c8d91af685a3990e043393f5f673e61056247eb8,209,worthless
last_name,d***,ac958b89bd42d439921448f95d8fceee101e4d24175c130e662ef26a4deb00e9,238,worthless
last_name,d***,7e21622ed705a5c402446f7acaeb18db873bf6bda4caed1b2b6e6ebaf6ee3e8a,240,worthless
last_name,d***,ff38ecf0146a47ecb7b932671a5fa18a33dece7260385c86102da0b374850b53,213,worthless
last_name,d***,d4ed5936fd8227c277fa704dc6587cbb27f9e2433442be06e2dfac076336718a,227,worthless
last_name,d***,ded24389bde5df05fc9df4bbf8ecc6392d916fcbb0434c44c8f03af637050fc6,203,worthless
last_name,d***,8ad2d5b4f792bd54a1cc993f0037eb3245937312e48c67076f1ea0810cebfa60,208,worthless
last_name,d***,dfb84678dcadfe2245777bb12be21bbee0fd619de4210e71b5e9a1a4d539c581,205,worthless
last_name,d***,aef1d2e729707d1b21c4ac14bcfca6d8c106d87f5265beae979a4ba9856c3161,208,worthless
last_name,d***,5aa62859286bdafdbb3cd6c2d6aba11f264c711bab4031973db7d0d40fec3e10,238,worthless
last_name,d***,2f8a596922b318fac28110ef11ae3ba19454c1f3d51cd052e0e7f352a12d58c2,220,worthless
last_name,d***,cd491acf412b1ea90b6c203cafde533520b11488a52bc6de98e5604bcfca0491,206,worthless
last_name,d***,43020ec57aa18f1b1c3a0e861921cf17392034409309d3166dedc6f235389eb0,239,worthless
last_name,d***,329bcaa280bfe6a74fb691f46e21df7f327afec1a7a6df1c0d1d8ff238d4d0b1,213,worthless
last_name,d***,80d5668857657e892e6a8049c4a918f58c53e7a6727f086c33ea3010902663d9,239,worthless
last_name,d***,c4956eb2722293ec86b041f204eed881e9d1a88cc0bf550246e5e16a3802670c,182,worthless
last_name,d***,b318ba78ca2a5f76acd085a82c0407cff12316f258596abba2206273b2491deb,182,worthless
last_name,d***,e27466493660cfa5ebce2f9c7f8a80077b8f0c6e372b2ce8218d25dba8131324,204,worthless
last_name,d***,8865abed12363403960e1bb1bfcddd6a70812a4511ad38e5f968c1ffcaad6219,213,worthless
last_name,d***,a8bcfb827a91ef41e1cf4aec9ac41e356947188f6d2ce7bc388e04a2e5c71bb1,201,worthless
last_name,d***,52fd426cc525715e256e01be498b6d2980399f2d584c1febf4ec93c2fb66c871,235,worthless
last_name,d***,87ad545852cfdda9ad76290a843ed7dbc0d72dbd74ff93e83975dafc0010d9ec,205,worthless
last_name,d***,d73a9ced305db58a4ce1f06ab7733b98ce3375de53adcbdc808542c12b1f7bb3,213,worthless
last_name,d***,0be9e74c3d03901db4795a900b1ed2403770282c2b79becf0c6890561d34d085,196,worthless
last_name,f***,e5bf9060f0e38704343f59b6c30afce2f44ff0c4390bd29685f7c867030db01b,225,worthless
last_name,f***,a2ec83b096a69abbc61b015398959d2562c30231d92d4798c67d8f76b600a947,241,worthless
last_name,f***,7aec247355b45cd9c483b3e10be5514e92de8d12a35b87aa2d6501d37a48e1fb,200,worthless
last_name,f***,8ae0953ce814d3f22282befdfad5f075035dd5943fff6c78eec0bc61c9986d2f,201,worthless
last_name,f***,efcc0ec771d943d714553f12626fd6ad8e64040272d45159e690fda4876e1fff,191,worthless
last_name,f***,e84ac5fe51c01aeb89dbc604c3c89f4a5c26fb4fcacef6787fe0525fbbd20d92,203,worthless
last_name,f***,008944bdfd597238960ed8eecfa4a40907849b816f479a2b5440a1a14bf4f662,258,worthless
last_name,f***,747e1931f51a55ed21d51500104e42d06cf49016d43f8e9824b0c72fbfbce560,192,worthless
last_name,f***,a233680ac40f7ee8ea98e8779131b66a5aa2e79b4b1a03feffbfadde7fd6a8fa,231,worthless
last_name,f***,7982b542b4333094ffec19e6c06f34cc4f668cb5815a084d6e9f9071675d533d,209,worthless
last_name,f***,a2d358c42f9a4b1416b4d964ee1cbf15b1cf57cd1fbf74d427f5d5cd5f2bc934,206,worthless
last_name,f***,15267a6ed7cb6bf2538e9ce8178b383ba15117c138c3186078b08c1b0fc2f9ee,214,worthless
last_name,f***,20e2facffb94a4e8cd5f262bf5d18754cdce90e9a37de88dbfc44b359f1fa39a,237,worthless
last_name,f***,92a7537a0031c4f206286e42254c64f5551b205053aca517b40c4f0bf35871be,211,worthless
last_name,f***,89bd71127316d0f63929b22a0fb532f91a142194a297b32337996d93af8a4468,243,worthless
last_name,f***,21b2c5bc87dec5463e1a7d41328828670ab8f64ec255af41036c8fbd88c30ed5,205,worthless
last_name,f***,641f9ba81a62be738913c175e5ffa83ee9e3925e014bab78382b80b9da29e2b1,208,worthless
last_name,f***,8b7e099bafea68a5dfb470160fadb6a1de094bc42db12a3f6ab05faed4e0a3f0,217,worthless
last_name,f***,2203785b1204efb965a8b210ab5d66794ec0b567f67c3f7dfcd44302f6497c8f,210,worthless
last_name,f***,5ef87b3957f300cf669217ee8bbdeb8bca56bd6512d452ac2f74178238271af2,215,worthless
last_name,f***,a2c7505ddc9e2fed5235e2baecaa69bc954dc82b2e9156a6c1901bb132a6d8df,192,worthless
last_name,f***,6be060c09675c463d2ac2ea17292bea4b2f0375235cdc89920c7ae5dfa47e05b,233,worthless
last_name,f***,231845573f4076156a8bb42d7187a6bbfdf2b060a6b10a5cdf75526bf063ef13,222,worthless
last_name,f***,27b1aa42be228accd76225fa61c00d0f1549b6d680c6f73586bc01b188660949,216,worthless
last_name,f***,1ac6abffef4a9ea83161b256c1219900d011acc5a0002c302dc13d5481283ced,222,worthless
last_name,f***,7db5c2d34670dbd4e0b2058d486bbdeeea706179ac70f5f27f21863c22de18da,206,worthless
last_name,f***,2ad03a0d111ff629604fdad1ecdc45347400bb4695a3af0b2cbd2536c1702865,214,worthless
last_name,f***,77ad9a2c2ac77461f8628e665655ab5130d7005748eb82064bca102daa462932,219,worthless
last_name,f***,f57c18e0275f9a3b851c32da4432250ee2d8a2694f3d0c255985567bcd092f38,259,worthless
last_name,f***,82d9bbb5f837dc12ade8e14c5b29d4651e5716a1d0e7b957398384289b800acd,191,worthless
last_name,g***,0e25675d899282e7f369d98d9b99e23302494d1ad3ffb394891f64737cd774f6,227,worthless
last_name,g***,ca3b8e81c6c39d83f856a66faa0f5330dc44567ed21034c318cad08fa2756c5d,216,worthless
last_name,g***,330ca6d0adf9a0731199bc00f610ee6f4abf4b5d8e3a98702117a9b76963c1c2,204,worthless
last_name,g***,df33695b74ccc6a4bff527606b6bda28149dd05b7644faf711f64e1b12e1af98,223,worthless
last_name,g***,d8fd6557b1435cdd392f481561b25090749a052177be92ba8051050aed58ead3,215,worthless
last_name,g***,2a2ddc2251d5f2856211776454f9215135d916fb31a8301447b82ad9604d5015,206,worthless
last_name,g***,adde5dcf91f98f651e341882312f74f7b0468b93b36bc07d0dbe9cfb12628848,189,worthless
last_name,g***,2cf8743dcf303d9a0dfb134cc09649db8b3fa4f88968cb6643d1e4e06bbf9762,208,worthless
last_name,g***,7f8cb10b25f808a47dc27621ebe987dcd03f29b9b7bf1728f238e5797786a03c,248,worthless
last_name,g***,9b16c221e13bb1361adf397d983c76babd4a29e2ed5d1099897deecebe809bd1,219,worthless
last_name,g***,39360c4fe5158dcd6e32414fd40314e90e21f4831bb578091f916f46b84d4367,211,worthless
last_name,g***,36398a903fd6b454a231eb2f059fd54af2bb202617aa1e5f679b758ac12598d3,209,worthless
last_name,g***,33c388e11b92bbae7fc2701f5d7dfbe0eb73d2d5f1b8adfff8c2d741e4dca488,194,worthless
last_name,g***,da62a84cbc4b78a4b52b372deef487bcfd0e19acc5112428b354ea03d0663fbb,214,worthless
last_name,g***,d47f4d29cbba2087deb1c0741544bb810ec515dfc4a4e1495464aa885d2b2bde,209,worthless
last_name,g***,0bfc162ab71dd30af8b3fc7318d27ad6fbcf2c6e188013cf36c3e82eef9269d9,226,worthless
last_name,g***,c5da80fef0cd983fb591541dc33005e3bea2738227aab10d78acc8d8ad19fedf,225,worthless
last_name,g***,5ab835ce2fe8513d33692f7daad8f5dd3df000dc2bc030fdf874465ddfb70112,252,worthless
last_name,g***,8118b32edca9cfb41d5fc5b2076fc4b7a682b5dce26ced63daa0b9c93019568e,221,worthless
last_name,g***,19f42edb6f398be89add4c3b41bab24636251e2f45575653254a1448d9c311a8,244,worthless
last_name,g***,4e62823f0f9314461503395e0771f3c54b9741581fb45b5f6139ce00ea8e68ee,230,worthless
last_name,g***,a034a62a5c037b270ce2f72415dbc58ba4f9653c147f7ef1af552ce499a43cf1,203,worthless
last_name,g***,40094aaf0aa593d5f9d980042758dd1c4086db26419a83685d395420ae974e63,232,worthless
last_name,g***,46e160f87e0fe8b95a341827b532a96a54d410b67007db6cc46d044af569a072,235,worthless
last_name,g***,6f937bc86a30aa4a8983b70e955c7425ac47bf05d5196e88f9212341d6b98674,217,worthless
last_name,g***,3a7140a771d39cece9ad03cd3aaaf75abba9005054993e7365a3dc751c82dd5f,202,worthless
last_name,g***,896054d5316a1e4a005893033c422829ee420548e890c549698a63f931b672c6,221,worthless
last_name,g***,161d3e099020bea83078cfae90af80ed57eeaeec37e965c8961d4e5614532b40,233,worthless
last_name,g***,5b65194cb38abed768e0f30f663f44763f4d12bedddf93559a5b2085b8310ed8,218,worthless
last_name,g***,91b72503d2a320ecd92ee614e74cb14ec3b3d0ccc4ba42cf8062dd3e24e3aec9,220,worthless
last_name,hel…ार,eb642aa7f0414a7b20871e88f6d2842d97da08c6aca0e6c964609208d7aff644,72,worthless
last_name,j***,223b0c57e311c9d8fd2e82079c3a936602c6ce3b396e3a8388ade50bbf4a18f5,183,worthless
last_name,j***,ef460cfdff4875fc8893d72545da7abd8d71fb04b7c227c7f18eec3a6e073077,215,worthless
last_name,j***,2095e9b96eabc4a7855befe20b2fd95ad7c771f1bccd319a21864d2087725e9c,198,worthless
last_name,j***,0453bce00d19892b2f00df5ed612f23bd6aa44e6df22027e5513382fdea61e52,204,worthless
last_name,j***,a31569c2c657da1452757bfd866355e8b1fb361d93c62b32764f6b12fe51ea5a,213,worthless
last_name,j***,89f00f2e6351a1dbe8893d55bd3cbdc835a26bb411e829bdc77994b6288387be,206,worthless
last_name,j***,3bc3d76db66c4755aed403824029d407b92894bf84392a6b597ea84c260fd1e4,203,worthless
last_name,j***,c30f411845a77f103702e19f5a860d1b9f83b5fc08e46b6b57bcdd1d6037927a,224,worthless
last_name,j***,e6821143550381c279563433925f94f467333c420c80c2112eea04162cd0292d,213,worthless
last_name,j***,cb822d050cd60bf8db04bcda0b6f12a54d5ff4d5c40050dac1c1eb25e17d08b9,224,worthless
last_name,j***,9f6c3748889db95cd6539e64326778d3f9183f7eae5cc4d3cae2890d606b9ab9,201,worthless
last_name,j***,97087f14a548a50ed4c585e0b8178cd2efbd2a05c8beae05ebb9e16d9b50a390,198,worthless
last_name,j***,b2d5a8215293460cf29b20b843af30edd51ee5bd5afa7b91e6c75404dd6a7683,211,worthless
last_name,j***,3e692e3cac90a0b139ee14f1b1db6b150bc40524ed86759bdc5dffa72966e9b0,191,worthless
last_name,j***,c7154b3b679b9152769c086ef052061a31e10b7caf0cf9d7d5d4bfa8d8cb86b7,228,worthless
last_name,j***,6297deb1b914b0b4dd2704a1fd9c6220fde416af4ad4d30375f829532ec77baf,185,worthless
last_name,j***,c46eb9d9351a9f93d5e5ea1c103ad547fe38c34c20ba26d619e12a23d96bca04,199,worthless
last_name,j***,85b5924decf6a7250ffaca3dbc48912ff8071e846c4a676faf80d9d0b88531ee,219,worthless
last_name,j***,0ab7089c3142a1c89f1ebd7d344e3c0a914883854f88c90dd8d15ef73cc5fdaf,221,worthless
last_name,j***,2649c9886b87b6a32bbf74c7576360dd6874c8af3c3e4da4621a60609ba92761,232,worthless
last_name,j***,75e8f59acad12be751e6eee89e909f5b514f5fd09da09eba598e03a9393b27d3,229,worthless
last_name,j***,699b64592bfca65df365425a7b1c3576bdfee0cf7162533105493942d288e345,209,worthless
last_name,j***,c2e39fcb9d96bd1fee47cde97ef1b4e058002c5a78ec2043bdb83f17f17d6e1e,184,worthless
last_name,j***,09a224e0a6dda634e766f1e38ad331b51c1410faaccb6e9b8a339b2e107e5752,210,worthless
last_name,j***,afb6ab05511570cf960936b66538a20e151629e2b9e01c44ae908b97a2c0ec13,237,worthless
last_name,j***,c90c46b0477888f1de84dc2499e15c926b810af38371112acc6e2037fc05c609,228,worthless
last_name,j***,8234e85bbac2b6c0e9ebcc0260105858e94fcf17458e9a85941aecec92b2b54c,237,worthless
last_name,j***,c14fa11909f5f8d18ae20f28a6cb39c9105d83293758c401642577ebca88bda8,207,worthless
last_name,j***,bc348efb106ce80e085ec02ee7fa919c294ea7002efbdd12cb5c4b6505247259,230,worthless
last_name,j***,d451c12078c33a591a4522104920d567e29dbc0064e6ad26976dadca883b001f,239,worthless
last_name,k***,3daaf10548dc4bca5a136fd24b913e83a6dbdc0455e64ee48c5d2cf465b0911e,213,worthless
last_name,k***,6fc8b057523384f756dd8756e0efd0c9ee41e1cee75fd046ca634eb94861d74d,212,worthless
last_name,k***,fa55010ffd7a0fa159142d4a28fbd6e648071d7ae001197fa0db293a62a5938a,206,worthless
last_name,k***,131b32fb99d39841bc794fcf092dbc981c7861f51886b5dd8e0b8745bbffbf01,212,worthless
last_name,k***,21f27c240029282c712e1acf478be6de0917811c056cec5a679bc8b6509335fc,226,worthless
last_name,k***,bd50fd4dde821dc2cdf846465f1949b4d4b883a47eb73d669417546c581744b2,255,worthless
last_name,k***,e210a2967aab27a74de1beb0fae3cfb08e9f6c46314009e8ac7e7c46111e93cb,167,worthless
last_name,k***,854dd90b5204631e113bf3565be5b2d0ffd4e484b603a98d3742d4c57bee75dd,236,worthless
last_name,k***,8aaa7eba5d25a44bbfcc250c2153bee97d5643f6a811b661be3de35733cdec25,222,worthless
last_name,k***,f8a1c6105e8d9ddc04fc404cebd74eefa04202f11b7ba1103031ddff8a852941,228,worthless
last_name,k***,50b544f8fa0135febc92312fc69ed6d0c08e392c7462379872a21d220e2195a8,217,worthless
last_name,k***,d538d4a8d1e48cb68a2fc325c52bc9e2f12a0450d84879e08199f4ee4c0bbe4b,221,worthless
last_name,k***,34a9e24ef4188b5cc57ab4b9070f76bea424ea1b92e18f434d9637711c78c0ac,190,worthless
last_name,k***,ffab5931ca73d5a4628651f0295f807ae1a768ee62aaaa2b91b6c265c127ef0a,215,worthless
last_name,k***,77546082cbb6b3a99e72875ebd2a2427cc6c3cdc04b01364f422d8fc4c49ed26,216,worthless
last_name,k***,069cbb4281fbc9eee20aae0a6c59f7df8a2bb990dbd0d8580cae9d8a5496cd15,226,worthless
last_name,k***,5ad6676e2981573bb64b3499d08234251be97de16c93e3a05eeaba12a4248a00,250,worthless
last_name,k***,4e12baeb2e24d17503cd1ae18e8c315ec880756138a2908992f99ccb009e202b,229,worthless
last_name,k***,6c4995083b145144c459b88e1ace8b55f0c1d881fa189e3b681e43d4c36a41a3,222,worthless
last_name,k***,569b146ead67f962e6bfcda3eafa38d01dc1155310c4edad8c9e078d6205804c,214,worthless
last_name,k***,b52deac2bc910c428151c8e34660baa7d6b53ef8d4d47ae64638d558e12c7daf,209,worthless
last_name,k***,431d3458966ca301e6e937de97c3934436c01cf5ec9cedfa6c9ec386ee93c9f7,204,worthless
last_name,k***,97c853ee7b8ecd758d37521becfb4e1fcc07516830a09e16bd94822e35fd2dcd,213,worthless
last_name,k***,0e5ef3a0a06f989ba53ed81b4b0fe8160173315b9c7219f1be8e5c06066131f6,252,worthless
last_name,k***,9229937dcb178cc9b99b5a272e99ead7331d7a3722a5254f1a16475efd13c10f,210,worthless
last_name,k***,66eb37e9da4f2f1ef7929607bb10d79160db86bf71aa8f2c58ef6e9cafe23421,217,worthless
last_name,k***,660045a0550153e90ee811eaff8241da8374736df9d264331c937934bdad2cb5,211,worthless
last_name,k***,90f9976216b06dd850a95380519410e37da36e684b5443e2aae791e552907f16,248,worthless
last_name,k***,405eb5cf1017509f89e13d0caee7c1122b06cb35b924ef5217ecebd8dfb71ec9,208,worthless
last_name,k***,3ec659d4bd6a6ed0aadd7b4aa2724a64d64ba900a123b9f6044b5683fb9596d2,243,worthless
last_name,l***,45f62218f78ae477cdc78cf271003610fd801316108ba136ee6c3051294c83fe,199,worthless
last_name,l***,d1a54e85d470dd7d290ae9ea7257d2eadb66a1f9578e92780517e417c4aeb54e,225,worthless
last_name,l***,f9562cb5d5aefbb13b4d7c7b7a13c37a64f14d8a9b20e8ef3806ee5e3a02a4a1,223,worthless
last_name,l***,ee7095157d3dc0aa7b6473b60d9fb3c9ab155ee6b4646bc654c45798df6623a8,237,worthless
last_name,l***,3d29cc347c6389c52ec4b31e0ff46faaf617716078097407e0d36ef6e0803330,181,worthless
last_name,l***,7eb6c905b35a22b8b8592626269ccef0db943348e4570efa10d227cc4cca64bd,206,worthless
last_name,l***,779145895b091ab6ccc57bb8e4d8a6a23477a25ef476d6f59f87fbe21928ff5c,244,worthless
last_name,l***,b70fc62172989a7c7cb56c25e1cb540e84ecbce198c0df91020bf10a356f343d,224,worthless
last_name,l***,aa4e12384cd28832ec8f5a8f5709a5e4abfcea2ffb19b30dddac862a50a04ebe,214,worthless
last_name,l***,dd9dc950167f7ee018e23ac07de952c3dbf58bfd9614e6fda586eab84627200b,198,worthless
last_name,l***,1d57b52b50305950fea94f0a135e665a0f887d2cf9bc67c18ea0bbb9c855c674,216,worthless
last_name,l***,cb08ff3e27bb9140d426b0f1d7bc4b5da857590a12ad07215c47b7c1d53d39e3,228,worthless
last_name,l***,20dbde828d5a728673c41f288d1526c225d6730fdc40b290393b11a9d110ced0,230,worthless
last_name,l***,677dfe2328188bf42ebd8764c4853477ab17b44b8a1103bccef979c08bada0b2,220,worthless
last_name,l***,3ab9c4e5bab425d688483fc514cfa010d6f0aed733cd697a9ed03712e71b028a,215,worthless
last_name,l***,1f940220e528cf89e6fe56c943f2a40c339460ba140a0789e4935f5b43497ccc,201,worthless
last_name,l***,9bd61112cf35a7fa14282954e1ce8fce9d0dd6fe46331c6268061e07dd014955,205,worthless
last_name,l***,6999b1f77a2d2c76ddf8ce8cde674acfb0ee711d170f4af3e26e0877cebf00f3,220,worthless
last_name,l***,877b1d81e7b389a4062f0666d3e637d8b3f8a82d5334f9aef4d1feedc122c74c,217,worthless
last_name,l***,6b7f1bf51067d265580b121d78412bbeeabcf9e406656c41b4137bacd375b507,216,worthless
last_name,l***,bdb61d1a10733b06f060bcdbdd17546f5bad80b921978d52484a1c8f708266f7,206,worthless
last_name,l***,50b23865809251ff934457a0aec32f87c14ef8d35a0fe2e8cf375c8a80794124,196,worthless
last_name,l***,778661eb3a206b32317d0214428543cc050deb33270a34d687a2c06d211fb2cc,210,worthless
last_name,l***,8137294c902ec6125504a5d0abb33d36842a4ccf6bab538c80c87fc013efa4ca,215,worthless
last_name,l***,4e55795a3c785418b8a00981326dbe9da3e3bc26e34c6416cc05c770b01ff191,211,worthless
last_name,l***,3a3e87807b57cb58b8bfaf33c9bc7e86e91ae056d6df54dbd2786384e870b94a,215,worthless
last_name,l***,abbe44b36454d591b4ff65939f9b5f2c4378eab66faff16d3d4b9cb79f456180,232,worthless
last_name,l***,1c7c576185d4e430a0f73a302cce27bceb3dc0b7d9e9a1d600705f9b5c5412c5,241,worthless
last_name,l***,676f98473ff173a4f4ab6481ca9e67c33bdbfeadc90fe1c385b33dbd55a4e6ca,214,worthless
last_name,l***,bfb75808fa7e37ef7965fbdf2f74599ea4879dcc0a4ad9e5a4727c86d39dec94,219,worthless
last_name,l***,14e903bf3d8be44ad5b03cd3aa6528bae62c722237f70b165e2624ecea117eca,217,worthless
last_name,l***,31170f1953eae28b4835cc6f682aa2124261919313655b874f482ce1636b19e5,222,worthless
last_name,l***,49bc665581d60c429abe55a99f85e3bdc90376049eacb4a473b34c3ae5e74fa3,214,worthless
last_name,l***,d4f3a5d84e8468a11287e67aaba83a6dd7f72ad44c08eb82223dea21fc288abb,205,worthless
last_name,l***,d0205e72ac4f306e1fb41d96f73ede212e02a9e442da203bf8a6a667f6b70b64,197,worthless
last_name,l***,1206747e602e35eebc521a6b5c75117dfce590b159320c2314c7660178fd0d29,195,worthless
last_name,l***,9155c1ed47b6df7e156791947d76e0d43656088307e8e3d36582efadec0b1f9c,241,worthless
last_name,l***,bf0e5265999eac465793c01806257f36ac2d6016ef5bce4ecd7f813cce160352,209,worthless
last_name,l***,d8d3c2b6d2ca42df8bfddf79e38be87442f3a3c5a231502015d5eb2780d251eb,225,worthless
last_name,l***,5473f591cb5c21ca4d8d17e6fa0ef9c330a56dce903f7231c2f8881feaa5a980,192,worthless
last_name,l***,6e933529fd13769affe50bd154a329b090b55079c329731b5f42700e9e365bad,223,worthless
last_name,l***,6ab5cb70e837a83506a4236f4f5a40d86b870cd4db42aa4152e05c283cec14ab,228,worthless
last_name,l***,a0ce8496d8d5bfa6dbbca955bc710bdace5c39f954b629997c783677e9f9716b,229,worthless
last_name,l***,4aca756350d063db0140b8f0cc1c14971f0b0dc1c9fefe8bff504b9d320dad68,216,worthless
last_name,l***,e5846cb0a80933dda5c89d6fb85f0613dcbe1348d4bb545606e244e7ba47f410,234,worthless
last_name,l***,aabb8114761126d29688c4d76efa1b2da7a597f6d9959ba68a8c0b0e2ae316ad,240,worthless
last_name,l***,262353250f2dc6c974ca0581b4b8f16069c07ff52028088ab12d41582d9ac8b8,188,worthless
last_name,l***,8adff3a649cc8c7419015118bf51ebd4025d3a49cf7ade1182662f2d9e6cb071,205,worthless
last_name,l***,1ce880d2cbb966f286c84dca68631990d633462b38a921e55d139a6ec7cf7a49,201,worthless
last_name,l***,ab3882fc22bee34fdc498407a62fc4ab75a65231fb164f142f501f4acc017eb7,207,worthless
last_name,l***,63119b209b8776428953f76f285e59ec27c7be1aa84a67b8597dd98d299b1dad,193,worthless
last_name,l***,2e8700419a6d74da2be225abd6272e50888cdcaff2a2b0de4fd6076489d8b94b,237,worthless
last_name,l***,b271342afa93450f85e44cb81a8427e58ee212265a46d707b7f944490b4da7e6,204,worthless
last_name,l***,28da6945a017f67668611490b34ebae20ea9f7f6aa78e7fea87c8a1fe570eaf8,200,worthless
last_name,l***,0c33f859c98fe7da8946a1eb417da74a2242c870c90f345916d41c880ceb2139,234,worthless
last_name,l***,6b539cff4cbacf74417dd8777ba748f22eef8eed6b75215f47453aa5cbb24775,235,worthless
last_name,l***,7470a552f630ce8666525c18e1efcb08df7d807a04133221b5bb560aef3c2e1d,243,worthless
last_name,l***,fcb405363a1dd997087310154cb21aa994d8eebcb4ce687dd846a9ff0ab0e848,208,worthless
last_name,l***,7e52a763e49397436f6eeabf39a8a37508706c66bf19885ccfc243a3a5721269,225,worthless
last_name,l***,51c0a79ed6d82766f261f51dad0821cd5dea6d45d2b68ff3185bc4e86bc556cb,227,worthless
last_name,m***,1d9c2eb9869404df01b70ceaa29f4f09a8c3d830fb192aef633cec1cc91ebb02,198,worthless
last_name,m***,44df574114f26c81b2c371858cbe33ce5fa90b00945cc981b4e12005329d7c81,234,worthless
last_name,m***,28b9cde02ffb515323267f229d12f2a1820595bbab39d6e1456beeba089ff586,234,worthless
last_name,m***,a2797476c934e9cad1687c80e03eeac39ed723bab343b385bc8e3317924e9cd2,196,worthless
last_name,m***,3d52613d41b2385927c522c653f21fb91da6b80de3f5e2c9afdea1b1a469dd1e,208,worthless
last_name,m***,e8cf4bd880b28e4786befa264919af2a549613e336627209d7175fe0968062d7,227,worthless
last_name,m***,fc1b549d5887d497ff958f4037d2db19d47e9542bed9d0a55f582891ef6e7d90,230,worthless
last_name,m***,2f4fd5c74a46bd3f3fde9f19c335d423477102d60637470b7480ecc0f37f7c22,228,worthless
last_name,m***,a29f8ed074cfe383430c71319f7823d37a05d578c5294a2ae1205d00ce206b61,214,worthless
last_name,m***,f4c446d15cb9ec3691138b3d16963662090234a92400dad1074884d04e2658a0,237,worthless
last_name,m***,e2d6b81fc4fb9155bb18ac86599880a9b00b1f65e473bfcf53425ee1ba21e2ab,224,worthless
last_name,m***,e16ceebcd149b80c2432c5795aeca61bd264e86f87f5405b36a8bd9479c14e95,185,worthless
last_name,m***,eacd41ebc9edee4ea10a9296572fc4ded9a24d30c9bb82f84fc1be60092c32d6,225,worthless
last_name,m***,e4c69b12c7b3d1c1b57acc5dae7cdd958f4fd88cd54b18daca3e9015466b743e,254,worthless
last_name,m***,0a1ca4c3619f7a486ea34a2e5cb32e6d6caf6351ca390cba7fc86e8854a8f467,191,worthless
last_name,m***,46a93237ce41538e7891cd1f34a98c3f5dc0d8a03a0722ab925c2609ce6d72ce,208,worthless
last_name,m***,2a279c1ab0c8be3f1b61242f47afedd0cf13104536c0c6f517b954a703545ff2,199,worthless
last_name,m***,f1634b69c71f63ce936f565644c1de73daf9488966d562514ae028541109f627,249,worthless
last_name,m***,4b772ed565fa14b394711c74121617208d830f600466b63f754c333db5be4df3,244,worthless
last_name,m***,ad723707ebf9f3097d34ec16fde4946500f89242b04464bd8142b80757a7763e,225,worthless
last_name,m***,b307a51f2684e94276e493d53930d6145fef355b7dbec457c222c0686d976a58,214,worthless
last_name,m***,dfbecfc447f398b30b187ccdc3ae25e42b7793a52aca62499fd439d60d7a4103,212,worthless
last_name,m***,7a4e65dfff28c05231efb82209a1aec5978e15874ec3cb3776f2204d1375ee2c,212,worthless
last_name,m***,0903d1602571f4c590df2ee19447f826b50ca6bf07dd3802dff7f20080c4ae2d,206,worthless
last_name,m***,e6737c572e7c0fd8f806649632f2e99faf12ad3afe08268805b9712a6488ae20,228,worthless
last_name,m***,5839fb4ae6cb0de7972581a543f262f8514911349a2b70a03b0d276fc2b2b7d5,216,worthless
last_name,m***,b195e7b2e3c9e96ec370e6f8210a1673d30c6f45cd7a5e26b392a045dc0fba03,185,worthless
last_name,m***,2846f6fd593f5348d4cc71991bfa379e0c878a1f0568dd638412a01c44a0cbf6,224,worthless
last_name,m***,4608af9dee9156e0d827a423cacafc6b82468aba4736080be9a332b6adb62940,227,worthless
last_name,m***,3ef1d32a214aa80891bec0bf53b20859d9f214282beb947a6274ca6d07ed2748,215,worthless
last_name,mul…te,801f3b5041f10f7ef3ba5319e0a5ae7631ed796f66a5b9b6dd4a0821704d239f,99,worthless
last_name,n***,38300e5693331ac162dceaf2908477a313977baf55a3317bf8950ee7da8bfb98,203,worthless
last_name,n***,a39b832dc3b95314a76b83e347e219b9c4bc9a5fbbd2e53c7b1692ecc729456e,202,worthless
last_name,n***,1725bbf931642b9d4e7d4b03f0d31cb28799476ac59c7d9b152e9072e2340a37,230,worthless
last_name,n***,4e0014215ee4c18519bf57cc19b7fc6bd18e920cb5f51359588e7fd6eda72ac1,203,worthless
last_name,n***,da10b340cd2367c50704ff68e1c1d7253333378d403707c9580efca4f27e5db9,214,worthless
last_name,n***,7655b3a5ed280341e52e02cbee91c6d50024882ddaabd62be6a3b722af13bc9a,236,worthless
last_name,n***,f6ee3582242d19804b675a2750ab1e5a7efe472ae3b1a2e92560be2d61a81e3e,198,worthless
last_name,n***,a2c36dd58e0ef3c52cb415da1126e9610a798e21c3c7d22d96c49ea2215349c1,201,worthless
last_name,n***,e3b22af2d92b434500c98b1e2c502717e23045b455f419bb6f91a4e84a62390b,208,worthless
last_name,n***,a227e9ff45fb4da5796d00852c70bdb2cb1990a7a201360cc13f399d25a10966,206,worthless
last_name,n***,b28525769095533e9b74039e62813ca43aae444deb6edd44d3b8f4be2df55784,219,worthless
last_name,n***,38aa47792e834687ea78a28b862d9c99062d0d32b4cba832c5eff54c3637df5a,232,worthless
last_name,n***,9914b8648c29fac94e085f1fa180e1f0fcfaa462c84cb5cbd7a93e58a20d064e,222,worthless
last_name,n***,af00c4ce66accb7835d85e96792fadfe4dc6124a4c207c25c856a7e3d91419d4,210,worthless
last_name,n***,63df7401913bda0f74ff789859a275693bf67ad0a0093a34cb1febd2535b7294,218,worthless
last_name,n***,a94478656f76039e3b8fcef726bdf80b3d76dd8a4c4bee046cc6a1c60d18411d,246,worthless
last_name,n***,a6d220e5b73c92b3400658422e5d232d281046556a841ae78533adb567f54e5d,202,worthless
last_name,n***,7f0c65f18b1a821d4d7ba8ff9ae14dade0abf2e27df99fc71b3337deec73a0be,216,worthless
last_name,n***,1f5a60f582652f621e16c76c2121c569fd90d8ba5afeee59cdcac61409033c48,208,worthless
last_name,n***,f05200e8392fe678914e2a1cdbd811299ed4ba899fc284554d7adc8348a917ee,210,worthless
last_name,n***,abb4bbff64f7bbfa18448b071256f7a758043928c828b7d56c5d79dd1f35ac44,212,worthless
last_name,n***,dfcf0d51ad4cb0d0d8ea3fa574626f49c2f6465ab27c69dd7aa9092c312b4bab,226,worthless
last_name,n***,f31c19ca94f10413dcee9bb1f1c340dd2bce3ac63af2e9dc596fb7de649aec7a,208,worthless
last_name,n***,64990f396e747b2a9baa7adfde997a4935424cda134e9dae00b6bf7755cc721d,237,worthless
last_name,n***,0a8e54290bd418c166dd709a7a3835f91f8ef15c83b05b16939a837c01c318fa,217,worthless
last_name,n***,56f6cb4f99e5c2561270ff39c54f583487b2d94f00c125e10c02131c384098e8,228,worthless
last_name,n***,e6d8d483a0350429c5ede8bc7544e3ace17b2dbb5a036a48554b28f198250dfc,210,worthless
last_name,n***,a39d52275d0e4ffb1a7e6c143f44d82b6100770f73ee361530d2b59a1845f71e,220,worthless
last_name,n***,1bdabe6da0a2cc1402282c6faf48c56fc53f2107292493e2a18bb89a4c8f2739,211,worthless
last_name,n***,8af49d09ecca562935e42da8432fd9981e9eac3fd6acf6a9469a34db8f5baf7d,219,worthless
last_name,n***,961c02d923adc4486d25fe2736d0760107c98825f555e98d297553f725b16d78,206,worthless
last_name,n***,c016c6ead79021d3fc95b4a7cbc479cae2eebdb9d2972715fa1560b9e0ce1916,188,worthless
last_name,n***,2f6cbe81ae56b88028bc095ddc894cee7c1744d444625387e4232bc6a80e429a,217,worthless
last_name,n***,9c327261d706dd5176300293574a66e2f60bc9c2940b21559eb60f6d955023d1,196,worthless
last_name,n***,577f074b4a9c5a47a5558c13c629e25a41963a39fb529e758214b646b329b095,221,worthless
last_name,n***,32665102f4a59db7250c97f2a1fc205fdc0a8e3428cc43911376ff15d5a45da1,244,worthless
last_name,n***,245ea00fe995e2d031f80c7b7f66280311e7f3f5e92a58c3befd83b2fec14b3f,192,worthless
last_name,n***,34e6f22b38a76cd1f3b7f96abe2c6ba33c4bd724c0e23b225d856b8f0f979e25,221,worthless
last_name,n***,d8d709cbab86591dd6bf4839833bd3173b4f4a73fc67798612081ba69bd4f472,208,worthless
last_name,n***,5d00e61843f3f6701365b747c36a7b2fd8d34d0f95dbc5a811163748fd8af8c9,248,worthless
last_name,n***,dc57f7685b027441b8d5ca0e80cfb126484a39fc62287adc33dca08d928898a2,228,worthless
last_name,n***,6e77c040b532faf14d9b0abb2980be7b121d8d7701f47ce45b83884edfc7d102,234,worthless
last_name,n***,bdc039a7cf33ce8f4c40931ea9527b16f14b8abb2af512157228c219ed4ff2b5,232,worthless
last_name,n***,290dafd5a5d6bf199bdce8906e1f4418953cb69a30f66bb4a7e52e54c59a9eea,194,worthless
last_name,n***,8a742021197b1681e9f4a2aaefae6b9c9352b838693f290ba26f01bf12518368,212,worthless
last_name,n***,b02aa6c2e30b86ca0b12bfcbab608cd3ef1a49d5a1cdf377ca98380c42d82465,209,worthless
last_name,n***,6098fc0f9ff4f67a0b85cc142cdfd4af2e67c92d36df3fdd078bc419f0798374,205,worthless
last_name,n***,8d331204b5ac8ca828bd282ee947d3ecbfd9a1b858973ff62a9d76990ea24b1c,196,worthless
last_name,n***,195088aa5961722208df1820dc23bf501b92a59cbaea95ae9c26bbb355a1dbc0,203,worthless
last_name,n***,dd9e05a9d523c9e7421b583f2afb1267ce23a83d471bbd62d14fb08f19ef0f74,229,worthless
last_name,n***,915b4bd989eee6abe4da3564158de512a4a095c50f08ef2057106941d97d6e8d,223,worthless
last_name,n***,c5556a99308c30efacd5a40f83c5db26f73fb0363b41109c63ac4cadb3846dd5,230,worthless
last_name,n***,c6f4eeaf1163c61da35d4192df8a425590fa5e2ca9ae6815505733b300e27c8c,212,worthless
last_name,n***,b19836e1d2bec071d3b6481a049a997946cfb81b9843a5e81ffb6acdb2be4107,240,worthless
last_name,n***,2cb4a739a452828aba0abe06132f7cd79478a90edfa2b26f2f9de9086e4aac69,210,worthless
last_name,n***,85cb2512a6da764c60997c424717b46446bb143d31fa56921c3e26e98d5a38b4,210,worthless
last_name,n***,267f87bbb58057fe121c181dd19c366c2ef186787fe9427db2e63750a30187da,212,worthless
last_name,n***,5cf56ec2a70c5058aa8a547ff4fdc44cccae4440f669033ecc07108a99044b6a,210,worthless
last_name,n***,631fd896e95c75c5361efd6d18bd32eb02c8043ee85413cc8ec13924f98d82aa,241,worthless
last_name,n***,173b65545098ca732fa015d2e7bf2c6893fc0000f03786fa3792680fd2119ca4,205,worthless
last_name,p***,a94623153bf060c0ceae25b657b9fa3f61f83c1f89f674ec512fbfab03d64e39,219,worthless
last_name,p***,2b45ba8442a6853ab4a083d36ebeccffaf6c9777ab5c35ded69631381a481411,238,worthless
last_name,p***,98627fd42a80c7e51c445fc6bffa2b915cd46dff1c6ef7c7c3d7c6ac407a9974,217,worthless
last_name,p***,dac9a7c01ec14e042460c7f314037c4a91060eaad2b8c0c4b6562afedb71c333,205,worthless
last_name,p***,cfbb80e3de7929ffb3ee303deebd60ba62096b2ce53e32555dddec9c45c53951,210,worthless
last_name,p***,79a522a6affcbd044cebc5120ba59f99e6cbd3e8218f5ada82b400db551c6f77,178,worthless
last_name,p***,b3cbfebad435657b0384ca53738f3411c85e65203bbdf26d0cf601fad354d045,210,worthless
last_name,p***,57b20f6407b2a8e8800948b3254fa42a565c4f14567198ea8a7afb34014e7431,221,worthless
last_name,p***,1598746adb9304e8dc6eadcba23d012d40a1f7c362c55ec28264561398511541,216,worthless
last_name,p***,7da5c1035c5859b4f2191b9cbb2fa0f75b2fb2838a9f059877572b0c8f289c95,245,worthless
last_name,p***,67e3fc466b4ac0c84ea02eeed84cd2d6277997dee5ae5c4096ab9732f418e60a,218,worthless
last_name,p***,e07f1bfafb696b9a706679d7a1dbdc0dd064c288751e61a5739a9d0a466eea08,197,worthless
last_name,p***,1f55f77d08ff0201cc7f27505c131540b80f39d83e1f68c8846c54344538d65e,205,worthless
last_name,p***,3234c79630ba28e28537e11e829481b76c388b2551595ba18a390108cebbe908,225,worthless
last_name,p***,5e246568dd86bc946f85c5451cf6998c33edd7319efef9f2feb051f58957c7ff,245,worthless
last_name,p***,17d020de748678be8192b6a62b3692332ad9dca1e75ec936327a7cf00e33cce2,241,worthless
last_name,p***,4f00bf60969811523ebe3a54586d952459d56d9d55749961b5f27a53039e82be,231,worthless
last_name,p***,0a25a48b91a60f2c7b33f3e68e2293160f2b204862f031e958e643fe3b0e87dd,222,worthless
last_name,p***,d08706c47dc59594114526368535bc27208d6993bce0b4c4cb12dbe533c620df,222,worthless
last_name,p***,34ff09dd75b425cd54e8872421f6816330edfe4cd18c07d0b532a615d6a2caff,204,worthless
last_name,p***,78dc6facf816f9049d7b72be3b37a90a028d5cd8005e1036aa32d81361bddc7c,242,worthless
last_name,p***,3504739a73c4519b393d105067c69fcb69dcf9a18ddb4c90315ba35a34f583b7,197,worthless
last_name,p***,231b2176935be70b770fb2a5bec7db3ef4557d0c084fc3b9b8ff14a93ddf82b2,212,worthless
last_name,p***,9637910a69a69d3f2878591b460bedb8d40feb7882a4f1fddc63c9c974f8d0b2,241,worthless
last_name,p***,dca5bc9e7d1e5dbbec1d120ce39ede15a61c441aced9e44f6ff8935ab914a2b7,202,worthless
last_name,p***,4da2e4aac30f6e938804c75c0e5eead7b3b15846786286dee46c7b858da3ed5b,217,worthless
last_name,p***,49fb360503bda8166266589cb611f13662bd469985615301eb5965f233879270,239,worthless
last_name,p***,88eb57798478b8c9a23b6d6f51b1c96cb8996efe5f4e54dd182778842b027e5e,229,worthless
last_name,p***,0bb4efec2a8bd2ea0e647f9176cd07bb921269cb2dcf525dc8014491f5db2e47,221,worthless
last_name,p***,6f68d38b953d0205194ebf8c4d5061b239b628e3814cb6c1bd181ff07bcb25ea,197,worthless
last_name,p***,b5704f762f8bd7eef51457304ed9bfb263e6c6a13eb95ac90ddd344b125608bd,196,worthless
last_name,p***,5edafd04e63121b2a9e27ae311791ad07dd0faebdbd540769c2964d96775920e,196,worthless
last_name,p***,02fc8f275071d8da9ff2e3c9850d0e8cfad9c08fc0c28b9cb6f39ed0bab8962c,236,worthless
last_name,p***,2a830c8a82738c56fc502c6204653e64b7998e0a378c28cb0669b4bd4d36d6ee,235,worthless
last_name,p***,ee19fce5513dc4f07a82ad2179ef81a8a54d358813ccb2bdaa104d06635d265a,220,worthless
last_name,p***,2c9bbc88b01c4dd7730d4bc51d12be86947cf437237964771595e900ba36dbd1,191,worthless
last_name,p***,9cc5c954e170fc4331f50a71e8d7f94eaf5f14277ed6e6916c3ae904731b0908,216,worthless
last_name,p***,e0c33540c22447f0e35f7aa6aa0b09dbe55323a5c84740a5c8dc39ebe40188a0,201,worthless
last_name,p***,c9dae5d6d1d50f1666ac0ac731a7769ad577f637965178cc72456bd6c9cf8246,219,worthless
last_name,p***,3c4b06431e14fc97624c8d3fdac36310eb8dc2cf46b80c34f36cbdfbf6c06f6c,221,worthless
last_name,p***,bded132e4692ff9d4e35c5a4829045748e022304609eece77b50b6e80d0a501f,219,worthless
last_name,p***,51d2431cb61a09fc94bed494c9463e8c86e1917af42b4d3fc92ae9acde372594,210,worthless
last_name,p***,6db7b70961e8f0b9ef5974eb94c612731fae464d3ed3bf58918323630f85e0dd,200,worthless
last_name,p***,0281ce16050bbe49b7a9f42ea401a71e4a142fb8a01e5a37b1d103d972ceb137,229,worthless
last_name,p***,e875a3301eb561b480b85518d71ebbf054ec7dcf8c5a04df8a9ffbd1aa1d0905,194,worthless
last_name,p***,bb4e0c4e619fffc9618d6baec274c85cd67e6ffa8416c91ed6c25cbeb2910e90,222,worthless
last_name,p***,0339ba79dd9ff7fa8dc264a7e039efdc3db701e0d908b69129b2af08c6adfd83,217,worthless
last_name,p***,c27266a41309b4e5a13ee26fb9c5034fe68923cd6cdaea7195ddb785641a7adf,208,worthless
last_name,p***,05e4ed73823a8dbcb1a86543ebd058a3509a1d8618ae176379ff50be58d44532,217,worthless
last_name,p***,e021ae32273e450a32e95211cd39e901405a54bbda4f95c7b656dbb33d909a10,205,worthless
last_name,p***,5d15b1fcaef41cb22ddde92d27e0d30beb59b341249614b6104b05a790d538a5,206,worthless
last_name,p***,74fac96b76f9812997bdba982469a6a3a4853fcc58712e6c96e0ba471cda8881,236,worthless
last_name,p***,17a949151cc62fb0b4f98ff06bcd756564b86d4bd6c4855201bc03130da066c7,203,worthless
last_name,p***,d0e1ad3b81f59d4093a91e0a1ef8aaed2335ce30f9108f2787f23eb5e2e1749f,223,worthless
last_name,p***,7a3548a02d043c3d8a67dd6fda0aa9fe20099d5d77a25ef130738355bf00abf4,214,worthless
last_name,p***,826b48bf5fa1d354b3aefa7ceb89bb1a7530acc2c0e8c76809cd6c1fd71d3226,239,worthless
last_name,p***,4e320e9c37144697fd5592a2f8655db26978300ff6bbf8afb924f357d2cf20c2,210,worthless
last_name,p***,654b3e69057ade03ee1a5f2bf006acc05dae9eae4f100972d1a3922f8bb62470,231,worthless
last_name,p***,318ebd8dcb385ecc6c64ff27b80b97b62ad99ce739814755b01df166a8c16bfa,215,worthless
last_name,p***,d61a792c22fdc74a78b5a44e740e90f53576a384fdf61a7f68a5de5d71cf9922,225,worthless
last_name,p***,519cb8dd3fd5849247a264fae0ed875a04c9d1cf4b89caa8523c0fb1cc6c9021,214,worthless
last_name,p***,4fe47e22a8bbf6912a61bcb7d1d915b37cb1db9b221b265ebd4b16504e237742,252,worthless
last_name,p***,27b7af6f099287f238ae5e1e8d2c24651d6b5776d1a71e8fc5dc7a6ee0a0f95d,195,worthless
last_name,p***,4617574cbb6317ba98e08f3a137dec3849d5cb47584b37c6b0ae8141a0db79fd,220,worthless
last_name,p***,6cdd59f064c2a44814893634b4941be0babc7681a212309fcee4ad29beabf88f,195,worthless
last_name,p***,bf1bc0440e9c23441d8e57c0b030b6e8f425b56c36cf13a96f285ae9bf399362,209,worthless
last_name,p***,9bd39e5a03bd83c46e7aca09376a68675be04456d9450cbaeae4a655c72d4b2e,242,worthless
last_name,p***,fe968d21038b0b87ba352965346743d1748e40b21225dbc3f95f607201c53a94,231,worthless
last_name,p***,3bc91c9e89141b40df918843eba03f12e6111beeda41bc58df48b822273cff50,237,worthless
last_name,p***,63c1fc6bafbf0a4ce4a0c3c636946090f3725daa33ffada01ba682800d8da7b1,216,worthless
last_name,p***,b510c3e1b7c8863d37bc954a2bac581732d092821d8eaed9b5f25b99b4dc17e3,186,worthless
last_name,p***,b4fa9c3ed18e0526d899316b0e0e9ecfee57d7b38c78e69e8399bfe18fbdd3ac,227,worthless
last_name,p***,a8cb30564c9f9f7444dc2c8587fd37d98721b45288fe17f5c952b740659d7840,228,worthless
last_name,p***,e4cbfdaf310862adca7ab0117359c55c8c520ad3875e9dcdbcaba8543753213c,201,worthless
last_name,p***,80c7ac1f28e71628c986bf9ffecb458d326d81577393a7d26b27b36001a07216,197,worthless
last_name,p***,ddc15d032c601c59d8f4e7b0cf4183190c284cde13d13d5b56bd1f73c9d8f164,195,worthless
last_name,p***,4fca1bdec11bb21d6e5ac4a37091401cc54a8efca3061d7c4f33f5faa1d1065d,210,worthless
last_name,p***,31a792e5900aada7cf9517162df66a2e6a646a9459f2709eb37aea224f709886,252,worthless
last_name,p***,f9a12a9dec5c355a26395753365f752f6c83a54441f323801a4e6e063ff8f355,213,worthless
last_name,p***,3e7661fe49df406de786197920c52ba050078957bbf702c6ab1b5758320c0545,213,worthless
last_name,p***,e925dafd4a1e414bc287d0fc34b8e233b0be9b75f6d44cc84e7f743f6da953bc,209,worthless
last_name,p***,9272d7974833fc4d9033f37d39ff9cdf004025081c88a746dae271e40591b32a,214,worthless
last_name,p***,48c99f8e0501398f052212ce8d790bf1a9a1bcc2c65362623127a8e5491fff68,230,worthless
last_name,p***,cbb169d3a6cc58b0f1891dd8a99c0d56f06507f1b7d10fb8db8045c133f2ea64,228,worthless
last_name,p***,8b9be300305d8a4942cd221ab481660b9a3ecc2e117399d84fa368b1cf28507c,242,worthless
last_name,p***,727c4b587a213b757931cc7943ee16c616f046ccd39f75f440ec379fd373bd71,194,worthless
last_name,p***,3905a9be375dc3d9a60cc4124672bbab7528a0471600d70e017f682447162559,205,worthless
last_name,p***,d3dce3ed8ab415732954173c9e1c4fdda5788f86da7e285f42f72a98ec28e400,227,worthless
last_name,p***,941e40943928714201efc0fc26c903be966e729f6ab0e56fcdcc99338e7e3551,217,worthless
last_name,p***,b1c6b8a71a01e060def6a998281a553b4400ac13bf92b0107b22b0dacdbb8175,186,worthless
last_name,**,c29fcbd7a8b33d0566d74c898bfa4355ba5035db33aa3700364786b3d9e00241,533,worthless
last_name,q***,020205d9f2730b580ef61e3e83d447f70f4b1d0ffe7755945fa4485e1f24d813,220,worthless
last_name,q***,f5aa96860b3f6e42e2817fede4d9059580de4277ea5ded603eb2ae23deaf93d7,215,worthless
last_name,q***,2542241e93c0058656edeaa12e2e98523ad8cfc01783f70cc8d38b73fb8c02c6,222,worthless
last_name,q***,1a0c948bd57271c390df66c851c39790356a29edfbfa3798e540f59cc734fb5f,216,worthless
last_name,q***,e726f30f2210a7157d58bbc1d7b86b7f231632ae04c313b41af6e1612ea55c3b,227,worthless
last_name,q***,0b77b51dd7a5facf1800b7486683d24912d8180a911ad0ba2b0388871f438be5,210,worthless
last_name,q***,6a1ab4848093debbb6685cdf8e65929a7041ed381b6fb511019c382c8ec17a6c,214,worthless
last_name,q***,7610dd98595b073cad4ea7cf58adff2401c2a696bddc2a58ec46f0f2efafd072,213,worthless
last_name,q***,07699d4ef21d0a1e497623736f5f397f2ee5b6d09ded38089df730dea14a201c,231,worthless
last_name,q***,094d6868799c60193ef8a17e581b6022b0205daebd87bad73b95dd23767284f5,231,worthless
last_name,q***,ef02337ad1056f85745178b8891927269ee70f83e5efce0c5a11227c9de81051,234,worthless
last_name,q***,d26c855ac184184775aa0974cf3eee270933c7cb32f141a6674ca028e833c010,206,worthless
last_name,q***,29eb0c4e923478b21163caebfd8a6842e2eae128bb98a4d5c9db23f38efb4037,211,worthless
last_name,q***,9eadd117835f7720256e6420bb3c4f7dc22f48a6a4cab887fd6147af30e3ca47,216,worthless
last_name,q***,2a87d8e6d07adc0218cb3eb6c01f47c5cae7cb9cf562e8fd4efff73300c80956,181,worthless
last_name,q***,a9f5fb92163f531b8c4754fbbea394c830c9bdd29d329f1c64229a3776d994dc,211,worthless
last_name,q***,55b72bf13dee0ce8db59fc6e1942488827e7ad165216624abc5233d3528af160,226,worthless
last_name,q***,11f0ad36f5b5a9f213213843398384cbb9eaf9c3dda5d9ee9192c718faefbf4a,214,worthless
last_name,q***,604d252fa8c56a37887bb65851368d3bc43c719e3cd194ab1c7ac5ecd27c6989,222,worthless
last_name,q***,0e7ecda415592ad7ec7a4deea624fb3541bc0054aa47647988bf6815e7bc54ed,214,worthless
last_name,q***,8fe7a7a6bdf7427616901a797c4dfc17a5d405161267065e3f28f90102d116a0,218,worthless
last_name,q***,653a9a0062ed3e7b08e7466b948aceae150580c03afe3d29b191e0753eee6ab9,227,worthless
last_name,q***,f6079b8d6f2a4d135366de46c99ad313507d4b50dae042cc6907a7a40dd84152,190,worthless
last_name,q***,3f3436ad65ef82eeb22acf7dbdf1bc0a523012683b414ba19a42533350bc22e9,257,worthless
last_name,q***,c74d1c963bec3325832c9ae378664e5525ddf599008f6cc596229f41a312f8b0,214,worthless
last_name,q***,3457bdda11d3b2224db562e8eede0978a6fc5a9b37c20f46eb6784388343d16e,226,worthless
last_name,q***,83725d5ac87b64be249faf002d9fac90490ba33fde3429fd1982006d5b246448,218,worthless
last_name,q***,e0e15cca4feedfd065c6818c27308e13b46c9e2b9656578d9028843999499e25,228,worthless
last_name,q***,f2148478ae836e9c2ba6447555affff317b83382a6850c811689717b5dbea29d,230,worthless
last_name,q***,b0e1b5b368cdf9ffd21e2c95653ad46fcb7aec980be52c40dba50aa2ae4d564a,210,worthless
last_name,r***,1f07eb72060d056d9d82685384479c2305882d35f8d5db72087965e5fd057153,211,worthless
last_name,r***,ee04da8d2a00d274e435e53d87546bb6dac50d38e7c8889008cb47ca3e3a8d87,225,worthless
last_name,r***,718529feee7d78540aefe053c753ba40eee741a0cf1d3e4f2b86f685edd53b25,209,worthless
last_name,r***,891b9936f62f40d9075f95498f033d8d4d266f76253fae4eed1ae5001c145c80,209,worthless
last_name,r***,9c8016116e3b810c3e48159cde595cc9546d0d052e646038727f6da9079e20be,210,worthless
last_name,r***,bcb41d009458e7f63ab77ee72dabe60f559cb709577fa223ff0a01eb63144769,208,worthless
last_name,r***,9f85cd3fbd172622f9d7e7eb9002f8887b5be81c51405aa2a281916a787085f3,236,worthless
last_name,r***,871a1458b7938799a30c1eb52597aae461518b0eaada5006a663d35601a95d34,196,worthless
last_name,r***,e3d98bfba3a51b1579cd4d6f90f9db86202196272cb927f8b4f768bea5ce6bba,212,worthless
last_name,r***,0e97b89ea4e9abb3b09cd4d3725218616dbfcff3a765aec0c037fbe87fe41655,222,worthless
last_name,r***,b528ea908ecaee1f355b62d404ec14ced0739f14ffdea5ac402103544dc56cee,222,worthless
last_name,r***,3a79b5532ee69b7635da6945ab437fa08fa20ad8dd1619b752e6333b67c9eb08,230,worthless
last_name,r***,205588e2a769e135f1ec83aaacbb7e04819ea4992e7b6d20c20da57095f7a74e,216,worthless
last_name,r***,3606a4399421fa9f60362caa1e69c93f135a724eca08b243f68bb263397f703d,213,worthless
last_name,r***,b47bf97590173606c583bf8d4c69a66ba1e302c2adc72e97027db2d805ef25b2,207,worthless
last_name,r***,f7b45289c228f27d89d915aaf74481613884707de702252f2f86ec9313a77781,238,worthless
last_name,r***,29b4d41a62ba9b5d7497bfbe25a8254101c8531f6d262eb6e779e8d9ba983960,236,worthless
last_name,r***,81e8188f5dcc43c0c8d7988a0e9283944cd65a6a6595db18f1581763b0074a92,184,worthless
last_name,r***,553011311184734934efe26da5824107dda8947692e7e23c81dd6b625250f86d,181,worthless
last_name,r***,42a40daa2186eb397cb44e19409d9a1a46060c99dabab7fb40b844abfffcf151,218,worthless
last_name,r***,fee01ccd14030c547f1c544a95632b9f023c7d89b69a3ea35d69d9bbf738ef19,195,worthless
last_name,r***,95ad9e17b1e43bb01fa4e15ef28d1c0850ccaeb95839526da5a92d82723d74ab,231,worthless
last_name,r***,cf460c798bfa05702036e726cf73da573ea39d73144c5e8e16d77e09110e3db4,245,worthless
last_name,r***,82398df04fa6f81d0528aee505fc281f0ae4a4e43f02d9557034afc8341a2569,200,worthless
last_name,r***,b1d389ff45c269a70207d91a10fb8c6aa7a654c88b48e0f5bd031de29d955e77,229,worthless
last_name,r***,05996477a3be8b86fba489cab1604f662e9c437ddf5d7f850cbc5d73e3c74e75,216,worthless
last_name,r***,e2d19fa63e075486d3fd5031674ec328469ed6037b85b40280e1369c3617f2b0,228,worthless
last_name,r***,34367bab419b6596b67e40e9f555132b089e449a8a89017c351b733bf5af1138,207,worthless
last_name,r***,cab14f3d396442ee8426e90e495c2c05a18cee357fcc510f14daff2e121f9f33,204,worthless
last_name,r***,3e67311fb172ecacbbaf555e3171ac756bea7297bd8a390088af730b88e25971,211,worthless
last_name,r***,65677a03268e733b7b60c8946d1488d3f8add46fa6d1266697bf9a6cd50b666e,202,worthless
last_name,r***,94b36ace1dabb425861ad313b91e689be4ee4ee44a451ce1b8a2e907c959119f,194,worthless
last_name,r***,a976e6205ee5a4434f857ef589b1e3bc2502984a34a62f96800a65568e5ad309,200,worthless
last_name,r***,a61045a795937a84adab74175d806d7c8886c2ee156c378d8379a2936ce3405f,209,worthless
last_name,r***,fbef54da6fb3f2c87aa55e0799ce60e36d714f1eac7c24dba42b9d08be3b7e60,229,worthless
last_name,r***,ba308a7af648c139475bf3699604fb2f902d2bffd883c8989adb5196a5c74eb4,210,worthless
last_name,r***,daa39160a84e0ebf1c4b9c408d62a9d3cda2755a98952fc6ec15f02b8bb8e631,248,worthless
last_name,r***,f725559133363d0a59fdb089f30cbc99ed69f37cdf4e09cb4b5f8618b24991a5,200,worthless
last_name,r***,fe8c7329a886dd715ea6a6e8152d2a48ddf032bd5023afd7347a0c64594630c3,193,worthless
last_name,r***,a325049803a3f5c3d0610eed56e885691655d7c237479883bc02048add40252a,203,worthless
last_name,r***,3fcc74cb1551bc4a933112053e21426ea4043dad1d9497a28f1d12a128a6fa42,221,worthless
last_name,r***,6df211b38bcb62439eb650bb5cf4d2ab35aa04b3af26517596dd3d52769c12fb,197,worthless
last_name,r***,b8719bafd924c7350831ef41299018d990306bd158dfb515efbad8e7e92fa476,221,worthless
last_name,r***,bb0954f06aef57021d3ade064f2164d13826dfa0802d26d69fb9d4cdddfc6ebc,208,worthless
last_name,r***,645dbff57d399669e364d9dbf08617f48011a6a51ffb752014655bede7923079,210,worthless
last_name,r***,d3339f8dea4b97dbcbe9205ba842e9235dc2c63f67737e430e21700be45f6fb7,187,worthless
last_name,r***,86e09fdae63d4518b1e15f83243633db0e78b304d4580417599cbd83bd25311e,234,worthless
last_name,r***,f980684668914e9778a436349899ef0caa598c3f3d3b1a3ec1e5c02d8977d585,223,worthless
last_name,r***,a90da1ecec43935c9ecfe05e45496fc7f9009304ee325fcdd586d61271cf463e,201,worthless
last_name,r***,cf63a6f35d9763f01b62fe53fc6e7398599469ecb874ff1d2f71ea9418e682b9,208,worthless
last_name,r***,9f2fa3873bbfb8532ae55d94954a519d0fd77fd75f82bf947a7f8c99c0a135d6,254,worthless
last_name,r***,8b67fe3228a0619a950a440aea8ccf2cd81a20199fbbad2821303f21f36791ce,232,worthless
last_name,r***,5cffbb0b0aecf3098419b313253624e8ee8a6d8e6c191445e4b6f470347f91b3,212,worthless
last_name,r***,6477cd324e81cb6989e6a281c0a5a00523c60296ab5d4f5352fdda5f1689fd35,209,worthless
last_name,r***,a92a023b91e34f39a59356c0ae79dfa3d7b99b43278112525eed8f675774a2f1,194,worthless
last_name,r***,93afa84f1e92594085d6e01876d22f877ed576ec2f6006eaf7b9450b5fe12168,216,worthless
last_name,r***,74bcdd4f0b25a9dab1d20c817eaec24dd32b321635f03a384e753755bff123f4,220,worthless
last_name,r***,fe8185681e2228c6ba0718593fd17ac704ad954aa74da598f54e18d5d1ea3c86,218,worthless
last_name,r***,3921861aef58b70b8ec5eb5a7743193901adf78d1579b9bc0f113a49c0bb91a3,212,worthless
last_name,r***,03ef9a306effc46dd855d48a4f948411756bbabd6bd6ab3b1e97ed77787c0457,248,worthless
last_name,s***,423b5435b3fe20dcb99f4839e46f680af80887477591250ffba47455da43e2ce,217,worthless
last_name,s***,a8d7a458324721e57d0393f01ee14eb49c89888f6a7e46fbdb418060277d0943,206,worthless
last_name,s***,c7abc881506af441b94ec65f148c74c847728032a36150c504757a512143745e,232,worthless
last_name,s***,2c5f9407be3aae0471bbbbc7fda1041c1bdc43e7bac742d159ff59998404a353,213,worthless
last_name,s***,fee62475d80eabb7a674d511cbf0299fd1576d1d96937270eece353c5e418ebe,227,worthless
last_name,s***,b5367c5229c642ec03599a1642ae4d9d7c6fed02f5c9ea74060934f6f7f2e07e,220,worthless
last_name,s***,19fece7481d8db4f9aa7a41772bcc1838c017256b5fee0189e1bc1b2f3d5e485,224,worthless
last_name,s***,96300086bf92195634eb4f1f7a18a5dcebf847b0d49e104aa4587297dd8e15e0,218,worthless
last_name,s***,6fe0cd1a9cb28726eba129c163f1bb03863e9e9db48281aaf42aea7a99910765,229,worthless
last_name,s***,d7c7f1e4174feb0643044b8b8d4efdbee51ed40c3266a29fde8363459921291f,195,worthless
last_name,s***,f38944fabc81c60abbd2baf7321c08a3ce559f0a365449568fe96907bb072c38,221,worthless
last_name,s***,aebeb5dc757a10fa8b2fa14209ebab156702a1c3068d9c077221d3a3a908ca73,215,worthless
last_name,s***,07017a702190a3b69c799c4d1c69061fcb04cc683e551d50f4aeb6d368b0b17c,224,worthless
last_name,s***,e299c90d84af6c0a3acd0bb012c41abe98fa1ac663b6bc7127d5a38cb1caf14a,189,worthless
last_name,s***,e886e836ef58b756d69dc770bf8dc70e8a454fcd73ce328c7cf38af5b51a9149,218,worthless
last_name,s***,20ace81a339369f39e397988683e0cce509465c51dae1f418292def5246e17c2,209,worthless
last_name,s***,971b6c9d6128debf24a1b10f9442f94671adeb5858048d4dccfdddd032d8da1f,232,worthless
last_name,s***,fcd07c877790bf368d28b8e676d7da9ce33b5b162117a772eaa0e28735786519,246,worthless
last_name,s***,5a5b1ac325ab3ad891b47456154bb4adbe51eea6f54eccf4040076bcf2cb55e2,221,worthless
last_name,s***,452610e61ec18c147b6b272e8d44543898d57beb58d39ba62b3458fcbb0eed66,212,worthless
last_name,s***,706a496e078b7884d15299fef90b0210d16f2d5b68c3bc70c67ba4d4e79f8b70,231,worthless
last_name,s***,916dbfcc1e5dbc939b76fd1470fa932ce1f830e1ff86f19d7a2f2d89161ab705,209,worthless
last_name,s***,5a39ba52a426cc80cc863ad36767e267d1a323a62a109f571553f92bd14e2bc5,229,worthless
last_name,s***,2878daaf4518765a22ca76e781cff9449865c7b5bee9a44c03a7a25b6c8bf7bd,199,worthless
last_name,s***,ffbd32a41856210ebc83f3a55e0150475eafc521045eaa09e70e66fbf0a50737,196,worthless
last_name,s***,4e172ed46d2e05781229fee9ec19c14f4bdb4a1f7f59e44b17c81ef4ac270da2,190,worthless
last_name,s***,99aec7020a72fc239ba702f6a29762bd77209a484b11d6bb881e126859869f77,222,worthless
last_name,s***,488411b0a845bbf4b1d9bf511cc02a4b3b696beacdcac45dc0841fdb00161926,210,worthless
last_name,s***,3efd3d459d8acd634da3e442766121098762e294a7300fc94d5a7bdf63a1e947,195,worthless
last_name,s***,622c4a7ab2271cdbc48d6064eeb8f88f659edcb27d98a759509c52cb59fdd5ec,204,worthless
last_name,s***,03d2e569ac9edc1dd8a2c904e132c93a561dc5ec0a75505ec32b20150a314f84,203,worthless
last_name,s***,bc71c443a0ce69c029217eb5781aeb98d5794f84c1bab331aeebdd2f40d5faff,208,worthless
last_name,s***,0c50fe67b1e732259048ca2165203f3e9e73d59b3c3b0c371ee5802d1d1517ab,233,worthless
last_name,s***,04c2766133967ed1beed32180f7fa7a486d46d19c959c3e50072a6d09326fa7e,208,worthless
last_name,s***,1fa78f1db9761ca1dbbbb8d4334358f581a264de665b520ca5ca0eb59f4990ab,199,worthless
last_name,s***,0e16e8b9af2e54dca0cc44c555a87a1510adb90ba95c4940a0ecd72a8ba7d4ef,209,worthless
last_name,s***,902b7ab6bf1b96ae57f5bce85f80d4b4cbb547a4ec2169faa8f5eec688505eb9,214,worthless
last_name,s***,30dad324ea5f875b1f01b66cac3858b905e9f0f9de186ee1b7a34a87f49a94b5,185,worthless
last_name,s***,f11a0dabfabf1301bc0f2ad98a9b9af0be4ef54686ee10b8522bd6e878f1fc41,182,worthless
last_name,s***,ac9e9d174da6c9e5b5ac9e4d02b9100817dafba9f84918a5d142ede693942000,223,worthless
last_name,s***,c37b659a8f8b101505718999192ded94059cecb99185d3308edff7a7d4d17f93,208,worthless
last_name,s***,461ada491032ac5d8ea5c2fc93bb0163717fc6b6d7392dd71950288bcf1ace55,210,worthless
last_name,s***,c84ee346361c458e5a2504d82e12c2d7b3a9700b8bb14c71501dbd43cae91467,230,worthless
last_name,s***,d2855f23136ddab35187a8cda79572d1b93fc1f21cd344719a9d56fa640a1f3c,224,worthless
last_name,s***,f54f43a19e870857ca7067a21e50226108cd0356e3c4053f5608a001b005f727,199,worthless
last_name,s***,8ff1c237b1e5f5e0aff8388ddf4cef8255c4adc3a10201c7c28c8149c7b54245,218,worthless
last_name,s***,2e049b660d83b0f23f0438feece450eb4c659b38e6241bf02a27b0be6ef4c86a,218,worthless
last_name,s***,0f3f689c109de5ba278d7b1c7ac390d11eebfe3a5ff4f9c0ef659641f95b730b,217,worthless
last_name,s***,77a92047498b2dfb6861c03075c10adcca08516cb2e794379ca8a143c3f5a426,226,worthless
last_name,s***,14d16706118734993e471a75421ce00b332ddb60344ba106c0a1ef384ac2360e,214,worthless
last_name,s***,8d43f268877115a26f590dcdbbe8e5dbef3a0a8761e132a8b61681144c66279b,228,worthless
last_name,s***,5102496bb4f370dc65651f9c74ba0979d092a510660a936be72df8b986082bc0,229,worthless
last_name,s***,07ced0e783fa0f2b1cc509ac5dc67b4fa4d488b4d86666996e58c86312573dee,239,worthless
last_name,s***,44b15a3beb68558c77b59ad74642cbd29dc625409be173c4b5b8a9f0a22bae9c,201,worthless
last_name,s***,c7019dad01edc9f2ff4946f0d2425e80da804e17fdbbc4c5550b1d2ae0889961,204,worthless
last_name,s***,d27a557ed2d8ac48ffe5fda7c0d6b6d19e7292cc660b2a3a248f6f9e7c7b68c4,239,worthless
last_name,s***,013fef2ae29b60c2156f0c863105d92d111eda444b3061aa76f9dcdb2a5a7db0,221,worthless
last_name,s***,041d27733e365d297cf221aaf8a3b30133d05f5a3d6581c5e70d4ffe0a83a471,211,worthless
last_name,s***,d1d524d1fc0a95ff910f36057766f9750d0bf118c94167f9ce7e7d2e5a2ee006,214,worthless
last_name,s***,f095632ce449012bae36c19c410771914c7302451e197409f7b537a81e7546b9,213,worthless
last_name,s***,41ec7c70c80bc1aa5487b571b3a2fd192a1da66fcfa7b4c93de042f3cb025e8e,262,worthless
last_name,s***,be3098e0ad296c79362439ad03ca51bb27b673011e36f6b2d0d5a20cf64e2a7f,230,worthless
last_name,s***,fa2d517ecac7a5937c06b40dc88870a5bcb5f9e5ddfef761b6524b8fd1c0abb9,229,worthless
last_name,s***,2ea679eebdb229852a6b1e3f1698eed6e76c29a82bca3d0fb747a8af22aa6f18,196,worthless
last_name,s***,3627f0008d37e0ae30ff5b346f6fdcff454481a0791351609e91e81bc30f56ca,227,worthless
last_name,s***,49241404e41965d910b22ec24077f05cfbc04726c00c321f95e9c67e96964c63,227,worthless
last_name,s***,9e7d7fe17b15e4a6701f2a50448e19b10783e7246d080e32aae883b7b2c182f8,236,worthless
last_name,s***,d46825584ca2a5093aab3fbb03e935b90779555c3d7f9b39bb7fee09d40ff7d3,187,worthless
last_name,s***,9f8a646dfb82e112bd8902dfb63fcc646d822a1bcffeca002fd932803998c10d,219,worthless
last_name,s***,93d5cc5ea761cee76012ce69f562a08a4c7c8c38eaaca3a415f022cb92cd3a8e,232,worthless
last_name,s***,b269c35d3e885911986d6ce566cec7fcd2316ee9708242c8100df894dddf5684,189,worthless
last_name,s***,7e99f54deb3fb8ce88e9d62e705d7f590c91b93809b6c82e0cfbe0eff13c3b59,197,worthless
last_name,s***,f3a6d5c14ab21531783722ce10e34e0dc5da8dca08bcbaf1889e7d84cc34945c,226,worthless
last_name,s***,bf67f856186f962300a2e511acd92fb4fa8809214ba54bf1535a4b49af6cecf8,232,worthless
last_name,s***,d9f0e9144e10af673138c6754b8cbd87416d74ecbd8cd318cb918dc64632172a,231,worthless
last_name,s***,7e3d097ed4bf5608d33e401fd8d7f475d7d94688bf4ee22cf19c7132db3173ae,222,worthless
last_name,s***,5a20d35da9e8fb5987b332485e06386e8bd8b2b65c15f43bdef519f9f8040220,214,worthless
last_name,s***,d78d18e105f8e7f2f1c7102ab7119af2763ce5224d413b858008896057925a01,179,worthless
last_name,s***,41cc8aee6e0d58b30446317e6e662bfa7b0c73b7bdfa66a24d82ed7ce03179b1,222,worthless
last_name,s***,57752e783e3baf6c42e34128d5b1bce90308fddcc31e8b5da4421b6d47dfe71f,195,worthless
last_name,s***,23d82e9f4bfad47637975b978b1b427563a926c717da4f6997ffb4ba0d49cbd0,203,worthless
last_name,s***,d9452733cf8a2bd5916b6128f8fc7b556953f201e7e30876dc3370287ebf4425,234,worthless
last_name,s***,f8433c9eb2b733cd31b13fbb1c3ca0dd23eb950b7e7e84956c950637fa6364ec,230,worthless
last_name,s***,6f8310269a16905a7b33a89627c7e21ad2a0f67619a5ab52a1716eec5fedae35,221,worthless
last_name,s***,854fa3d5febef0b5f816831d820a91fd384ce5cd5d29f6824da7930f2b120a11,212,worthless
last_name,s***,c668b02c4845326226e94995ac9dcfb5bbd17338d415e2ffdeac1d5b92d21701,205,worthless
last_name,s***,544862b13caa182904f6dc5e9cc625d5e25561d3afa0273efb582ce4ec4343fe,209,worthless
last_name,s***,750b7bf7f3d8b157e1f4661f9d8dda1d8cf3539087e8d67d03ef3d9104f78740,257,worthless
last_name,s***,df759b72350304fc3fdc9cdf491a0c2df77c9d8a5222f5ba90c6f70bc4d74a8f,176,worthless
last_name,s***,e2bef8b2f92c6f4f60411e44db9b23069e216c73dccc17ac944646e6ea408c36,197,worthless
last_name,t***,87df5cc161c1f96ea1e6f8c4072884a4c481cc67a9c6dcc5e9d9eda79ccd8359,230,worthless
last_name,t***,8c8172dfa2ab0749713e140d93a24cbd9b7c7fe2015ae97615f074a6f2635195,204,worthless
last_name,t***,97c0b393754c997ec8dbc379d6a770248de5b5eac9505db08c9bdc8ae7462198,247,worthless
last_name,t***,fc11f6417e9f1dfb399ed73c60ac649ebf8a5697bd882c1299bd7b75713d9605,223,worthless
last_name,t***,b59baa475714c693b1d1ae912d8d6b086c0d46b928039102401e820198c04aca,240,worthless
last_name,t***,5ab886982183ee5b3026b7103eae0322e940e17aa03ed501e3e4808ef149cf9e,231,worthless
last_name,t***,632aa908c27476b5935ae65ec3e16a01935f0b7f6d4e2c804edf49e5d6c19fa2,186,worthless
last_name,t***,a5dc6ecf7ede496171744823a59cf3092b7f39861af2990fa16f10a9f2c0568b,204,worthless
last_name,t***,54be3ca10ecda1250479c51bf8ddb42c9fb1469b35076672a1a7c43eb622d2b2,213,worthless
last_name,t***,c26da791cc5427fd7431d10274f3e3f99030a580e18d0de1ddc41f529c5711d8,197,worthless
last_name,t***,0269f7547892d79a170a0a1a6f4a8d023499e06eaf8a1ea77ef29553643c86b3,235,worthless
last_name,t***,62daee3847551c307c90418fd4a49215bb08d828424bc606c5fd55d8538f7358,199,worthless
last_name,t***,9e5eafa6eca447543ca50b90459472820ad4d20f803df1f3a34f8169a73e3a87,213,worthless
last_name,t***,2ac476f9b9a43949c5ed1772aba287c5f62d4f16497290e762203eedff88d550,228,worthless
last_name,t***,046e28c6f2eab0d3c4c1019bfc9a1ecfc3605d1faf716ad7eec82f894a715544,222,worthless
last_name,t***,18081cdaf2f6cbcb12eea63dc91947c85fcd3f3b736409300e906e48ac303ba6,178,worthless
last_name,t***,9e751da24d45b518d566135b10710817337b5345b719cf3f93df1ae5b6579b23,227,worthless
last_name,t***,9e0fc29dcc11924810257f8871bfd20ac705ef890f3de10d389122293a4dff6a,174,worthless
last_name,t***,e319adc166cc652a481ca9a2ee51b4da050814c6f22e0c557e56f76c0c1535d4,214,worthless
last_name,t***,a7c8824daf0c95506ed66f07611befda647e8234718153206a3add9f7b82fd6e,207,worthless
last_name,t***,b4d6bd51b90b2abc5710f6482a8756a224f300d07f3740e558161ef5ec001227,216,worthless
last_name,t***,97ebf3d04e827b53fa77d123789c210a1b5fcd488886997cd74acab5d073d96d,215,worthless
last_name,t***,9b3147d1361db19386a0605a642d7af15283d3a5a8cfeaa0a2636c2ead0c3986,206,worthless
last_name,t***,4ae757d6088588f1a270ffa1131a8fe37014c45c59dd80debf5a367abf5aa2d9,245,worthless
last_name,t***,eb300e0fc52edb55c815d0518a53c408f5910ed9c2aebb6206aa471c687783b5,247,worthless
last_name,t***,02c2ff41ca95cdcf593a6fe335630eba4a5c1616676edb876eabb46e5d6ca8ea,213,worthless
last_name,t***,5dc566a381fa5e816a69472d2b0972dfc4a20f1e9651d1efb9a2698a6c55ec01,216,worthless
last_name,t***,009baece7a47a4f13492a0fd0e575c420bb3873d68edc66aadb7d0193a4e6151,203,worthless
last_name,t***,9ced39a4e4ff0b6fd4cca81007dd6e7a451a86319ba0839485833274fef335a2,221,worthless
last_name,t***,afbd75c8a11d7480bd3bb95dd081acf13f92df63b943dff148b85271a9674d66,232,worthless
last_name,t***,9ea4417281966bf46466c7293ab9ff0ce2addc73c9e09f64838d3239060fd93b,226,worthless
last_name,t***,c8d4abfee9d694052394fca0bfb8411db9b2e78f370682247bc258d0a2c81f7c,222,worthless
last_name,t***,0d25330b10efecb868b19d2baf08238ec2eb605ac59801f4d5d844119ba14e1c,198,worthless
last_name,t***,18327b189f8054a159ef8a530b599865a2dc2ff1038e96faad03b613355f0aac,211,worthless
last_name,t***,c4e49005fa6df728dcf79b9bed1fab436499a93c8e6a05837c388ad51e5a1044,208,worthless
last_name,t***,12b39f7f8fd5e126f375743a4c35703938ec17782d6e694a3f98a091a657a6ba,209,worthless
last_name,t***,0679b3dfaedf4445e83d35fcbd13e029d114470eb0dbbd773b0bd16736db79ff,231,worthless
last_name,t***,1c6501ed5887ab93e05e0aa2c8a17a1b5c7d9d7f8650d4adf26f2b58fbbdecbf,236,worthless
last_name,t***,5bf1c3043f1d40519ca9b3b07907eafbb849041c2721acbcfc50f6c2f0b69227,231,worthless
last_name,t***,2a7bc574f31b130fba85bb4695aed160b41982b9a4f4cbaa81ee2480093c03a8,212,worthless
last_name,t***,6617ad242467519078e9392ffb323c07200f5636314603265b0926fc4889a628,193,worthless
last_name,t***,659fd1ef93b7b153c294db1c94d45059b2aa1245b7486aff3d36c739e06808ad,208,worthless
last_name,t***,2b78b81291871e43d917d7ae97e093e6c519669f14b1ebfdb148ba93aa4af24e,220,worthless
last_name,t***,0147d2c2a592b0006c9372203150646b4a02969fcc5be530718865a008e26d3a,245,worthless
last_name,t***,7cc21752ef44a9f2d547a96192f85beb450f3dfe50c196333a5f3adef5e58219,232,worthless
last_name,t***,fb2c5a98a6813ab4e101a2301524ff31c98d337e1e6c19d73674524dc5f9c3a0,194,worthless
last_name,t***,4fb0b32c5e4d096bbd5a2304f7a6cc97662f867fbcdde79b7e11da652a410cb0,213,worthless
last_name,t***,677463ca8424eba16878d447fc710edb3b645974ff8ce49e3194c4fbbbb1712d,229,worthless
last_name,t***,baac1b7fd436d560aaf9e21bf74edfc2396d3aa2de65d99d897fd3b1817e662d,213,worthless
last_name,t***,db4e31f277eb5e69bb9066e47762948473a90ad5033776124ff2370e199bbd79,191,worthless
last_name,t***,fb21588f4cf5b2e382379a3a49b27e1d0ec4502577c538ecd589f9d59fa8d32e,229,worthless
last_name,t***,9ef45722761111b1db33c523dba362691f5ebd3a1398bcfed4cc265652f04471,234,worthless
last_name,t***,1fff8a47cdc6467c097f3a5d16ae060fc3fb4a9d383a60c9fad04c1bcf60d106,212,worthless
last_name,t***,904b20290e5b902cfd451155c7cecd953b50999483ad0e90c84b69add9d0ed48,213,worthless
last_name,t***,579cc23071aed6a34ccdb86e625c115da1defd421f4ea841355b907205c4ac9e,201,worthless
last_name,t***,18dbf45a179be569f3524be224941c5d4149abbc8ce9b532ccec75e90f063e2c,214,worthless
last_name,t***,0fadf0e525a052383cb26ba4a9ef24c2b9ca81f2b858ecd4aac8f44e2e439d82,201,worthless
last_name,t***,4ba0e7b6c816f8e0287f2d4ce576660acb333c170dff19571ddd07b43e05445b,219,worthless
last_name,t***,fad79a979c878aef06b7339e43b1dea2416b925ef75e24e6d48821893cc303c6,215,worthless
last_name,t***,a0ef6cf6f5358e061cc018c32ddc4e646deddfc5ebd2df3cec6946b44e676c0a,210,worthless
last_name,v***,92352e1249f313e2de1a9917e2b640d029fe99ff3867b6d8c04722ce7b33232f,223,worthless
last_name,v***,c67494d7db29f7363ead246fb945c50a560f8892ba99cdf6af0b23c9953d8d91,229,worthless
last_name,v***,69a280499447219ee8a9e422be18e32777a52c59936b464be32843811165e236,231,worthless
last_name,v***,4dcda3be6070aa302a4e9c18376f6761ac1fece9ffb4ec95b8e33ba7411cd302,234,worthless
last_name,v***,a02bc0f539d07af942e70be0e09bc29cdf1939b763fba21e473dc2f578a61351,202,worthless
last_name,v***,526554bad314daaa88262885c67e555d4504df2c8f183088a4986fd5b6896d7b,181,worthless
last_name,v***,e90ea19c3a3b866c1cb8fe9504486724f2c29b1f952b1fc104bbadc5b90b03a6,241,worthless
last_name,v***,c319361af646d61d4c08580e5e79d0e1d5a71a827c5349f42e2d9a6ab68b724d,188,worthless
last_name,v***,5b34153a0ba1aa2db0341783910ed929de0d156d676824aaa96bf2482b3e555d,193,worthless
last_name,v***,b9db05dbf84e9f36a547d17c1aedbd9cfd13ee148008d298be721e4906e5364a,223,worthless
last_name,v***,0b331ad9e90c01885a5e984be385f17e5d00f02a2f7ee55724c458ae8a97440e,228,worthless
last_name,v***,0f03acb29954573bceea3bae1f0263b130b5b45d9a66dcdd6f2817a2638bcc33,229,worthless
last_name,v***,d17b97fbe1d6a777950cb070459af3cfe0251729c8d09ade7448cd091095cd21,201,worthless
last_name,v***,b2a66e69ffe600106d5195fe338d585c842cf6672eb30e5ac8d5741d063f222b,255,worthless
last_name,v***,e03319b873870195329c3b2bcafe57bd6b443219f27bd065d62f4cca8504813f,198,worthless
last_name,v***,e6e5eb3031e4d6b8d96d21c6f4e3d1e8ab5811c16e668853e77b948bd516a77d,173,worthless
last_name,v***,16bc49a0c6d6700e7980c68a1053c6dae03161efbf6b9a65b1b4a7c7c96f8833,261,worthless
last_name,v***,bd800bd4e92fcde36adb424dbe33b10da368cbfc2d01fa42513c82cdfdd324a9,243,worthless
last_name,v***,8136da78ac48e60661efd9a7c5a1b2365b85368ffc40ed8cc0c1d5f8b5c81593,195,worthless
last_name,v***,87be8346889f88ba7bae34b7b10d80bf414e04290d92582e4105203af177f95c,186,worthless
last_name,v***,504952d6f932330a47a6aa194c8fc72b41aa264bd2f003335eed74ce86dd1597,211,worthless
last_name,v***,263e7bd79948b7e7071fca1872d1f31658171f550410c1813a3e1808d6794b3b,191,worthless
last_name,v***,f3edfa0d173c8c96c83cfe18806db3f017f2b729474eab8b4528e4b5f91212f9,191,worthless
last_name,v***,f3fe8d998dff60aba176e7bda0c42681d5aab3c44aace9275d027ed50c05ad68,216,worthless
last_name,v***,11871286482cf014d3df8191883432d373f500dfb36550b34e9457f1ce7c1290,209,worthless
last_name,v***,dfeb576d8dc22a307743f2a03d2fc900986c797f54afb20a218ea88dabb7f573,201,worthless
last_name,v***,0f9ccf33693c2100db9a91f23c01a51d37e0d7fdae648b66514b44da3604608c,201,worthless
last_name,v***,83a580ef9387caf8181bcfb191d8b32cbf1a34229dbfe98abf7ed6e1f98ce1b1,212,worthless
last_name,v***,0f866c6146dfd040d5167bd7d503880717775d97e8f773a2764df6b96c0a5287,225,worthless
last_name,v***,b35f8a8ffda87953d2cd419c7cc5df71c47a13c5df7ed9e200dadeff6642ad31,227,worthless
last_name,w***,b6fa5af57c176d99728a628737c44971d48f4bead008597e7a5455776d181a3c,214,worthless
last_name,w***,4c8487f9b67d2a20b9e1511cdcc28f54671b9b0171ea03389d8b233ed0bee734,210,worthless
last_name,w***,b836d7de4126317016ba914e82cad81e81cc24fc5a961af255d838b9374b8f2a,222,worthless
last_name,w***,3c652100aa327208586e6ec68a20f388abf36bf52e14770091b04b2e42e6710d,218,worthless
last_name,w***,be7270c03173e318aa69da8ebe4fd73266f285610065fe664422260c5ef81308,230,worthless
last_name,w***,6b45d4c7ce435ec3194fdd5fce678068e2fb591b85485345de492ad55d52b480,201,worthless
last_name,w***,5f1dea274d6961069ebcf80cde0fd194d50ffbd90573ff05109427867ed31ef5,226,worthless
last_name,w***,da6a0b02f6545ed3327bee23b34104cdc7ebea456321cf608943c448d0313514,199,worthless
last_name,w***,bb1a32720b8f276e6fe464ac2c8bb82f5bf292bb203274660b5af29bd6c079ed,229,worthless
last_name,w***,67756aa55b3be9ff75ef3a0876a187da36a6324c56a0c497cf89c4cbd42c88e0,242,worthless
last_name,w***,0e0ae7ac9043a422b43c70be1a90be32e626754b2aa1a92eaa6cb8b2e462e6ca,239,worthless
last_name,w***,e5653d44e19620f7f4df966a41ffc89705b1d0c1eecfaba0948fc1d308aa3039,212,worthless
last_name,w***,d8b67973604c14c4a197731c223b70722670a9372ee434a6eef6d5d4c4724b76,194,worthless
last_name,w***,085261d48c04c3dc368918a0c242f5685471b64560471a913a24a4ec65dc310a,222,worthless
last_name,w***,694d39a54065996a09280b738da4ab1554450d1aa03dea0f55602fad71fc5564,223,worthless
last_name,w***,4b7880e2e5da0754b557f61b22d775634d03733bc126aaedfaf845d7b4b74f09,223,worthless
last_name,w***,21ecccbe844c1d26b8da2b5c2299ffc3bda8b4ec06e3aadb7f5485eacf479248,214,worthless
last_name,w***,c6b885d1377bda1ebd8aeaa7b36b2e42a5182c7ed705a026b2031b3fc7203b8b,213,worthless
last_name,w***,27104f95e64924ef1cc0b995c9b2a1f8824de1335afa20a3cdb5f151b2c4fe86,201,worthless
last_name,w***,236b3a4d867e56bbe6d788552fd8180217314a311b6ccb1ef38f9806d029150d,201,worthless
last_name,w***,2d41a85bb57ecd9da1d7ebda7d1293142b6edadf7bbbe3b690a968abb6823a19,209,worthless
last_name,w***,547f11d6f8af2225f6f728d3e09a4f1dfa024721c6ef308baad46cf44b352fa3,230,worthless
last_name,w***,b5e34f3bf16a02a07aacad90633e4c175ef6a16bc9175f6a6dadf594d863516d,207,worthless
last_name,w***,d4a23ef3ce88f34c5f0df118cb970e67f7be7dc18567984eee3daded71374836,205,worthless
last_name,w***,cc8dcbe253c6e5bc1b608a37082fce7ea3ed5252fe419cbb4dabb3aa825a0d64,215,worthless
last_name,w***,653d1dc46654564087bd261b81c6f0b2226ce8924a64c82e52eb0fac63aa690c,206,worthless
last_name,w***,37e1c5969f6f0f7a412e5a96b76126d109af66fad7d2130a3bbf4ea4bdc7c4e5,224,worthless
last_name,w***,ed973f4aac41d035d01a846a3542730b226299d0f61b6ec4e3d6f30c80f3bbce,215,worthless
last_name,w***,91be853201bbdf173d1f78db193874168184aaae6fa6d1cc09f89161fa31de73,187,worthless
last_name,w***,a3f28ac6ad84023acc9513e3b94adcb0906d9b52d6e7c3e758a2b0df04b19a0a,234,worthless
last_name,x***,7619719904fcc99e3002ab16127841032471dd72fde19cda452db6b3074fc28b,208,worthless
last_name,x***,39b22c086057653cb6c6a6af5444d2ce7e4477947fcc707f0a667fc670280465,236,worthless
last_name,x***,c5cc87467b7c3fbb70b1bba1ecfbeb46b5f402ab57e1e4c6d7237051cb45a80d,229,worthless
last_name,x***,61fd3e756631d602514652dcfe2b5c5281602be535127aa0b91425f5cd7489df,228,worthless
last_name,x***,3fbd29f1f1d5bf137eb76c087491da121638df823066eb817177fe3ee9a7a27d,201,worthless
last_name,x***,ed43a9b701e5ff96ebc8c85b7a96ce36db68534acf1c4c3841dcc060a24d7e06,202,worthless
last_name,x***,5c0ca9e97697a46e63d3dd94886dd19682ddc40f0f1f72a6a10087897e88e38c,207,worthless
last_name,x***,f2d859f6cd04f2fbac9ddf8e1b29bd41afa3c9455782c37bb589bf5968f207d7,225,worthless
last_name,x***,6d2da0f4d6319befa38ebdfd3e8182d23aa463fff26e66aa076496f30d6a75bd,236,worthless
last_name,x***,a11f9ddadc9e6fb051bcf9c7bb6bb74e54c5dd1c4e2732bfa585fef44a72786c,187,worthless
last_name,x***,88a2c8ac1aedb9e74a2e0f3065c29297a4e8e3957cbc67d71bcf7c62b2add39f,195,worthless
last_name,x***,bf11806d09217138fcc1396340e1cbe0e98c5f1171d02106f524951275d8cc93,232,worthless
last_name,x***,cec84daef625c7922038d354e8daa9ef403d0650605992c634575807d35cde8c,208,worthless
last_name,x***,73f7a52293b4eef277666550326d4a421049f776b6f4247986fa8970e39db899,185,worthless
last_name,x***,23c8ebaddc415c9d3c7b5d5ea209159b97f39bcc9671f0b93f484ccafb04f0a5,203,worthless
last_name,x***,4a0f0805408d8e58dd3164c5aa891a6aeb0dc93af3bcfb894c2a106bb63be0f7,224,worthless
last_name,x***,6b98ef16f8ab65f126dfe98915580ff5d60cd2371478d758e5f77c2f4bd6ddb3,214,worthless
last_name,x***,149fe1075f991b69886dcc7233912448bf782851c874185b2c60e820248d7e07,197,worthless
last_name,x***,d51a2bb8f74ff5baa0c59501b732b338ac2ad25cc563f14b11ab1d02edc57aee,239,worthless
last_name,x***,11f2c7fa375a542e488685fbf2e74f6b11161d94bd505c21d77e33aa82823c34,247,worthless
last_name,x***,781b38170974ba87abfa11a6ff0f27a2568082eb3ab8d3b3e99a48e3a027d87f,191,worthless
last_name,x***,4e30c4c8f714d918e965d5c98148f7a93a5229207c64fe5655c11d8efa303d7e,202,worthless
last_name,x***,493f8aade64f784f6fd46e902445bb5c766d04df210bc9761265b969c1ca25ff,187,worthless
last_name,x***,faadb4251431d22850d6eb4b147c6e9728d5ad9a4fe78eaa2c0f3915cb491f49,210,worthless
last_name,x***,d3e43635e261770ffb056d2060f3ef8d8b5a675485031f3a5a31f355aa64c48a,195,worthless
last_name,x***,c1576703b30c7dde0c5e4fa0be4ed09c588dfa1eadd5fbd8d9452cd049cbcb20,215,worthless
last_name,x***,99985abe6a8e08f2d143d5a9125bba856fa8b6cc9d7020a136f88f06d406d5e9,203,worthless
last_name,x***,5bbbf2aaa424ffc3cbf226d10ca897b9e3740fe8f97612bbce9e6a18606e552b,230,worthless
last_name,x***,eff11620e7132304ad8e37ba8bbb638ccf4c98724273fe643910e6faef3b3de0,224,worthless
last_name,x***,8d98b97b0d08d972604ad332e113ab1d12b92225c127e7b68b9631afb6d6a8c2,228,worthless
last_name,y***,c98befa0b3da56132fbd00ec260fb80a7b299950387f6e764b454800c3b48944,241,worthless
last_name,y***,a6bdd5bd3b98686aa100d3938fcb35596e3dffc10eaa3d6d56961c0f38334d2b,186,worthless
last_name,y***,642d01e17fd27a9bea31e8b3899714740d6be1f3781c5b295b42b7a28b5ed3b8,193,worthless
last_name,y***,fdfa519b59cbfb2054fed26f4191a20378df584400c94c2eccdc8f7f143979ae,216,worthless
last_name,y***,15049d15019245b2e7ded4615eea563e3ab1e6d0580de81f7c515c2606469410,182,worthless
last_name,y***,005c9cfbab8db7b76e83ebd13c34b1493fad859b4e9b65d850d6a931573dd904,215,worthless
last_name,y***,283d73d62917d5fe985bac7113ee434087d2f973e5295de6d3089ccdefe3d103,247,worthless
last_name,y***,4fc776cbfa839feeb73df10d79f71271834f7d19c2d8a8a75e10d61562a4525e,238,worthless
last_name,y***,d79c63d1cba4dc1ea43c1853460ec05f69f5709b62838074131d88c45c540cb6,195,worthless
last_name,y***,fd42b6df3beff4ea7a0850ef82e7e24a6820297c112127900703379f28de1bb8,188,worthless
last_name,y***,8593d970b2d7f702c31eb2eee5687dfebe9f5fb00005e1aa721a9e903fa223cb,217,worthless
last_name,y***,d0ef975373170e88d5cee3f2c0af9c820a4cd0a54a815ce52444fcade61df754,209,worthless
last_name,y***,4002ef6e7c5d8a67c381209ee38428c36785ee9a95f8522bac418f03adf96b31,196,worthless
last_name,y***,bd15290ce95a78ffe1c3e6d76a747b129c564df38043b5cc6ac76b20784b1a94,191,worthless
last_name,y***,53fe75f7a5113ad6a16d8b41bcd47bb4b35e3a5a6ca0a5bac51136237b1f7b36,184,worthless
last_name,y***,cee7c2887cc6dae5992266d1997179edec5db7fdb198791c06d83045f7eedb4e,212,worthless
last_name,y***,7dd11d5a25bece45623127004f2ead78ca80ff9617342af80068c8f4b9e57bfa,214,worthless
last_name,y***,9c51611393619309f38eaa2364910d251d7c87234629b32d4784888534be3e08,190,worthless
last_name,y***,d890bc32dc5e57c642f4f5652584d7967cbd3f32fb24b38239c50a5b0051d406,235,worthless
last_name,y***,75f9fe686bdfb39ab2175302a9e395b80ec49f9f8bec57a37f56a806fc5d8be6,205,worthless
last_name,y***,21d89c1f58a4921578346edfa602e27aa37880a3c653dc790491dce8cedcea66,223,worthless
last_name,y***,249dc1c5786cf5527277319a231e1671018a6b4c0e3c4a63afc08b509678f733,215,worthless
last_name,y***,ce4e2c43b01ad6954cd209a4e76e074a8b5c19d77e3c758994f963df57087d43,202,worthless
last_name,y***,256774af0b36a668476a6ebaaebaa6bd7a0e643ddf0383091dc2acac9b56d447,227,worthless
last_name,y***,acaa0c7de73a8ec469688b89a76d6f4ad2d5c33f909b3890602e669d51d914ed,218,worthless
last_name,y***,b8603d5d1cee164a4e90602f5d9c59cbbfcde1a389da88d71c5957c58709c403,203,worthless
last_name,y***,6a084f206319b3a3746007fa8ae2641e7a3df9fb41367ff7b1c7b51be295b3ef,229,worthless
last_name,y***,cdc3a1033d67c29c2c88aecc986e032ddc41fcde279cbf876b89c909c1077726,231,worthless
last_name,y***,d84c68182baff079a9a493ee6a3ef19255417b4585b88301451eba59a9bd20dc,203,worthless
last_name,y***,9c3fa929c5f5ad0dfeceef0fd1e4c78fbbc9c56bcb57f2e78531cf598ce20cb6,206,worthless
last_name,z***,c55abc5e53a3dd2ff6252048708689b1b9e6051324fbbab8bdc8d1bb47ad773b,219,worthless
last_name,z***,d7c6d0ffd61dadfca8dee87456c3814bb3ff1f602e64b1497c5935f87b33ffe6,228,worthless
last_name,z***,819aa1f5fa184298dd3206b990df02cac12f0ba1a96c45855d6e8639f0791c6d,212,worthless
last_name,z***,64c21f529f71d6efc40d52aa6f60370fbc7f2edb4138007351106ab4f57d2efe,208,worthless
last_name,z***,de467787f127090390c910a09decafdfca01e58fe748886496b58c8b0c0ab8ef,212,worthless
last_name,z***,c274067ee8a2f18258fd72d0157168238cdfafa7ba383b7bbaa12a8aaf547827,200,worthless
last_name,z***,6aaa80776106dcc648cd606552cd92865366ac2999d773fe701f9e70baf0cd96,228,worthless
last_name,z***,00ba8e480a44e2c061bedc944698c6ef99c8103e70eff8431b273dca733110da,204,worthless
last_name,z***,4027d935cc3072fb7144bd6f3c9306b46e674210e32413f2afbc05fdc7b21ddc,210,worthless
last_name,z***,7281add2afb0ed8eaab6e1501b4caa7108d9c2d35f914043863d9cb5e6a11d85,219,worthless
last_name,z***,0e38b25d295e2993c60656b1d2a2a1e99c6c768c18f8d7584eae22b34a2d97f6,225,worthless
last_name,z***,5528e5c9cdc97689a2f9eeeda926614610f1c9ced9e6ac7ede392e9deb11b0fd,241,worthless
last_name,z***,abf4b3485b71692b34e4c1fddd8039f8c8b8f33e9d4e22e71767460ca69c54a5,241,worthless
last_name,z***,bd6ad9248b77e9370905888db6360d601ef0620f2f57af5366171301f98ca468,202,worthless
last_name,z***,ace648863efc8910bca46c827093d2150e23a159b2f34669f4ff2ca9136f14ae,205,worthless
last_name,z***,18b75157beb166d17fdeb41c72b49114b21dc77d46702468869cd4665c0493e2,204,worthless
last_name,z***,55c6be29cf3c8c595173a0edf927038118b063f85bcbaca06b0e3e6e8bcd7050,204,worthless
last_name,z***,a47d7a7ace65a10961c2d6996cdef0aaef595dbf85a02c6d455355618ce60c74,215,worthless
last_name,z***,336e38ac862049304ad5a39ce7bafe5e64ca4dc3776b7e6bc221286a77f9aa05,232,worthless
last_name,z***,71047849243b71948ee69ac71db2e992649b33fcb2b30c9412bd952036d466c6,214,worthless
last_name,z***,7105eab37aa1e8668ce6d9ac986fff74b8a3c10d87fe783877b06a74b9b694dc,202,worthless
last_name,z***,e126731e2d3766018933e5fd4f5531d33452a3e51bb780039fb576a6435ddc41,220,worthless
last_name,z***,152fc20a63b1fb649326dd402b548ef69c8d88cfdd2f94ffefdcde14fc48909e,206,worthless
last_name,z***,61765c6acf8f4f450d4eef771d3391fac3a3e1174089bce290f59c0a654dc397,222,worthless
last_name,z***,8b28922290459330e182641e0469bcd0766711b04c433268fec4788be39823f8,220,worthless
last_name,z***,7d27ae222d231ec46fa2e978b7226ca99d58b96a613fde233dd65006b4af0137,219,worthless
last_name,z***,ee3536ed828b3bb127360398790435808070d0346591a7d89872158f79a254f7,190,worthless
last_name,z***,503c86546314d221ebb759b5140e8f4fab8c337225ffc87116f7ccb1ec22b298,207,worthless
last_name,z***,8c4caf56868c8d2d0c5759a8bd26d5255da9a1bed32a66942bde6a1520f1df5e,221,worthless
last_name,z***,1b71f949e22d32fd7d2bb68a9358f31cd0a76f6ba3e439bc7d5554272bd06e2a,202,worthless
phone,********00,6b040bddb8fe0f58f2ccd541790996515ac8f141aa5df74637589bf16d33c30f,3000,worthless
